{
"type": "FeatureCollection",
"name": "transport_hubs",
"crs": { "type": "name", "properties": { "name": "urn:ogc:def:crs:OGC:1.3:CRS84" } },
"features": [
{ "type": "Feature", "properties": { "osmid": 30729987, "element": "node", "name": "Airport First", "hub_type": "bus", "hub_scale": "stop", "amenity": null, "railway": null, "public_transport": "platform", "highway": "bus_stop", "aeroway": null, "building": null, "operator": "Metro Mass Transport", "network": null, "centroid_lat": 5.6064531, "centroid_lon": -0.1773089 }, "geometry": { "type": "Point", "coordinates": [ -0.1773089, 5.6064531 ] } },
{ "type": "Feature", "properties": { "osmid": 30730108, "element": "node", "name": "Home Touch", "hub_type": "bus", "hub_scale": "stop", "amenity": null, "railway": null, "public_transport": "platform", "highway": "bus_stop", "aeroway": null, "building": null, "operator": null, "network": null, "centroid_lat": 5.587401, "centroid_lon": -0.1675613 }, "geometry": { "type": "Point", "coordinates": [ -0.1675613, 5.587401 ] } },
{ "type": "Feature", "properties": { "osmid": 30778854, "element": "node", "name": "Roman Ridge 2nd", "hub_type": "bus", "hub_scale": "stop", "amenity": null, "railway": null, "public_transport": "platform", "highway": "bus_stop", "aeroway": null, "building": null, "operator": null, "network": null, "centroid_lat": 5.601804, "centroid_lon": -0.198887 }, "geometry": { "type": "Point", "coordinates": [ -0.198887, 5.601804 ] } },
{ "type": "Feature", "properties": { "osmid": 107763877, "element": "node", "name": null, "hub_type": "bus", "hub_scale": "stop", "amenity": null, "railway": null, "public_transport": "stop_position", "highway": null, "aeroway": null, "building": null, "operator": null, "network": null, "centroid_lat": 5.5597176, "centroid_lon": -0.1581115 }, "geometry": { "type": "Point", "coordinates": [ -0.1581115, 5.5597176 ] } },
{ "type": "Feature", "properties": { "osmid": 110108731, "element": "node", "name": null, "hub_type": "bus", "hub_scale": "stop", "amenity": null, "railway": null, "public_transport": "stop_position", "highway": null, "aeroway": null, "building": null, "operator": null, "network": null, "centroid_lat": 5.6152057, "centroid_lon": -0.2293608 }, "geometry": { "type": "Point", "coordinates": [ -0.2293608, 5.6152057 ] } },
{ "type": "Feature", "properties": { "osmid": 110108733, "element": "node", "name": null, "hub_type": "bus", "hub_scale": "stop", "amenity": null, "railway": null, "public_transport": "stop_position", "highway": null, "aeroway": null, "building": null, "operator": null, "network": null, "centroid_lat": 5.6154693, "centroid_lon": -0.2294239 }, "geometry": { "type": "Point", "coordinates": [ -0.2294239, 5.6154693 ] } },
{ "type": "Feature", "properties": { "osmid": 116029786, "element": "node", "name": null, "hub_type": "bus", "hub_scale": "stop", "amenity": null, "railway": null, "public_transport": "stop_position", "highway": null, "aeroway": null, "building": null, "operator": null, "network": null, "centroid_lat": 5.5714727, "centroid_lon": -0.2721871 }, "geometry": { "type": "Point", "coordinates": [ -0.2721871, 5.5714727 ] } },
{ "type": "Feature", "properties": { "osmid": 120363907, "element": "node", "name": null, "hub_type": "bus", "hub_scale": "stop", "amenity": null, "railway": null, "public_transport": "stop_position", "highway": null, "aeroway": null, "building": null, "operator": null, "network": null, "centroid_lat": 5.5647161, "centroid_lon": -0.1994202 }, "geometry": { "type": "Point", "coordinates": [ -0.1994202, 5.5647161 ] } },
{ "type": "Feature", "properties": { "osmid": 122581341, "element": "node", "name": null, "hub_type": "bus", "hub_scale": "stop", "amenity": null, "railway": null, "public_transport": "stop_position", "highway": null, "aeroway": null, "building": null, "operator": null, "network": null, "centroid_lat": 5.6418398, "centroid_lon": -0.1673175 }, "geometry": { "type": "Point", "coordinates": [ -0.1673175, 5.6418398 ] } },
{ "type": "Feature", "properties": { "osmid": 124377660, "element": "node", "name": null, "hub_type": "bus", "hub_scale": "stop", "amenity": null, "railway": null, "public_transport": "stop_position", "highway": null, "aeroway": null, "building": null, "operator": null, "network": null, "centroid_lat": 5.549969, "centroid_lon": -0.1996568 }, "geometry": { "type": "Point", "coordinates": [ -0.1996568, 5.549969 ] } },
{ "type": "Feature", "properties": { "osmid": 126135375, "element": "node", "name": null, "hub_type": "bus", "hub_scale": "stop", "amenity": null, "railway": null, "public_transport": "stop_position", "highway": null, "aeroway": null, "building": null, "operator": null, "network": null, "centroid_lat": 5.5419177, "centroid_lon": -0.2098071 }, "geometry": { "type": "Point", "coordinates": [ -0.2098071, 5.5419177 ] } },
{ "type": "Feature", "properties": { "osmid": 128157784, "element": "node", "name": null, "hub_type": "bus", "hub_scale": "stop", "amenity": null, "railway": null, "public_transport": "stop_position", "highway": null, "aeroway": null, "building": null, "operator": null, "network": null, "centroid_lat": 5.5568432, "centroid_lon": -0.2401012 }, "geometry": { "type": "Point", "coordinates": [ -0.2401012, 5.5568432 ] } },
{ "type": "Feature", "properties": { "osmid": 130237477, "element": "node", "name": null, "hub_type": "bus", "hub_scale": "stop", "amenity": null, "railway": null, "public_transport": "stop_position", "highway": null, "aeroway": null, "building": null, "operator": null, "network": null, "centroid_lat": 5.5548064, "centroid_lon": -0.2254779 }, "geometry": { "type": "Point", "coordinates": [ -0.2254779, 5.5548064 ] } },
{ "type": "Feature", "properties": { "osmid": 130238582, "element": "node", "name": null, "hub_type": "bus", "hub_scale": "stop", "amenity": null, "railway": null, "public_transport": "stop_position", "highway": null, "aeroway": null, "building": null, "operator": null, "network": null, "centroid_lat": 5.5853884, "centroid_lon": -0.2317731 }, "geometry": { "type": "Point", "coordinates": [ -0.2317731, 5.5853884 ] } },
{ "type": "Feature", "properties": { "osmid": 133027073, "element": "node", "name": "Baatsona", "hub_type": "bus", "hub_scale": "stop", "amenity": null, "railway": "stop", "public_transport": "stop_position", "highway": null, "aeroway": null, "building": null, "operator": null, "network": null, "centroid_lat": 5.6197201, "centroid_lon": -0.1196762 }, "geometry": { "type": "Point", "coordinates": [ -0.1196762, 5.6197201 ] } },
{ "type": "Feature", "properties": { "osmid": 325661730, "element": "node", "name": null, "hub_type": "bus", "hub_scale": "stop", "amenity": null, "railway": null, "public_transport": "stop_position", "highway": null, "aeroway": null, "building": null, "operator": null, "network": null, "centroid_lat": 5.5632474, "centroid_lon": -0.2731478 }, "geometry": { "type": "Point", "coordinates": [ -0.2731478, 5.5632474 ] } },
{ "type": "Feature", "properties": { "osmid": 325661742, "element": "node", "name": null, "hub_type": "bus", "hub_scale": "stop", "amenity": null, "railway": null, "public_transport": "stop_position", "highway": null, "aeroway": null, "building": null, "operator": null, "network": null, "centroid_lat": 5.5618984, "centroid_lon": -0.2728351 }, "geometry": { "type": "Point", "coordinates": [ -0.2728351, 5.5618984 ] } },
{ "type": "Feature", "properties": { "osmid": 326409379, "element": "node", "name": null, "hub_type": "bus", "hub_scale": "stop", "amenity": null, "railway": null, "public_transport": "stop_position", "highway": null, "aeroway": null, "building": null, "operator": null, "network": null, "centroid_lat": 5.6384026, "centroid_lon": -0.1502787 }, "geometry": { "type": "Point", "coordinates": [ -0.1502787, 5.6384026 ] } },
{ "type": "Feature", "properties": { "osmid": 326931533, "element": "node", "name": null, "hub_type": "bus", "hub_scale": "stop", "amenity": null, "railway": null, "public_transport": "stop_position", "highway": null, "aeroway": null, "building": null, "operator": null, "network": null, "centroid_lat": 5.5851131, "centroid_lon": -0.2363298 }, "geometry": { "type": "Point", "coordinates": [ -0.2363298, 5.5851131 ] } },
{ "type": "Feature", "properties": { "osmid": 326948249, "element": "node", "name": null, "hub_type": "bus", "hub_scale": "stop", "amenity": null, "railway": null, "public_transport": "stop_position", "highway": null, "aeroway": null, "building": null, "operator": null, "network": null, "centroid_lat": 5.6080329, "centroid_lon": -0.2461275 }, "geometry": { "type": "Point", "coordinates": [ -0.2461275, 5.6080329 ] } },
{ "type": "Feature", "properties": { "osmid": 534444849, "element": "node", "name": null, "hub_type": "bus", "hub_scale": "stop", "amenity": null, "railway": null, "public_transport": "stop_position", "highway": null, "aeroway": null, "building": null, "operator": null, "network": null, "centroid_lat": 5.6143447, "centroid_lon": -0.2402066 }, "geometry": { "type": "Point", "coordinates": [ -0.2402066, 5.6143447 ] } },
{ "type": "Feature", "properties": { "osmid": 534922180, "element": "node", "name": null, "hub_type": "bus", "hub_scale": "stop", "amenity": null, "railway": null, "public_transport": "stop_position", "highway": null, "aeroway": null, "building": null, "operator": null, "network": null, "centroid_lat": 5.6068688, "centroid_lon": -0.2497497 }, "geometry": { "type": "Point", "coordinates": [ -0.2497497, 5.6068688 ] } },
{ "type": "Feature", "properties": { "osmid": 544363036, "element": "node", "name": null, "hub_type": "bus", "hub_scale": "stop", "amenity": null, "railway": null, "public_transport": "stop_position", "highway": null, "aeroway": null, "building": null, "operator": null, "network": null, "centroid_lat": 5.6058569, "centroid_lon": -0.2494119 }, "geometry": { "type": "Point", "coordinates": [ -0.2494119, 5.6058569 ] } },
{ "type": "Feature", "properties": { "osmid": 550413824, "element": "node", "name": null, "hub_type": "bus", "hub_scale": "stop", "amenity": null, "railway": null, "public_transport": "stop_position", "highway": null, "aeroway": null, "building": null, "operator": null, "network": null, "centroid_lat": 5.5947056, "centroid_lon": -0.240322 }, "geometry": { "type": "Point", "coordinates": [ -0.240322, 5.5947056 ] } },
{ "type": "Feature", "properties": { "osmid": 1215470107, "element": "node", "name": null, "hub_type": "bus", "hub_scale": "stop", "amenity": null, "railway": null, "public_transport": "stop_position", "highway": null, "aeroway": null, "building": null, "operator": null, "network": null, "centroid_lat": 5.5599096, "centroid_lon": -0.15812 }, "geometry": { "type": "Point", "coordinates": [ -0.15812, 5.5599096 ] } },
{ "type": "Feature", "properties": { "osmid": 1375249822, "element": "node", "name": "Accra", "hub_type": "rail", "hub_scale": "interchange", "amenity": null, "railway": "station", "public_transport": "station", "highway": null, "aeroway": null, "building": null, "operator": null, "network": null, "centroid_lat": 5.5489157, "centroid_lon": -0.2110196 }, "geometry": { "type": "Point", "coordinates": [ -0.2110196, 5.5489157 ] } },
{ "type": "Feature", "properties": { "osmid": 1611124261, "element": "node", "name": null, "hub_type": "bus", "hub_scale": "stop", "amenity": null, "railway": null, "public_transport": "stop_position", "highway": null, "aeroway": null, "building": null, "operator": null, "network": null, "centroid_lat": 5.5486661, "centroid_lon": -0.2010863 }, "geometry": { "type": "Point", "coordinates": [ -0.2010863, 5.5486661 ] } },
{ "type": "Feature", "properties": { "osmid": 1840170014, "element": "node", "name": null, "hub_type": "bus", "hub_scale": "stop", "amenity": null, "railway": null, "public_transport": "stop_position", "highway": null, "aeroway": null, "building": null, "operator": null, "network": null, "centroid_lat": 5.6208252, "centroid_lon": -0.2259642 }, "geometry": { "type": "Point", "coordinates": [ -0.2259642, 5.6208252 ] } },
{ "type": "Feature", "properties": { "osmid": 2026403679, "element": "node", "name": "Agege Last Stop", "hub_type": "bus", "hub_scale": "stop", "amenity": null, "railway": null, "public_transport": "platform", "highway": "bus_stop", "aeroway": null, "building": null, "operator": null, "network": null, "centroid_lat": 5.5293198, "centroid_lon": -0.2639939 }, "geometry": { "type": "Point", "coordinates": [ -0.2639939, 5.5293198 ] } },
{ "type": "Feature", "properties": { "osmid": 2026403681, "element": "node", "name": "Dansoman Last Stop", "hub_type": "bus", "hub_scale": "stop", "amenity": null, "railway": null, "public_transport": "platform", "highway": "bus_stop", "aeroway": null, "building": null, "operator": null, "network": null, "centroid_lat": 5.529988, "centroid_lon": -0.2652064 }, "geometry": { "type": "Point", "coordinates": [ -0.2652064, 5.529988 ] } },
{ "type": "Feature", "properties": { "osmid": 2151944574, "element": "node", "name": "La Main Lorry Station", "hub_type": "bus", "hub_scale": "interchange", "amenity": "bus_station", "railway": null, "public_transport": null, "highway": null, "aeroway": null, "building": null, "operator": null, "network": null, "centroid_lat": 5.5594713, "centroid_lon": -0.1584786 }, "geometry": { "type": "Point", "coordinates": [ -0.1584786, 5.5594713 ] } },
{ "type": "Feature", "properties": { "osmid": 2206414632, "element": "node", "name": null, "hub_type": "bus", "hub_scale": "stop", "amenity": null, "railway": null, "public_transport": "stop_position", "highway": null, "aeroway": null, "building": null, "operator": null, "network": null, "centroid_lat": 5.5904036, "centroid_lon": -0.2469162 }, "geometry": { "type": "Point", "coordinates": [ -0.2469162, 5.5904036 ] } },
{ "type": "Feature", "properties": { "osmid": 2265820129, "element": "node", "name": null, "hub_type": "bus", "hub_scale": "stop", "amenity": null, "railway": null, "public_transport": "stop_position", "highway": null, "aeroway": null, "building": null, "operator": null, "network": null, "centroid_lat": 5.6073114, "centroid_lon": -0.2470146 }, "geometry": { "type": "Point", "coordinates": [ -0.2470146, 5.6073114 ] } },
{ "type": "Feature", "properties": { "osmid": 2265820130, "element": "node", "name": null, "hub_type": "bus", "hub_scale": "stop", "amenity": null, "railway": null, "public_transport": "stop_position", "highway": null, "aeroway": null, "building": null, "operator": null, "network": null, "centroid_lat": 5.607246, "centroid_lon": -0.2481514 }, "geometry": { "type": "Point", "coordinates": [ -0.2481514, 5.607246 ] } },
{ "type": "Feature", "properties": { "osmid": 2581150583, "element": "node", "name": "Shiashie", "hub_type": "bus", "hub_scale": "stop", "amenity": null, "railway": null, "public_transport": "platform", "highway": "bus_stop", "aeroway": null, "building": null, "operator": null, "network": null, "centroid_lat": 5.6276839, "centroid_lon": -0.1764355 }, "geometry": { "type": "Point", "coordinates": [ -0.1764355, 5.6276839 ] } },
{ "type": "Feature", "properties": { "osmid": 2581150584, "element": "node", "name": "Shiashi Taxi Station", "hub_type": "taxi", "hub_scale": "interchange", "amenity": "taxi", "railway": null, "public_transport": null, "highway": null, "aeroway": null, "building": null, "operator": null, "network": null, "centroid_lat": 5.6273147, "centroid_lon": -0.1758888 }, "geometry": { "type": "Point", "coordinates": [ -0.1758888, 5.6273147 ] } },
{ "type": "Feature", "properties": { "osmid": 2584775101, "element": "node", "name": "Mobil / Kanda Overhead", "hub_type": "bus", "hub_scale": "stop", "amenity": null, "railway": null, "public_transport": "platform", "highway": "bus_stop", "aeroway": null, "building": null, "operator": null, "network": null, "centroid_lat": 5.5738018, "centroid_lon": -0.1975096 }, "geometry": { "type": "Point", "coordinates": [ -0.1975096, 5.5738018 ] } },
{ "type": "Feature", "properties": { "osmid": 2615154889, "element": "node", "name": null, "hub_type": "bus", "hub_scale": "stop", "amenity": null, "railway": null, "public_transport": "stop_position", "highway": null, "aeroway": null, "building": null, "operator": null, "network": null, "centroid_lat": 5.5577047, "centroid_lon": -0.2079571 }, "geometry": { "type": "Point", "coordinates": [ -0.2079571, 5.5577047 ] } },
{ "type": "Feature", "properties": { "osmid": 2615154913, "element": "node", "name": null, "hub_type": "bus", "hub_scale": "stop", "amenity": null, "railway": null, "public_transport": "stop_position", "highway": null, "aeroway": null, "building": null, "operator": null, "network": null, "centroid_lat": 5.5676491, "centroid_lon": -0.217178 }, "geometry": { "type": "Point", "coordinates": [ -0.217178, 5.5676491 ] } },
{ "type": "Feature", "properties": { "osmid": 2619123426, "element": "node", "name": null, "hub_type": "bus", "hub_scale": "stop", "amenity": null, "railway": null, "public_transport": "stop_position", "highway": null, "aeroway": null, "building": null, "operator": null, "network": null, "centroid_lat": 5.5498663, "centroid_lon": -0.2163767 }, "geometry": { "type": "Point", "coordinates": [ -0.2163767, 5.5498663 ] } },
{ "type": "Feature", "properties": { "osmid": 2619123437, "element": "node", "name": null, "hub_type": "bus", "hub_scale": "stop", "amenity": null, "railway": null, "public_transport": "stop_position", "highway": null, "aeroway": null, "building": null, "operator": null, "network": null, "centroid_lat": 5.5514854, "centroid_lon": -0.2195479 }, "geometry": { "type": "Point", "coordinates": [ -0.2195479, 5.5514854 ] } },
{ "type": "Feature", "properties": { "osmid": 2781822660, "element": "node", "name": null, "hub_type": "bus", "hub_scale": "stop", "amenity": null, "railway": null, "public_transport": "stop_position", "highway": null, "aeroway": null, "building": null, "operator": null, "network": null, "centroid_lat": 5.5940727, "centroid_lon": -0.1947294 }, "geometry": { "type": "Point", "coordinates": [ -0.1947294, 5.5940727 ] } },
{ "type": "Feature", "properties": { "osmid": 2815303473, "element": "node", "name": "Banana Inn", "hub_type": "bus", "hub_scale": "interchange", "amenity": "bus_station", "railway": null, "public_transport": "station", "highway": null, "aeroway": null, "building": null, "operator": null, "network": null, "centroid_lat": 5.5643203, "centroid_lon": -0.2362276 }, "geometry": { "type": "Point", "coordinates": [ -0.2362276, 5.5643203 ] } },
{ "type": "Feature", "properties": { "osmid": 2815311887, "element": "node", "name": "Takoradi Station", "hub_type": "taxi", "hub_scale": "interchange", "amenity": "taxi", "railway": null, "public_transport": null, "highway": null, "aeroway": null, "building": null, "operator": null, "network": null, "centroid_lat": 5.5648374, "centroid_lon": -0.2370802 }, "geometry": { "type": "Point", "coordinates": [ -0.2370802, 5.5648374 ] } },
{ "type": "Feature", "properties": { "osmid": 2815311888, "element": "node", "name": "Takoradi Station", "hub_type": "bus", "hub_scale": "interchange", "amenity": "bus_station", "railway": null, "public_transport": "station", "highway": null, "aeroway": null, "building": null, "operator": null, "network": null, "centroid_lat": 5.5652982, "centroid_lon": -0.2367868 }, "geometry": { "type": "Point", "coordinates": [ -0.2367868, 5.5652982 ] } },
{ "type": "Feature", "properties": { "osmid": 2815317517, "element": "node", "name": "Dansoman Station", "hub_type": "bus", "hub_scale": "interchange", "amenity": "bus_station", "railway": null, "public_transport": "station", "highway": null, "aeroway": null, "building": null, "operator": null, "network": null, "centroid_lat": 5.5640112, "centroid_lon": -0.2380686 }, "geometry": { "type": "Point", "coordinates": [ -0.2380686, 5.5640112 ] } },
{ "type": "Feature", "properties": { "osmid": 2815320007, "element": "node", "name": "Korlebu Station", "hub_type": "bus", "hub_scale": "interchange", "amenity": "bus_station", "railway": null, "public_transport": "station", "highway": null, "aeroway": null, "building": null, "operator": null, "network": null, "centroid_lat": 5.5640056, "centroid_lon": -0.2359508 }, "geometry": { "type": "Point", "coordinates": [ -0.2359508, 5.5640056 ] } },
{ "type": "Feature", "properties": { "osmid": 2815791263, "element": "node", "name": "Nyamekye", "hub_type": "bus", "hub_scale": "stop", "amenity": null, "railway": null, "public_transport": "platform", "highway": "bus_stop", "aeroway": null, "building": null, "operator": null, "network": null, "centroid_lat": 5.6028962, "centroid_lon": -0.256375 }, "geometry": { "type": "Point", "coordinates": [ -0.256375, 5.6028962 ] } },
{ "type": "Feature", "properties": { "osmid": 2917271600, "element": "node", "name": "Tesano", "hub_type": "bus", "hub_scale": "stop", "amenity": null, "railway": null, "public_transport": "platform", "highway": "bus_stop", "aeroway": null, "building": null, "operator": null, "network": null, "centroid_lat": 5.604561, "centroid_lon": -0.2259544 }, "geometry": { "type": "Point", "coordinates": [ -0.2259544, 5.604561 ] } },
{ "type": "Feature", "properties": { "osmid": 2917277220, "element": "node", "name": "Abofu", "hub_type": "bus", "hub_scale": "stop", "amenity": null, "railway": null, "public_transport": "platform", "highway": "bus_stop", "aeroway": null, "building": null, "operator": null, "network": null, "centroid_lat": 5.6139906, "centroid_lon": -0.2229509 }, "geometry": { "type": "Point", "coordinates": [ -0.2229509, 5.6139906 ] } },
{ "type": "Feature", "properties": { "osmid": 2917277221, "element": "node", "name": "Abofu", "hub_type": "bus", "hub_scale": "stop", "amenity": null, "railway": null, "public_transport": "platform", "highway": "bus_stop", "aeroway": null, "building": null, "operator": null, "network": null, "centroid_lat": 5.613729, "centroid_lon": -0.2228677 }, "geometry": { "type": "Point", "coordinates": [ -0.2228677, 5.613729 ] } },
{ "type": "Feature", "properties": { "osmid": 2961496543, "element": "node", "name": "Tesano", "hub_type": "bus", "hub_scale": "stop", "amenity": null, "railway": null, "public_transport": "platform", "highway": "bus_stop", "aeroway": null, "building": null, "operator": null, "network": null, "centroid_lat": 5.6041936, "centroid_lon": -0.2256592 }, "geometry": { "type": "Point", "coordinates": [ -0.2256592, 5.6041936 ] } },
{ "type": "Feature", "properties": { "osmid": 2961513337, "element": "node", "name": "Labone", "hub_type": "bus", "hub_scale": "stop", "amenity": null, "railway": null, "public_transport": "platform", "highway": "bus_stop", "aeroway": null, "building": null, "operator": null, "network": null, "centroid_lat": 5.5621452, "centroid_lon": -0.1725142 }, "geometry": { "type": "Point", "coordinates": [ -0.1725142, 5.5621452 ] } },
{ "type": "Feature", "properties": { "osmid": 2961513338, "element": "node", "name": "Labone", "hub_type": "bus", "hub_scale": "stop", "amenity": null, "railway": null, "public_transport": "platform", "highway": "bus_stop", "aeroway": null, "building": null, "operator": null, "network": null, "centroid_lat": 5.5629928, "centroid_lon": -0.1735575 }, "geometry": { "type": "Point", "coordinates": [ -0.1735575, 5.5629928 ] } },
{ "type": "Feature", "properties": { "osmid": 2968610393, "element": "node", "name": "Supply Bus Stop", "hub_type": "bus", "hub_scale": "stop", "amenity": null, "railway": null, "public_transport": "platform", "highway": "bus_stop", "aeroway": null, "building": null, "operator": null, "network": null, "centroid_lat": 5.5904487, "centroid_lon": -0.1569622 }, "geometry": { "type": "Point", "coordinates": [ -0.1569622, 5.5904487 ] } },
{ "type": "Feature", "properties": { "osmid": 3045917870, "element": "node", "name": "Accra Mall Roundabout", "hub_type": "bus", "hub_scale": "stop", "amenity": null, "railway": null, "public_transport": "platform", "highway": "bus_stop", "aeroway": null, "building": null, "operator": null, "network": null, "centroid_lat": 5.6220398, "centroid_lon": -0.1747326 }, "geometry": { "type": "Point", "coordinates": [ -0.1747326, 5.6220398 ] } },
{ "type": "Feature", "properties": { "osmid": 3045917876, "element": "node", "name": "Accra Mall", "hub_type": "bus", "hub_scale": "stop", "amenity": null, "railway": null, "public_transport": "platform", "highway": "bus_stop", "aeroway": null, "building": null, "operator": null, "network": null, "centroid_lat": 5.6227677, "centroid_lon": -0.1740477 }, "geometry": { "type": "Point", "coordinates": [ -0.1740477, 5.6227677 ] } },
{ "type": "Feature", "properties": { "osmid": 3073421167, "element": "node", "name": "Dzorwulu Junction", "hub_type": "bus", "hub_scale": "stop", "amenity": null, "railway": null, "public_transport": "platform", "highway": "bus_stop", "aeroway": null, "building": null, "operator": null, "network": null, "centroid_lat": 5.6173445, "centroid_lon": -0.1944473 }, "geometry": { "type": "Point", "coordinates": [ -0.1944473, 5.6173445 ] } },
{ "type": "Feature", "properties": { "osmid": 3095484237, "element": "node", "name": "Tudu Station", "hub_type": "bus", "hub_scale": "interchange", "amenity": "bus_station", "railway": null, "public_transport": "station", "highway": null, "aeroway": null, "building": null, "operator": null, "network": null, "centroid_lat": 5.5445757, "centroid_lon": -0.2048335 }, "geometry": { "type": "Point", "coordinates": [ -0.2048335, 5.5445757 ] } },
{ "type": "Feature", "properties": { "osmid": 3109289830, "element": "node", "name": "Odorna", "hub_type": "bus", "hub_scale": "stop", "amenity": null, "railway": null, "public_transport": "platform", "highway": "bus_stop", "aeroway": null, "building": null, "operator": null, "network": null, "centroid_lat": 5.5673255, "centroid_lon": -0.2173233 }, "geometry": { "type": "Point", "coordinates": [ -0.2173233, 5.5673255 ] } },
{ "type": "Feature", "properties": { "osmid": 3109291911, "element": "node", "name": "Circle", "hub_type": "bus", "hub_scale": "stop", "amenity": null, "railway": null, "public_transport": "platform", "highway": "bus_stop", "aeroway": null, "building": null, "operator": null, "network": null, "centroid_lat": 5.569608, "centroid_lon": -0.2132665 }, "geometry": { "type": "Point", "coordinates": [ -0.2132665, 5.569608 ] } },
{ "type": "Feature", "properties": { "osmid": 3133741256, "element": "node", "name": "Bawaleshie Second", "hub_type": "bus", "hub_scale": "stop", "amenity": null, "railway": null, "public_transport": "platform", "highway": "bus_stop", "aeroway": null, "building": null, "operator": null, "network": null, "centroid_lat": 5.6420983, "centroid_lon": -0.164944 }, "geometry": { "type": "Point", "coordinates": [ -0.164944, 5.6420983 ] } },
{ "type": "Feature", "properties": { "osmid": 3137754354, "element": "node", "name": "Tarkwa Ford Station", "hub_type": "bus", "hub_scale": "interchange", "amenity": "bus_station", "railway": null, "public_transport": "station", "highway": null, "aeroway": null, "building": null, "operator": null, "network": null, "centroid_lat": 5.5650574, "centroid_lon": -0.2351681 }, "geometry": { "type": "Point", "coordinates": [ -0.2351681, 5.5650574 ] } },
{ "type": "Feature", "properties": { "osmid": 3154321446, "element": "node", "name": "Tabora Number 1", "hub_type": "bus", "hub_scale": "stop", "amenity": null, "railway": null, "public_transport": "platform", "highway": "bus_stop", "aeroway": null, "building": null, "operator": null, "network": null, "centroid_lat": 5.6037223, "centroid_lon": -0.2578491 }, "geometry": { "type": "Point", "coordinates": [ -0.2578491, 5.6037223 ] } },
{ "type": "Feature", "properties": { "osmid": 3154413216, "element": "node", "name": null, "hub_type": "bus", "hub_scale": "stop", "amenity": null, "railway": null, "public_transport": "stop_position", "highway": null, "aeroway": null, "building": null, "operator": null, "network": null, "centroid_lat": 5.6095283, "centroid_lon": -0.2471273 }, "geometry": { "type": "Point", "coordinates": [ -0.2471273, 5.6095283 ] } },
{ "type": "Feature", "properties": { "osmid": 3154416434, "element": "node", "name": "Darkuman / Odorkor / Off Town Station", "hub_type": "bus", "hub_scale": "interchange", "amenity": "bus_station", "railway": null, "public_transport": "station", "highway": null, "aeroway": null, "building": null, "operator": null, "network": null, "centroid_lat": 5.6059303, "centroid_lon": -0.2493991 }, "geometry": { "type": "Point", "coordinates": [ -0.2493991, 5.6059303 ] } },
{ "type": "Feature", "properties": { "osmid": 3154423237, "element": "node", "name": null, "hub_type": "bus", "hub_scale": "interchange", "amenity": "bus_station", "railway": null, "public_transport": "station", "highway": null, "aeroway": null, "building": null, "operator": null, "network": null, "centroid_lat": 5.6079731, "centroid_lon": -0.2464947 }, "geometry": { "type": "Point", "coordinates": [ -0.2464947, 5.6079731 ] } },
{ "type": "Feature", "properties": { "osmid": 3154428908, "element": "node", "name": "Abrantie", "hub_type": "bus", "hub_scale": "stop", "amenity": null, "railway": null, "public_transport": "platform", "highway": "bus_stop", "aeroway": null, "building": null, "operator": null, "network": null, "centroid_lat": 5.6052237, "centroid_lon": -0.2516826 }, "geometry": { "type": "Point", "coordinates": [ -0.2516826, 5.6052237 ] } },
{ "type": "Feature", "properties": { "osmid": 3154429400, "element": "node", "name": null, "hub_type": "bus", "hub_scale": "interchange", "amenity": "bus_station", "railway": null, "public_transport": "station", "highway": null, "aeroway": null, "building": null, "operator": null, "network": null, "centroid_lat": 5.6068069, "centroid_lon": -0.2496745 }, "geometry": { "type": "Point", "coordinates": [ -0.2496745, 5.6068069 ] } },
{ "type": "Feature", "properties": { "osmid": 3154441074, "element": "node", "name": "Mampong", "hub_type": "bus", "hub_scale": "stop", "amenity": null, "railway": null, "public_transport": "platform", "highway": "bus_stop", "aeroway": null, "building": null, "operator": null, "network": null, "centroid_lat": 5.6015887, "centroid_lon": -0.2559185 }, "geometry": { "type": "Point", "coordinates": [ -0.2559185, 5.6015887 ] } },
{ "type": "Feature", "properties": { "osmid": 3154450964, "element": "node", "name": "Mampong", "hub_type": "bus", "hub_scale": "stop", "amenity": null, "railway": null, "public_transport": "platform", "highway": "bus_stop", "aeroway": null, "building": null, "operator": null, "network": null, "centroid_lat": 5.6006069, "centroid_lon": -0.2554957 }, "geometry": { "type": "Point", "coordinates": [ -0.2554957, 5.6006069 ] } },
{ "type": "Feature", "properties": { "osmid": 3210498662, "element": "node", "name": "Villas", "hub_type": "bus", "hub_scale": "stop", "amenity": null, "railway": null, "public_transport": "platform", "highway": "bus_stop", "aeroway": null, "building": null, "operator": null, "network": null, "centroid_lat": 5.5791002, "centroid_lon": -0.155464 }, "geometry": { "type": "Point", "coordinates": [ -0.155464, 5.5791002 ] } },
{ "type": "Feature", "properties": { "osmid": 3462084088, "element": "node", "name": "High Tension", "hub_type": "bus", "hub_scale": "stop", "amenity": null, "railway": null, "public_transport": "platform", "highway": "bus_stop", "aeroway": null, "building": null, "operator": null, "network": null, "centroid_lat": 5.6434962, "centroid_lon": -0.1700242 }, "geometry": { "type": "Point", "coordinates": [ -0.1700242, 5.6434962 ] } },
{ "type": "Feature", "properties": { "osmid": 3621763485, "element": "node", "name": "Olla Balm Station", "hub_type": "bus", "hub_scale": "interchange", "amenity": "bus_station", "railway": null, "public_transport": null, "highway": null, "aeroway": null, "building": null, "operator": null, "network": null, "centroid_lat": 5.5755793, "centroid_lon": -0.2382096 }, "geometry": { "type": "Point", "coordinates": [ -0.2382096, 5.5755793 ] } },
{ "type": "Feature", "properties": { "osmid": 3621763710, "element": "node", "name": null, "hub_type": "bus", "hub_scale": "interchange", "amenity": "bus_station", "railway": null, "public_transport": null, "highway": null, "aeroway": null, "building": null, "operator": null, "network": null, "centroid_lat": 5.5803983, "centroid_lon": -0.2398299 }, "geometry": { "type": "Point", "coordinates": [ -0.2398299, 5.5803983 ] } },
{ "type": "Feature", "properties": { "osmid": 3914593751, "element": "node", "name": "Metro Mass Transport Terminal", "hub_type": "bus", "hub_scale": "interchange", "amenity": "bus_station", "railway": null, "public_transport": null, "highway": null, "aeroway": null, "building": null, "operator": null, "network": null, "centroid_lat": 5.5476561, "centroid_lon": -0.2104909 }, "geometry": { "type": "Point", "coordinates": [ -0.2104909, 5.5476561 ] } },
{ "type": "Feature", "properties": { "osmid": 3914594125, "element": "node", "name": null, "hub_type": "bus", "hub_scale": "stop", "amenity": null, "railway": null, "public_transport": "stop_position", "highway": null, "aeroway": null, "building": null, "operator": null, "network": null, "centroid_lat": 5.5507642, "centroid_lon": -0.2127614 }, "geometry": { "type": "Point", "coordinates": [ -0.2127614, 5.5507642 ] } },
{ "type": "Feature", "properties": { "osmid": 3914594460, "element": "node", "name": null, "hub_type": "bus", "hub_scale": "stop", "amenity": null, "railway": null, "public_transport": "stop_position", "highway": null, "aeroway": null, "building": null, "operator": null, "network": null, "centroid_lat": 5.5906365, "centroid_lon": -0.2180499 }, "geometry": { "type": "Point", "coordinates": [ -0.2180499, 5.5906365 ] } },
{ "type": "Feature", "properties": { "osmid": 3914620213, "element": "node", "name": null, "hub_type": "bus", "hub_scale": "stop", "amenity": null, "railway": null, "public_transport": "stop_position", "highway": null, "aeroway": null, "building": null, "operator": null, "network": null, "centroid_lat": 5.5524122, "centroid_lon": -0.2139156 }, "geometry": { "type": "Point", "coordinates": [ -0.2139156, 5.5524122 ] } },
{ "type": "Feature", "properties": { "osmid": 4150793105, "element": "node", "name": "Spanner", "hub_type": "bus", "hub_scale": "stop", "amenity": null, "railway": null, "public_transport": "platform", "highway": "bus_stop", "aeroway": null, "building": null, "operator": null, "network": null, "centroid_lat": 5.620506, "centroid_lon": -0.1764853 }, "geometry": { "type": "Point", "coordinates": [ -0.1764853, 5.620506 ] } },
{ "type": "Feature", "properties": { "osmid": 4150793106, "element": "node", "name": "Spanner", "hub_type": "bus", "hub_scale": "stop", "amenity": null, "railway": null, "public_transport": "platform", "highway": "bus_stop", "aeroway": null, "building": null, "operator": null, "network": null, "centroid_lat": 5.6204153, "centroid_lon": -0.1761345 }, "geometry": { "type": "Point", "coordinates": [ -0.1761345, 5.6204153 ] } },
{ "type": "Feature", "properties": { "osmid": 4184924189, "element": "node", "name": "Paloma", "hub_type": "bus", "hub_scale": "stop", "amenity": null, "railway": null, "public_transport": "platform", "highway": "bus_stop", "aeroway": null, "building": null, "operator": null, "network": null, "centroid_lat": 5.5717215, "centroid_lon": -0.206208 }, "geometry": { "type": "Point", "coordinates": [ -0.206208, 5.5717215 ] } },
{ "type": "Feature", "properties": { "osmid": 4184924289, "element": "node", "name": "Paloma", "hub_type": "bus", "hub_scale": "stop", "amenity": null, "railway": null, "public_transport": "platform", "highway": "bus_stop", "aeroway": null, "building": null, "operator": null, "network": null, "centroid_lat": 5.5720606, "centroid_lon": -0.2058868 }, "geometry": { "type": "Point", "coordinates": [ -0.2058868, 5.5720606 ] } },
{ "type": "Feature", "properties": { "osmid": 4198267793, "element": "node", "name": "Danquah Second", "hub_type": "bus", "hub_scale": "stop", "amenity": null, "railway": null, "public_transport": "platform", "highway": "bus_stop", "aeroway": null, "building": null, "operator": null, "network": null, "centroid_lat": 5.5675097, "centroid_lon": -0.1817192 }, "geometry": { "type": "Point", "coordinates": [ -0.1817192, 5.5675097 ] } },
{ "type": "Feature", "properties": { "osmid": 4250092756, "element": "node", "name": null, "hub_type": "bus", "hub_scale": "stop", "amenity": null, "railway": null, "public_transport": "stop_position", "highway": null, "aeroway": null, "building": null, "operator": null, "network": null, "centroid_lat": 5.5715319, "centroid_lon": -0.2134411 }, "geometry": { "type": "Point", "coordinates": [ -0.2134411, 5.5715319 ] } },
{ "type": "Feature", "properties": { "osmid": 4286153107, "element": "node", "name": "GBC", "hub_type": "bus", "hub_scale": "stop", "amenity": null, "railway": null, "public_transport": "platform", "highway": "bus_stop", "aeroway": null, "building": null, "operator": null, "network": null, "centroid_lat": 5.5735046, "centroid_lon": -0.192666 }, "geometry": { "type": "Point", "coordinates": [ -0.192666, 5.5735046 ] } },
{ "type": "Feature", "properties": { "osmid": 4324423391, "element": "node", "name": "Apaapa lorry station", "hub_type": "bus", "hub_scale": "interchange", "amenity": "bus_station", "railway": null, "public_transport": null, "highway": null, "aeroway": null, "building": null, "operator": null, "network": null, "centroid_lat": 5.567298, "centroid_lon": -0.1637316 }, "geometry": { "type": "Point", "coordinates": [ -0.1637316, 5.567298 ] } },
{ "type": "Feature", "properties": { "osmid": 4324512075, "element": "node", "name": "Accra, Circle", "hub_type": "bus", "hub_scale": "interchange", "amenity": "bus_station", "railway": null, "public_transport": "station", "highway": null, "aeroway": null, "building": null, "operator": "VVIP", "network": null, "centroid_lat": 5.5703101, "centroid_lon": -0.2151299 }, "geometry": { "type": "Point", "coordinates": [ -0.2151299, 5.5703101 ] } },
{ "type": "Feature", "properties": { "osmid": 4382426259, "element": "node", "name": "Shiashie", "hub_type": "bus", "hub_scale": "stop", "amenity": null, "railway": null, "public_transport": "platform", "highway": "bus_stop", "aeroway": null, "building": null, "operator": null, "network": null, "centroid_lat": 5.6284053, "centroid_lon": -0.1767713 }, "geometry": { "type": "Point", "coordinates": [ -0.1767713, 5.6284053 ] } },
{ "type": "Feature", "properties": { "osmid": 4400503928, "element": "node", "name": "Palm Wine", "hub_type": "bus", "hub_scale": "stop", "amenity": null, "railway": null, "public_transport": "platform", "highway": "bus_stop", "aeroway": null, "building": null, "operator": null, "network": null, "centroid_lat": 5.5764716, "centroid_lon": -0.1525381 }, "geometry": { "type": "Point", "coordinates": [ -0.1525381, 5.5764716 ] } },
{ "type": "Feature", "properties": { "osmid": 4400510902, "element": "node", "name": "Congo Junction", "hub_type": "bus", "hub_scale": "stop", "amenity": null, "railway": null, "public_transport": "platform", "highway": "bus_stop", "aeroway": null, "building": null, "operator": null, "network": null, "centroid_lat": 5.5882053, "centroid_lon": -0.163151 }, "geometry": { "type": "Point", "coordinates": [ -0.163151, 5.5882053 ] } },
{ "type": "Feature", "properties": { "osmid": 4419676786, "element": "node", "name": null, "hub_type": "bus", "hub_scale": "stop", "amenity": null, "railway": null, "public_transport": "stop_position", "highway": null, "aeroway": null, "building": null, "operator": null, "network": null, "centroid_lat": 5.5926523, "centroid_lon": -0.2684434 }, "geometry": { "type": "Point", "coordinates": [ -0.2684434, 5.5926523 ] } },
{ "type": "Feature", "properties": { "osmid": 4423928092, "element": "node", "name": "Legon Taxi Rank", "hub_type": "taxi", "hub_scale": "interchange", "amenity": "taxi", "railway": null, "public_transport": null, "highway": null, "aeroway": null, "building": null, "operator": null, "network": null, "centroid_lat": 5.6408962, "centroid_lon": -0.1789632 }, "geometry": { "type": "Point", "coordinates": [ -0.1789632, 5.6408962 ] } },
{ "type": "Feature", "properties": { "osmid": 4446493380, "element": "node", "name": null, "hub_type": "bus", "hub_scale": "stop", "amenity": null, "railway": null, "public_transport": "stop_position", "highway": null, "aeroway": null, "building": null, "operator": null, "network": null, "centroid_lat": 5.5291579, "centroid_lon": -0.2641942 }, "geometry": { "type": "Point", "coordinates": [ -0.2641942, 5.5291579 ] } },
{ "type": "Feature", "properties": { "osmid": 4446493410, "element": "node", "name": null, "hub_type": "bus", "hub_scale": "stop", "amenity": null, "railway": null, "public_transport": "stop_position", "highway": null, "aeroway": null, "building": null, "operator": null, "network": null, "centroid_lat": 5.5365367, "centroid_lon": -0.2552596 }, "geometry": { "type": "Point", "coordinates": [ -0.2552596, 5.5365367 ] } },
{ "type": "Feature", "properties": { "osmid": 4446509599, "element": "node", "name": null, "hub_type": "bus", "hub_scale": "stop", "amenity": null, "railway": null, "public_transport": "stop_position", "highway": null, "aeroway": null, "building": null, "operator": null, "network": null, "centroid_lat": 5.5296985, "centroid_lon": -0.2652601 }, "geometry": { "type": "Point", "coordinates": [ -0.2652601, 5.5296985 ] } },
{ "type": "Feature", "properties": { "osmid": 4452291566, "element": "node", "name": null, "hub_type": "bus", "hub_scale": "stop", "amenity": null, "railway": null, "public_transport": "stop_position", "highway": null, "aeroway": null, "building": null, "operator": null, "network": null, "centroid_lat": 5.6001177, "centroid_lon": -0.2183948 }, "geometry": { "type": "Point", "coordinates": [ -0.2183948, 5.6001177 ] } },
{ "type": "Feature", "properties": { "osmid": 4452406090, "element": "node", "name": null, "hub_type": "bus", "hub_scale": "stop", "amenity": null, "railway": null, "public_transport": "stop_position", "highway": null, "aeroway": null, "building": null, "operator": null, "network": null, "centroid_lat": 5.5922131, "centroid_lon": -0.2679649 }, "geometry": { "type": "Point", "coordinates": [ -0.2679649, 5.5922131 ] } },
{ "type": "Feature", "properties": { "osmid": 4452626326, "element": "node", "name": null, "hub_type": "bus", "hub_scale": "stop", "amenity": null, "railway": null, "public_transport": "stop_position", "highway": null, "aeroway": null, "building": null, "operator": null, "network": null, "centroid_lat": 5.6473853, "centroid_lon": -0.149949 }, "geometry": { "type": "Point", "coordinates": [ -0.149949, 5.6473853 ] } },
{ "type": "Feature", "properties": { "osmid": 4452626342, "element": "node", "name": null, "hub_type": "bus", "hub_scale": "stop", "amenity": null, "railway": null, "public_transport": "stop_position", "highway": null, "aeroway": null, "building": null, "operator": null, "network": null, "centroid_lat": 5.6483471, "centroid_lon": -0.1506974 }, "geometry": { "type": "Point", "coordinates": [ -0.1506974, 5.6483471 ] } },
{ "type": "Feature", "properties": { "osmid": 4453603531, "element": "node", "name": null, "hub_type": "bus", "hub_scale": "stop", "amenity": null, "railway": null, "public_transport": "stop_position", "highway": null, "aeroway": null, "building": null, "operator": null, "network": null, "centroid_lat": 5.5804092, "centroid_lon": -0.2636263 }, "geometry": { "type": "Point", "coordinates": [ -0.2636263, 5.5804092 ] } },
{ "type": "Feature", "properties": { "osmid": 4455236832, "element": "node", "name": null, "hub_type": "bus", "hub_scale": "stop", "amenity": null, "railway": null, "public_transport": "stop_position", "highway": null, "aeroway": null, "building": null, "operator": null, "network": null, "centroid_lat": 5.547645, "centroid_lon": -0.2071237 }, "geometry": { "type": "Point", "coordinates": [ -0.2071237, 5.547645 ] } },
{ "type": "Feature", "properties": { "osmid": 4455236841, "element": "node", "name": null, "hub_type": "bus", "hub_scale": "stop", "amenity": null, "railway": null, "public_transport": "stop_position", "highway": null, "aeroway": null, "building": null, "operator": null, "network": null, "centroid_lat": 5.5495084, "centroid_lon": -0.21053 }, "geometry": { "type": "Point", "coordinates": [ -0.21053, 5.5495084 ] } },
{ "type": "Feature", "properties": { "osmid": 4457168432, "element": "node", "name": null, "hub_type": "bus", "hub_scale": "stop", "amenity": null, "railway": null, "public_transport": "stop_position", "highway": null, "aeroway": null, "building": null, "operator": null, "network": null, "centroid_lat": 5.6029103, "centroid_lon": -0.256335 }, "geometry": { "type": "Point", "coordinates": [ -0.256335, 5.6029103 ] } },
{ "type": "Feature", "properties": { "osmid": 4457168439, "element": "node", "name": null, "hub_type": "bus", "hub_scale": "stop", "amenity": null, "railway": null, "public_transport": "stop_position", "highway": null, "aeroway": null, "building": null, "operator": null, "network": null, "centroid_lat": 5.6063124, "centroid_lon": -0.2481749 }, "geometry": { "type": "Point", "coordinates": [ -0.2481749, 5.6063124 ] } },
{ "type": "Feature", "properties": { "osmid": 4457204123, "element": "node", "name": null, "hub_type": "bus", "hub_scale": "stop", "amenity": null, "railway": null, "public_transport": "stop_position", "highway": null, "aeroway": null, "building": null, "operator": null, "network": null, "centroid_lat": 5.6164401, "centroid_lon": -0.1958869 }, "geometry": { "type": "Point", "coordinates": [ -0.1958869, 5.6164401 ] } },
{ "type": "Feature", "properties": { "osmid": 4458416036, "element": "node", "name": null, "hub_type": "bus", "hub_scale": "stop", "amenity": null, "railway": null, "public_transport": "stop_position", "highway": null, "aeroway": null, "building": null, "operator": null, "network": null, "centroid_lat": 5.5272744, "centroid_lon": -0.2741124 }, "geometry": { "type": "Point", "coordinates": [ -0.2741124, 5.5272744 ] } },
{ "type": "Feature", "properties": { "osmid": 4461423012, "element": "node", "name": "Dzorwulu Junction", "hub_type": "bus", "hub_scale": "stop", "amenity": null, "railway": null, "public_transport": "platform", "highway": "bus_stop", "aeroway": null, "building": null, "operator": null, "network": null, "centroid_lat": 5.6184985, "centroid_lon": -0.1911487 }, "geometry": { "type": "Point", "coordinates": [ -0.1911487, 5.6184985 ] } },
{ "type": "Feature", "properties": { "osmid": 4588974833, "element": "node", "name": "Greda Estate Taxi Rank", "hub_type": "taxi", "hub_scale": "interchange", "amenity": "taxi", "railway": null, "public_transport": null, "highway": null, "aeroway": null, "building": null, "operator": null, "network": null, "centroid_lat": 5.6190362, "centroid_lon": -0.1011138 }, "geometry": { "type": "Point", "coordinates": [ -0.1011138, 5.6190362 ] } },
{ "type": "Feature", "properties": { "osmid": 4600169832, "element": "node", "name": "Aflao Station", "hub_type": "bus", "hub_scale": "interchange", "amenity": "bus_station", "railway": null, "public_transport": "station", "highway": null, "aeroway": null, "building": null, "operator": null, "network": null, "centroid_lat": 5.5499831, "centroid_lon": -0.2067016 }, "geometry": { "type": "Point", "coordinates": [ -0.2067016, 5.5499831 ] } },
{ "type": "Feature", "properties": { "osmid": 4710912590, "element": "node", "name": "High Tension", "hub_type": "bus", "hub_scale": "stop", "amenity": null, "railway": null, "public_transport": "platform", "highway": "bus_stop", "aeroway": null, "building": null, "operator": null, "network": null, "centroid_lat": 5.616029, "centroid_lon": -0.2483251 }, "geometry": { "type": "Point", "coordinates": [ -0.2483251, 5.616029 ] } },
{ "type": "Feature", "properties": { "osmid": 4713676620, "element": "node", "name": null, "hub_type": "bus", "hub_scale": "stop", "amenity": null, "railway": null, "public_transport": "stop_position", "highway": null, "aeroway": null, "building": null, "operator": null, "network": null, "centroid_lat": 5.5484743, "centroid_lon": -0.2183202 }, "geometry": { "type": "Point", "coordinates": [ -0.2183202, 5.5484743 ] } },
{ "type": "Feature", "properties": { "osmid": 4727380590, "element": "node", "name": "VVIP Bus Station", "hub_type": "bus", "hub_scale": "interchange", "amenity": "bus_station", "railway": null, "public_transport": "station", "highway": null, "aeroway": null, "building": null, "operator": null, "network": null, "centroid_lat": 5.5689484, "centroid_lon": -0.2191588 }, "geometry": { "type": "Point", "coordinates": [ -0.2191588, 5.5689484 ] } },
{ "type": "Feature", "properties": { "osmid": 4740602036, "element": "node", "name": "Odorkor", "hub_type": "bus", "hub_scale": "stop", "amenity": null, "railway": null, "public_transport": "platform", "highway": "bus_stop", "aeroway": null, "building": null, "operator": null, "network": null, "centroid_lat": 5.5796764, "centroid_lon": -0.2648468 }, "geometry": { "type": "Point", "coordinates": [ -0.2648468, 5.5796764 ] } },
{ "type": "Feature", "properties": { "osmid": 4740602037, "element": "node", "name": "Legon Second", "hub_type": "bus", "hub_scale": "stop", "amenity": null, "railway": null, "public_transport": "platform", "highway": "bus_stop", "aeroway": null, "building": null, "operator": null, "network": null, "centroid_lat": 5.6518837, "centroid_lon": -0.1799915 }, "geometry": { "type": "Point", "coordinates": [ -0.1799915, 5.6518837 ] } },
{ "type": "Feature", "properties": { "osmid": 4740602042, "element": "node", "name": "Tema station", "hub_type": "bus", "hub_scale": "interchange", "amenity": "bus_station", "railway": null, "public_transport": "station", "highway": null, "aeroway": null, "building": null, "operator": null, "network": null, "centroid_lat": 5.5659266, "centroid_lon": -0.2373184 }, "geometry": { "type": "Point", "coordinates": [ -0.2373184, 5.5659266 ] } },
{ "type": "Feature", "properties": { "osmid": 4740602043, "element": "node", "name": "Legon Second", "hub_type": "bus", "hub_scale": "stop", "amenity": null, "railway": null, "public_transport": "platform", "highway": "bus_stop", "aeroway": null, "building": null, "operator": null, "network": null, "centroid_lat": 5.6481575, "centroid_lon": -0.1798695 }, "geometry": { "type": "Point", "coordinates": [ -0.1798695, 5.6481575 ] } },
{ "type": "Feature", "properties": { "osmid": 4747205323, "element": "node", "name": null, "hub_type": "bus", "hub_scale": "interchange", "amenity": "bus_station", "railway": null, "public_transport": "station", "highway": null, "aeroway": null, "building": null, "operator": null, "network": null, "centroid_lat": 5.582633, "centroid_lon": -0.2087537 }, "geometry": { "type": "Point", "coordinates": [ -0.2087537, 5.582633 ] } },
{ "type": "Feature", "properties": { "osmid": 4752766522, "element": "node", "name": "Been To", "hub_type": "bus", "hub_scale": "stop", "amenity": null, "railway": null, "public_transport": "platform", "highway": "bus_stop", "aeroway": null, "building": null, "operator": null, "network": null, "centroid_lat": 5.5873886, "centroid_lon": -0.2717172 }, "geometry": { "type": "Point", "coordinates": [ -0.2717172, 5.5873886 ] } },
{ "type": "Feature", "properties": { "osmid": 4858419353, "element": "node", "name": "GH Express", "hub_type": "bus", "hub_scale": "interchange", "amenity": "bus_station", "railway": null, "public_transport": "station", "highway": null, "aeroway": null, "building": null, "operator": null, "network": null, "centroid_lat": 5.5689489, "centroid_lon": -0.2191309 }, "geometry": { "type": "Point", "coordinates": [ -0.2191309, 5.5689489 ] } },
{ "type": "Feature", "properties": { "osmid": 4858419354, "element": "node", "name": "Chisco Transport Ghana Limited", "hub_type": "bus", "hub_scale": "interchange", "amenity": "bus_station", "railway": null, "public_transport": "station", "highway": null, "aeroway": null, "building": null, "operator": null, "network": null, "centroid_lat": 5.5689541, "centroid_lon": -0.2191829 }, "geometry": { "type": "Point", "coordinates": [ -0.2191829, 5.5689541 ] } },
{ "type": "Feature", "properties": { "osmid": 4930508288, "element": "node", "name": "Neoplan", "hub_type": "bus", "hub_scale": "interchange", "amenity": "bus_station", "railway": null, "public_transport": "station", "highway": null, "aeroway": null, "building": null, "operator": null, "network": null, "centroid_lat": 5.5695509, "centroid_lon": -0.2186161 }, "geometry": { "type": "Point", "coordinates": [ -0.2186161, 5.5695509 ] } },
{ "type": "Feature", "properties": { "osmid": 4971250982, "element": "node", "name": "Tetteh Quarshie / Roundabout", "hub_type": "bus", "hub_scale": "stop", "amenity": null, "railway": null, "public_transport": "platform", "highway": "bus_stop", "aeroway": null, "building": null, "operator": null, "network": null, "centroid_lat": 5.6240242, "centroid_lon": -0.1738463 }, "geometry": { "type": "Point", "coordinates": [ -0.1738463, 5.6240242 ] } },
{ "type": "Feature", "properties": { "osmid": 4972315121, "element": "node", "name": "Legon First", "hub_type": "bus", "hub_scale": "stop", "amenity": null, "railway": null, "public_transport": "platform", "highway": "bus_stop", "aeroway": null, "building": null, "operator": null, "network": null, "centroid_lat": 5.6536077, "centroid_lon": -0.1807077 }, "geometry": { "type": "Point", "coordinates": [ -0.1807077, 5.6536077 ] } },
{ "type": "Feature", "properties": { "osmid": 4972575680, "element": "node", "name": "Power House", "hub_type": "bus", "hub_scale": "stop", "amenity": null, "railway": null, "public_transport": "platform", "highway": "bus_stop", "aeroway": null, "building": null, "operator": null, "network": null, "centroid_lat": 5.6560636, "centroid_lon": -0.1801477 }, "geometry": { "type": "Point", "coordinates": [ -0.1801477, 5.6560636 ] } },
{ "type": "Feature", "properties": { "osmid": 4972695858, "element": "node", "name": "Agbogba Junction", "hub_type": "bus", "hub_scale": "stop", "amenity": null, "railway": null, "public_transport": "platform", "highway": "bus_stop", "aeroway": null, "building": null, "operator": null, "network": null, "centroid_lat": 5.6672969, "centroid_lon": -0.18729 }, "geometry": { "type": "Point", "coordinates": [ -0.18729, 5.6672969 ] } },
{ "type": "Feature", "properties": { "osmid": 4972894711, "element": "node", "name": "Mallam Market", "hub_type": "bus", "hub_scale": "stop", "amenity": null, "railway": null, "public_transport": "platform", "highway": "bus_stop", "aeroway": null, "building": null, "operator": null, "network": null, "centroid_lat": 5.5739276, "centroid_lon": -0.2787566 }, "geometry": { "type": "Point", "coordinates": [ -0.2787566, 5.5739276 ] } },
{ "type": "Feature", "properties": { "osmid": 4974193122, "element": "node", "name": "Opeibea First", "hub_type": "bus", "hub_scale": "stop", "amenity": null, "railway": null, "public_transport": "platform", "highway": "bus_stop", "aeroway": null, "building": null, "operator": null, "network": null, "centroid_lat": 5.5980107, "centroid_lon": -0.1795113 }, "geometry": { "type": "Point", "coordinates": [ -0.1795113, 5.5980107 ] } },
{ "type": "Feature", "properties": { "osmid": 4974193123, "element": "node", "name": "37 Hospital", "hub_type": "bus", "hub_scale": "stop", "amenity": null, "railway": null, "public_transport": "platform", "highway": "bus_stop", "aeroway": null, "building": null, "operator": null, "network": null, "centroid_lat": 5.587623, "centroid_lon": -0.1831067 }, "geometry": { "type": "Point", "coordinates": [ -0.1831067, 5.587623 ] } },
{ "type": "Feature", "properties": { "osmid": 4974193124, "element": "node", "name": "Immigration", "hub_type": "bus", "hub_scale": "stop", "amenity": null, "railway": null, "public_transport": "platform", "highway": "bus_stop", "aeroway": null, "building": null, "operator": null, "network": null, "centroid_lat": 5.5707147, "centroid_lon": -0.1912352 }, "geometry": { "type": "Point", "coordinates": [ -0.1912352, 5.5707147 ] } },
{ "type": "Feature", "properties": { "osmid": 4974193125, "element": "node", "name": "Ridge", "hub_type": "bus", "hub_scale": "stop", "amenity": null, "railway": null, "public_transport": "platform", "highway": "bus_stop", "aeroway": null, "building": null, "operator": null, "network": null, "centroid_lat": 5.5605037, "centroid_lon": -0.1966274 }, "geometry": { "type": "Point", "coordinates": [ -0.1966274, 5.5605037 ] } },
{ "type": "Feature", "properties": { "osmid": 4974194650, "element": "node", "name": "Shangrila", "hub_type": "bus", "hub_scale": "stop", "amenity": null, "railway": null, "public_transport": "platform", "highway": "bus_stop", "aeroway": null, "building": null, "operator": null, "network": null, "centroid_lat": 5.6160691, "centroid_lon": -0.1760971 }, "geometry": { "type": "Point", "coordinates": [ -0.1760971, 5.6160691 ] } },
{ "type": "Feature", "properties": { "osmid": 4974195501, "element": "node", "name": "Sankara", "hub_type": "bus", "hub_scale": "stop", "amenity": null, "railway": null, "public_transport": "platform", "highway": "bus_stop", "aeroway": null, "building": null, "operator": null, "network": null, "centroid_lat": 5.5734253, "centroid_lon": -0.1894351 }, "geometry": { "type": "Point", "coordinates": [ -0.1894351, 5.5734253 ] } },
{ "type": "Feature", "properties": { "osmid": 4974195502, "element": "node", "name": "37 Hospital", "hub_type": "bus", "hub_scale": "stop", "amenity": null, "railway": null, "public_transport": "platform", "highway": "bus_stop", "aeroway": null, "building": null, "operator": null, "network": null, "centroid_lat": 5.5879146, "centroid_lon": -0.1826114 }, "geometry": { "type": "Point", "coordinates": [ -0.1826114, 5.5879146 ] } },
{ "type": "Feature", "properties": { "osmid": 4977880923, "element": "node", "name": "License Office", "hub_type": "bus", "hub_scale": "stop", "amenity": null, "railway": null, "public_transport": "platform", "highway": "bus_stop", "aeroway": null, "building": null, "operator": null, "network": null, "centroid_lat": 5.5919333, "centroid_lon": -0.1806082 }, "geometry": { "type": "Point", "coordinates": [ -0.1806082, 5.5919333 ] } },
{ "type": "Feature", "properties": { "osmid": 4977886631, "element": "node", "name": "Opeibea Second", "hub_type": "bus", "hub_scale": "stop", "amenity": null, "railway": null, "public_transport": "platform", "highway": "bus_stop", "aeroway": null, "building": null, "operator": null, "network": null, "centroid_lat": 5.6007053, "centroid_lon": -0.1786398 }, "geometry": { "type": "Point", "coordinates": [ -0.1786398, 5.6007053 ] } },
{ "type": "Feature", "properties": { "osmid": 4977897982, "element": "node", "name": "Opeibea First", "hub_type": "bus", "hub_scale": "stop", "amenity": null, "railway": null, "public_transport": "platform", "highway": "bus_stop", "aeroway": null, "building": null, "operator": null, "network": null, "centroid_lat": 5.5963571, "centroid_lon": -0.1796072 }, "geometry": { "type": "Point", "coordinates": [ -0.1796072, 5.5963571 ] } },
{ "type": "Feature", "properties": { "osmid": 4977925525, "element": "node", "name": "Shangrila", "hub_type": "bus", "hub_scale": "stop", "amenity": null, "railway": null, "public_transport": "platform", "highway": "bus_stop", "aeroway": null, "building": null, "operator": null, "network": null, "centroid_lat": 5.6171912, "centroid_lon": -0.1759131 }, "geometry": { "type": "Point", "coordinates": [ -0.1759131, 5.6171912 ] } },
{ "type": "Feature", "properties": { "osmid": 4977927743, "element": "node", "name": "Airport Second", "hub_type": "bus", "hub_scale": "stop", "amenity": null, "railway": null, "public_transport": "platform", "highway": "bus_stop", "aeroway": null, "building": null, "operator": null, "network": null, "centroid_lat": 5.6041926, "centroid_lon": -0.1781224 }, "geometry": { "type": "Point", "coordinates": [ -0.1781224, 5.6041926 ] } },
{ "type": "Feature", "properties": { "osmid": 4979349924, "element": "node", "name": "Korle Bu", "hub_type": "bus", "hub_scale": "stop", "amenity": null, "railway": null, "public_transport": "platform", "highway": "bus_stop", "aeroway": null, "building": null, "operator": null, "network": null, "centroid_lat": 5.5361606, "centroid_lon": -0.2264147 }, "geometry": { "type": "Point", "coordinates": [ -0.2264147, 5.5361606 ] } },
{ "type": "Feature", "properties": { "osmid": 4979371653, "element": "node", "name": "Junction Mall", "hub_type": "bus", "hub_scale": "stop", "amenity": null, "railway": null, "public_transport": "platform", "highway": "bus_stop", "aeroway": null, "building": null, "operator": null, "network": null, "centroid_lat": 5.6142814, "centroid_lon": -0.0718845 }, "geometry": { "type": "Point", "coordinates": [ -0.0718845, 5.6142814 ] } },
{ "type": "Feature", "properties": { "osmid": 4979396673, "element": "node", "name": "Korle Bu", "hub_type": "bus", "hub_scale": "stop", "amenity": null, "railway": null, "public_transport": "platform", "highway": "bus_stop", "aeroway": null, "building": null, "operator": null, "network": null, "centroid_lat": 5.5361206, "centroid_lon": -0.2270517 }, "geometry": { "type": "Point", "coordinates": [ -0.2270517, 5.5361206 ] } },
{ "type": "Feature", "properties": { "osmid": 4980841285, "element": "node", "name": "Abeka Lapaz", "hub_type": "bus", "hub_scale": "stop", "amenity": null, "railway": null, "public_transport": "platform", "highway": "bus_stop", "aeroway": null, "building": null, "operator": null, "network": null, "centroid_lat": 5.6072824, "centroid_lon": -0.2481677 }, "geometry": { "type": "Point", "coordinates": [ -0.2481677, 5.6072824 ] } },
{ "type": "Feature", "properties": { "osmid": 4980841287, "element": "node", "name": "Nii Boi Town Junction", "hub_type": "bus", "hub_scale": "stop", "amenity": null, "railway": null, "public_transport": "platform", "highway": "bus_stop", "aeroway": null, "building": null, "operator": null, "network": null, "centroid_lat": 5.6082043, "centroid_lon": -0.245219 }, "geometry": { "type": "Point", "coordinates": [ -0.245219, 5.6082043 ] } },
{ "type": "Feature", "properties": { "osmid": 4980841288, "element": "node", "name": "Bambolino", "hub_type": "bus", "hub_scale": "stop", "amenity": null, "railway": null, "public_transport": "platform", "highway": "bus_stop", "aeroway": null, "building": null, "operator": null, "network": null, "centroid_lat": 5.6087099, "centroid_lon": -0.2423735 }, "geometry": { "type": "Point", "coordinates": [ -0.2423735, 5.6087099 ] } },
{ "type": "Feature", "properties": { "osmid": 4980841289, "element": "node", "name": "Lapaz Market", "hub_type": "bus", "hub_scale": "stop", "amenity": null, "railway": null, "public_transport": "platform", "highway": "bus_stop", "aeroway": null, "building": null, "operator": null, "network": null, "centroid_lat": 5.6090177, "centroid_lon": -0.24051 }, "geometry": { "type": "Point", "coordinates": [ -0.24051, 5.6090177 ] } },
{ "type": "Feature", "properties": { "osmid": 4980841290, "element": "node", "name": "Flat Top", "hub_type": "bus", "hub_scale": "stop", "amenity": null, "railway": null, "public_transport": "platform", "highway": "bus_stop", "aeroway": null, "building": null, "operator": null, "network": null, "centroid_lat": 5.6095454, "centroid_lon": -0.2380849 }, "geometry": { "type": "Point", "coordinates": [ -0.2380849, 5.6095454 ] } },
{ "type": "Feature", "properties": { "osmid": 4980841291, "element": "node", "name": "Akweteyman", "hub_type": "bus", "hub_scale": "stop", "amenity": null, "railway": null, "public_transport": "platform", "highway": "bus_stop", "aeroway": null, "building": null, "operator": null, "network": null, "centroid_lat": 5.6115673, "centroid_lon": -0.2313117 }, "geometry": { "type": "Point", "coordinates": [ -0.2313117, 5.6115673 ] } },
{ "type": "Feature", "properties": { "osmid": 4980841293, "element": "node", "name": "Achimota Overhead", "hub_type": "bus", "hub_scale": "stop", "amenity": null, "railway": null, "public_transport": "platform", "highway": "bus_stop", "aeroway": null, "building": null, "operator": null, "network": null, "centroid_lat": 5.6132664, "centroid_lon": -0.2255395 }, "geometry": { "type": "Point", "coordinates": [ -0.2255395, 5.6132664 ] } },
{ "type": "Feature", "properties": { "osmid": 4980841295, "element": "node", "name": "Abelenkpe Junction", "hub_type": "bus", "hub_scale": "stop", "amenity": null, "railway": null, "public_transport": "platform", "highway": "bus_stop", "aeroway": null, "building": null, "operator": null, "network": null, "centroid_lat": 5.6099334, "centroid_lon": -0.2109196 }, "geometry": { "type": "Point", "coordinates": [ -0.2109196, 5.6099334 ] } },
{ "type": "Feature", "properties": { "osmid": 4980841296, "element": "node", "name": "Dzorwulu Junction", "hub_type": "bus", "hub_scale": "stop", "amenity": null, "railway": null, "public_transport": "platform", "highway": "bus_stop", "aeroway": null, "building": null, "operator": null, "network": null, "centroid_lat": 5.6073118, "centroid_lon": -0.2070102 }, "geometry": { "type": "Point", "coordinates": [ -0.2070102, 5.6073118 ] } },
{ "type": "Feature", "properties": { "osmid": 4980841297, "element": "node", "name": "Ebony", "hub_type": "bus", "hub_scale": "stop", "amenity": null, "railway": null, "public_transport": "platform", "highway": "bus_stop", "aeroway": null, "building": null, "operator": null, "network": null, "centroid_lat": 5.6051616, "centroid_lon": -0.2036896 }, "geometry": { "type": "Point", "coordinates": [ -0.2036896, 5.6051616 ] } },
{ "type": "Feature", "properties": { "osmid": 4980841298, "element": "node", "name": "Roman Ridge", "hub_type": "bus", "hub_scale": "stop", "amenity": null, "railway": null, "public_transport": "platform", "highway": "bus_stop", "aeroway": null, "building": null, "operator": null, "network": null, "centroid_lat": 5.6029353, "centroid_lon": -0.2003114 }, "geometry": { "type": "Point", "coordinates": [ -0.2003114, 5.6029353 ] } },
{ "type": "Feature", "properties": { "osmid": 4980841299, "element": "node", "name": "Culture", "hub_type": "bus", "hub_scale": "stop", "amenity": null, "railway": null, "public_transport": "platform", "highway": "bus_stop", "aeroway": null, "building": null, "operator": null, "network": null, "centroid_lat": 5.5938393, "centroid_lon": -0.1861639 }, "geometry": { "type": "Point", "coordinates": [ -0.1861639, 5.5938393 ] } },
{ "type": "Feature", "properties": { "osmid": 4980841300, "element": "node", "name": "37", "hub_type": "bus", "hub_scale": "stop", "amenity": null, "railway": null, "public_transport": "platform", "highway": "bus_stop", "aeroway": null, "building": null, "operator": null, "network": null, "centroid_lat": 5.5888594, "centroid_lon": -0.179598 }, "geometry": { "type": "Point", "coordinates": [ -0.179598, 5.5888594 ] } },
{ "type": "Feature", "properties": { "osmid": 4980974730, "element": "node", "name": "Korle Bu Junction", "hub_type": "bus", "hub_scale": "stop", "amenity": null, "railway": null, "public_transport": "platform", "highway": "bus_stop", "aeroway": null, "building": null, "operator": null, "network": null, "centroid_lat": 5.5436043, "centroid_lon": -0.2399263 }, "geometry": { "type": "Point", "coordinates": [ -0.2399263, 5.5436043 ] } },
{ "type": "Feature", "properties": { "osmid": 4980974731, "element": "node", "name": "Kaneshie", "hub_type": "bus", "hub_scale": "stop", "amenity": null, "railway": null, "public_transport": "platform", "highway": "bus_stop", "aeroway": null, "building": null, "operator": null, "network": null, "centroid_lat": 5.5640961, "centroid_lon": -0.2358676 }, "geometry": { "type": "Point", "coordinates": [ -0.2358676, 5.5640961 ] } },
{ "type": "Feature", "properties": { "osmid": 4980974733, "element": "node", "name": "Dansoman Junction", "hub_type": "bus", "hub_scale": "stop", "amenity": null, "railway": null, "public_transport": "platform", "highway": "bus_stop", "aeroway": null, "building": null, "operator": null, "network": null, "centroid_lat": 5.5632117, "centroid_lon": -0.2376365 }, "geometry": { "type": "Point", "coordinates": [ -0.2376365, 5.5632117 ] } },
{ "type": "Feature", "properties": { "osmid": 4980974734, "element": "node", "name": "Asoredan ho", "hub_type": "bus", "hub_scale": "stop", "amenity": null, "railway": null, "public_transport": "platform", "highway": "bus_stop", "aeroway": null, "building": null, "operator": null, "network": null, "centroid_lat": 5.561402, "centroid_lon": -0.2387208 }, "geometry": { "type": "Point", "coordinates": [ -0.2387208, 5.561402 ] } },
{ "type": "Feature", "properties": { "osmid": 4980974735, "element": "node", "name": "Zongo Junction", "hub_type": "bus", "hub_scale": "stop", "amenity": null, "railway": null, "public_transport": "platform", "highway": "bus_stop", "aeroway": null, "building": null, "operator": null, "network": null, "centroid_lat": 5.5577934, "centroid_lon": -0.2397888 }, "geometry": { "type": "Point", "coordinates": [ -0.2397888, 5.5577934 ] } },
{ "type": "Feature", "properties": { "osmid": 4980974736, "element": "node", "name": "Kasoa Station", "hub_type": "bus", "hub_scale": "stop", "amenity": null, "railway": null, "public_transport": "platform", "highway": "bus_stop", "aeroway": null, "building": null, "operator": null, "network": null, "centroid_lat": 5.5562747, "centroid_lon": -0.2401432 }, "geometry": { "type": "Point", "coordinates": [ -0.2401432, 5.5562747 ] } },
{ "type": "Feature", "properties": { "osmid": 4980974737, "element": "node", "name": "Pipeier Naa", "hub_type": "bus", "hub_scale": "stop", "amenity": null, "railway": null, "public_transport": "platform", "highway": "bus_stop", "aeroway": null, "building": null, "operator": null, "network": null, "centroid_lat": 5.5535038, "centroid_lon": -0.2401289 }, "geometry": { "type": "Point", "coordinates": [ -0.2401289, 5.5535038 ] } },
{ "type": "Feature", "properties": { "osmid": 4980974738, "element": "node", "name": "Black Smith", "hub_type": "bus", "hub_scale": "stop", "amenity": null, "railway": null, "public_transport": "platform", "highway": "bus_stop", "aeroway": null, "building": null, "operator": null, "network": null, "centroid_lat": 5.5511073, "centroid_lon": -0.2401201 }, "geometry": { "type": "Point", "coordinates": [ -0.2401201, 5.5511073 ] } },
{ "type": "Feature", "properties": { "osmid": 4980974739, "element": "node", "name": "Radio Gold", "hub_type": "bus", "hub_scale": "stop", "amenity": null, "railway": null, "public_transport": "platform", "highway": "bus_stop", "aeroway": null, "building": null, "operator": null, "network": null, "centroid_lat": 5.5480701, "centroid_lon": -0.2401327 }, "geometry": { "type": "Point", "coordinates": [ -0.2401327, 5.5480701 ] } },
{ "type": "Feature", "properties": { "osmid": 4980974741, "element": "node", "name": "Salvation Army", "hub_type": "bus", "hub_scale": "stop", "amenity": null, "railway": null, "public_transport": "platform", "highway": "bus_stop", "aeroway": null, "building": null, "operator": null, "network": null, "centroid_lat": 5.5409656, "centroid_lon": -0.2392821 }, "geometry": { "type": "Point", "coordinates": [ -0.2392821, 5.5409656 ] } },
{ "type": "Feature", "properties": { "osmid": 4980974742, "element": "node", "name": "Sempe Second", "hub_type": "bus", "hub_scale": "stop", "amenity": null, "railway": null, "public_transport": "platform", "highway": "bus_stop", "aeroway": null, "building": null, "operator": null, "network": null, "centroid_lat": 5.5386027, "centroid_lon": -0.2387178 }, "geometry": { "type": "Point", "coordinates": [ -0.2387178, 5.5386027 ] } },
{ "type": "Feature", "properties": { "osmid": 4980974743, "element": "node", "name": "Sempe First", "hub_type": "bus", "hub_scale": "stop", "amenity": null, "railway": null, "public_transport": "platform", "highway": "bus_stop", "aeroway": null, "building": null, "operator": null, "network": null, "centroid_lat": 5.5370014, "centroid_lon": -0.2383399 }, "geometry": { "type": "Point", "coordinates": [ -0.2383399, 5.5370014 ] } },
{ "type": "Feature", "properties": { "osmid": 4980974744, "element": "node", "name": "Mamprobi Station", "hub_type": "bus", "hub_scale": "stop", "amenity": null, "railway": null, "public_transport": "platform", "highway": "bus_stop", "aeroway": null, "building": null, "operator": null, "network": null, "centroid_lat": 5.5346741, "centroid_lon": -0.2377661 }, "geometry": { "type": "Point", "coordinates": [ -0.2377661, 5.5346741 ] } },
{ "type": "Feature", "properties": { "osmid": 4980974745, "element": "node", "name": "Shell", "hub_type": "bus", "hub_scale": "stop", "amenity": null, "railway": null, "public_transport": "platform", "highway": "bus_stop", "aeroway": null, "building": null, "operator": null, "network": null, "centroid_lat": 5.5329887, "centroid_lon": -0.2373437 }, "geometry": { "type": "Point", "coordinates": [ -0.2373437, 5.5329887 ] } },
{ "type": "Feature", "properties": { "osmid": 4980974746, "element": "node", "name": "Market Junction", "hub_type": "bus", "hub_scale": "stop", "amenity": null, "railway": null, "public_transport": "platform", "highway": "bus_stop", "aeroway": null, "building": null, "operator": null, "network": null, "centroid_lat": 5.5321588, "centroid_lon": -0.237237 }, "geometry": { "type": "Point", "coordinates": [ -0.237237, 5.5321588 ] } },
{ "type": "Feature", "properties": { "osmid": 4980974747, "element": "node", "name": "Market", "hub_type": "bus", "hub_scale": "stop", "amenity": null, "railway": null, "public_transport": "platform", "highway": "bus_stop", "aeroway": null, "building": null, "operator": null, "network": null, "centroid_lat": 5.5318853, "centroid_lon": -0.2352626 }, "geometry": { "type": "Point", "coordinates": [ -0.2352626, 5.5318853 ] } },
{ "type": "Feature", "properties": { "osmid": 4980974748, "element": "node", "name": "Shalom", "hub_type": "bus", "hub_scale": "stop", "amenity": null, "railway": null, "public_transport": "platform", "highway": "bus_stop", "aeroway": null, "building": null, "operator": null, "network": null, "centroid_lat": 5.5312256, "centroid_lon": -0.2322283 }, "geometry": { "type": "Point", "coordinates": [ -0.2322283, 5.5312256 ] } },
{ "type": "Feature", "properties": { "osmid": 4980974749, "element": "node", "name": "Asoredan ho", "hub_type": "bus", "hub_scale": "stop", "amenity": null, "railway": null, "public_transport": "platform", "highway": "bus_stop", "aeroway": null, "building": null, "operator": null, "network": null, "centroid_lat": 5.531474, "centroid_lon": -0.232268 }, "geometry": { "type": "Point", "coordinates": [ -0.232268, 5.531474 ] } },
{ "type": "Feature", "properties": { "osmid": 4980974751, "element": "node", "name": "Banku Junction", "hub_type": "bus", "hub_scale": "stop", "amenity": null, "railway": null, "public_transport": "platform", "highway": "bus_stop", "aeroway": null, "building": null, "operator": null, "network": null, "centroid_lat": 5.5308527, "centroid_lon": -0.2370484 }, "geometry": { "type": "Point", "coordinates": [ -0.2370484, 5.5308527 ] } },
{ "type": "Feature", "properties": { "osmid": 4980974752, "element": "node", "name": "White House", "hub_type": "bus", "hub_scale": "stop", "amenity": null, "railway": null, "public_transport": "platform", "highway": "bus_stop", "aeroway": null, "building": null, "operator": null, "network": null, "centroid_lat": 5.5283443, "centroid_lon": -0.2365225 }, "geometry": { "type": "Point", "coordinates": [ -0.2365225, 5.5283443 ] } },
{ "type": "Feature", "properties": { "osmid": 4980974753, "element": "node", "name": "Sempe First", "hub_type": "bus", "hub_scale": "stop", "amenity": null, "railway": null, "public_transport": "platform", "highway": "bus_stop", "aeroway": null, "building": null, "operator": null, "network": null, "centroid_lat": 5.5391036, "centroid_lon": -0.2389032 }, "geometry": { "type": "Point", "coordinates": [ -0.2389032, 5.5391036 ] } },
{ "type": "Feature", "properties": { "osmid": 4980974754, "element": "node", "name": "Pipeier Naa", "hub_type": "bus", "hub_scale": "stop", "amenity": null, "railway": null, "public_transport": "platform", "highway": "bus_stop", "aeroway": null, "building": null, "operator": null, "network": null, "centroid_lat": 5.5529372, "centroid_lon": -0.2402048 }, "geometry": { "type": "Point", "coordinates": [ -0.2402048, 5.5529372 ] } },
{ "type": "Feature", "properties": { "osmid": 4980974757, "element": "node", "name": "Radio Gold", "hub_type": "bus", "hub_scale": "stop", "amenity": null, "railway": null, "public_transport": "platform", "highway": "bus_stop", "aeroway": null, "building": null, "operator": null, "network": null, "centroid_lat": 5.5486332, "centroid_lon": -0.2402106 }, "geometry": { "type": "Point", "coordinates": [ -0.2402106, 5.5486332 ] } },
{ "type": "Feature", "properties": { "osmid": 4980974758, "element": "node", "name": "Mamprobi Station", "hub_type": "bus", "hub_scale": "stop", "amenity": null, "railway": null, "public_transport": "platform", "highway": "bus_stop", "aeroway": null, "building": null, "operator": null, "network": null, "centroid_lat": 5.5342555, "centroid_lon": -0.2377406 }, "geometry": { "type": "Point", "coordinates": [ -0.2377406, 5.5342555 ] } },
{ "type": "Feature", "properties": { "osmid": 4980974759, "element": "node", "name": "Market", "hub_type": "bus", "hub_scale": "stop", "amenity": null, "railway": null, "public_transport": "platform", "highway": "bus_stop", "aeroway": null, "building": null, "operator": null, "network": null, "centroid_lat": 5.5320138, "centroid_lon": -0.237275 }, "geometry": { "type": "Point", "coordinates": [ -0.237275, 5.5320138 ] } },
{ "type": "Feature", "properties": { "osmid": 4980974760, "element": "node", "name": "Salvation Army", "hub_type": "bus", "hub_scale": "stop", "amenity": null, "railway": null, "public_transport": "platform", "highway": "bus_stop", "aeroway": null, "building": null, "operator": null, "network": null, "centroid_lat": 5.5416466, "centroid_lon": -0.2395311 }, "geometry": { "type": "Point", "coordinates": [ -0.2395311, 5.5416466 ] } },
{ "type": "Feature", "properties": { "osmid": 4980974761, "element": "node", "name": "Zongo Junction", "hub_type": "bus", "hub_scale": "stop", "amenity": null, "railway": null, "public_transport": "platform", "highway": "bus_stop", "aeroway": null, "building": null, "operator": null, "network": null, "centroid_lat": 5.5575568, "centroid_lon": -0.2399215 }, "geometry": { "type": "Point", "coordinates": [ -0.2399215, 5.5575568 ] } },
{ "type": "Feature", "properties": { "osmid": 4980974762, "element": "node", "name": "Duanase", "hub_type": "bus", "hub_scale": "stop", "amenity": null, "railway": null, "public_transport": "platform", "highway": "bus_stop", "aeroway": null, "building": null, "operator": null, "network": null, "centroid_lat": 5.5295993, "centroid_lon": -0.2367828 }, "geometry": { "type": "Point", "coordinates": [ -0.2367828, 5.5295993 ] } },
{ "type": "Feature", "properties": { "osmid": 4980974763, "element": "node", "name": "Hotel Junction", "hub_type": "bus", "hub_scale": "stop", "amenity": null, "railway": null, "public_transport": "platform", "highway": "bus_stop", "aeroway": null, "building": null, "operator": null, "network": null, "centroid_lat": 5.5280014, "centroid_lon": -0.2342577 }, "geometry": { "type": "Point", "coordinates": [ -0.2342577, 5.5280014 ] } },
{ "type": "Feature", "properties": { "osmid": 4980974764, "element": "node", "name": "Sempe Second", "hub_type": "bus", "hub_scale": "stop", "amenity": null, "railway": null, "public_transport": "platform", "highway": "bus_stop", "aeroway": null, "building": null, "operator": null, "network": null, "centroid_lat": 5.5367807, "centroid_lon": -0.2383511 }, "geometry": { "type": "Point", "coordinates": [ -0.2383511, 5.5367807 ] } },
{ "type": "Feature", "properties": { "osmid": 4980974765, "element": "node", "name": "Black Smith", "hub_type": "bus", "hub_scale": "stop", "amenity": null, "railway": null, "public_transport": "platform", "highway": "bus_stop", "aeroway": null, "building": null, "operator": null, "network": null, "centroid_lat": 5.5508347, "centroid_lon": -0.2402081 }, "geometry": { "type": "Point", "coordinates": [ -0.2402081, 5.5508347 ] } },
{ "type": "Feature", "properties": { "osmid": 4980974766, "element": "node", "name": "White House", "hub_type": "bus", "hub_scale": "stop", "amenity": null, "railway": null, "public_transport": "platform", "highway": "bus_stop", "aeroway": null, "building": null, "operator": null, "network": null, "centroid_lat": 5.5276285, "centroid_lon": -0.2361356 }, "geometry": { "type": "Point", "coordinates": [ -0.2361356, 5.5276285 ] } },
{ "type": "Feature", "properties": { "osmid": 4980974767, "element": "node", "name": "Ejas", "hub_type": "bus", "hub_scale": "stop", "amenity": null, "railway": null, "public_transport": "platform", "highway": "bus_stop", "aeroway": null, "building": null, "operator": null, "network": null, "centroid_lat": 5.528899, "centroid_lon": -0.2317564 }, "geometry": { "type": "Point", "coordinates": [ -0.2317564, 5.528899 ] } },
{ "type": "Feature", "properties": { "osmid": 4980974768, "element": "node", "name": "Mamprobi Shell", "hub_type": "bus", "hub_scale": "stop", "amenity": null, "railway": null, "public_transport": "platform", "highway": "bus_stop", "aeroway": null, "building": null, "operator": null, "network": null, "centroid_lat": 5.5335068, "centroid_lon": -0.2375607 }, "geometry": { "type": "Point", "coordinates": [ -0.2375607, 5.5335068 ] } },
{ "type": "Feature", "properties": { "osmid": 4981090360, "element": "node", "name": "Achimota New Station", "hub_type": "bus", "hub_scale": "stop", "amenity": null, "railway": null, "public_transport": "platform", "highway": "bus_stop", "aeroway": null, "building": null, "operator": null, "network": null, "centroid_lat": 5.621493, "centroid_lon": -0.2259058 }, "geometry": { "type": "Point", "coordinates": [ -0.2259058, 5.621493 ] } },
{ "type": "Feature", "properties": { "osmid": 4981090361, "element": "node", "name": "Achimota Hospital", "hub_type": "bus", "hub_scale": "stop", "amenity": null, "railway": null, "public_transport": "platform", "highway": "bus_stop", "aeroway": null, "building": null, "operator": null, "network": null, "centroid_lat": 5.6275004, "centroid_lon": -0.2191415 }, "geometry": { "type": "Point", "coordinates": [ -0.2191415, 5.6275004 ] } },
{ "type": "Feature", "properties": { "osmid": 4981090362, "element": "node", "name": "Legon Station", "hub_type": "bus", "hub_scale": "stop", "amenity": null, "railway": null, "public_transport": "platform", "highway": "bus_stop", "aeroway": null, "building": null, "operator": null, "network": null, "centroid_lat": 5.6501681, "centroid_lon": -0.1789634 }, "geometry": { "type": "Point", "coordinates": [ -0.1789634, 5.6501681 ] } },
{ "type": "Feature", "properties": { "osmid": 4981090363, "element": "node", "name": "Ayido", "hub_type": "bus", "hub_scale": "stop", "amenity": null, "railway": null, "public_transport": "platform", "highway": "bus_stop", "aeroway": null, "building": null, "operator": null, "network": null, "centroid_lat": 5.6407052, "centroid_lon": -0.193736 }, "geometry": { "type": "Point", "coordinates": [ -0.193736, 5.6407052 ] } },
{ "type": "Feature", "properties": { "osmid": 4981090364, "element": "node", "name": "Legon Barrier", "hub_type": "bus", "hub_scale": "stop", "amenity": null, "railway": null, "public_transport": "platform", "highway": "bus_stop", "aeroway": null, "building": null, "operator": null, "network": null, "centroid_lat": 5.6415839, "centroid_lon": -0.1979135 }, "geometry": { "type": "Point", "coordinates": [ -0.1979135, 5.6415839 ] } },
{ "type": "Feature", "properties": { "osmid": 4981090365, "element": "node", "name": "Christian Village", "hub_type": "bus", "hub_scale": "stop", "amenity": null, "railway": null, "public_transport": "platform", "highway": "bus_stop", "aeroway": null, "building": null, "operator": null, "network": null, "centroid_lat": 5.6353879, "centroid_lon": -0.214652 }, "geometry": { "type": "Point", "coordinates": [ -0.214652, 5.6353879 ] } },
{ "type": "Feature", "properties": { "osmid": 4981090366, "element": "node", "name": "Achimota Club House", "hub_type": "bus", "hub_scale": "stop", "amenity": null, "railway": null, "public_transport": "platform", "highway": "bus_stop", "aeroway": null, "building": null, "operator": null, "network": null, "centroid_lat": 5.6220881, "centroid_lon": -0.2192451 }, "geometry": { "type": "Point", "coordinates": [ -0.2192451, 5.6220881 ] } },
{ "type": "Feature", "properties": { "osmid": 4981090367, "element": "node", "name": "Forestry Commission", "hub_type": "bus", "hub_scale": "stop", "amenity": null, "railway": null, "public_transport": "platform", "highway": "bus_stop", "aeroway": null, "building": null, "operator": null, "network": null, "centroid_lat": 5.6390987, "centroid_lon": -0.2088308 }, "geometry": { "type": "Point", "coordinates": [ -0.2088308, 5.6390987 ] } },
{ "type": "Feature", "properties": { "osmid": 4981090368, "element": "node", "name": "GIMPA", "hub_type": "bus", "hub_scale": "stop", "amenity": null, "railway": null, "public_transport": "platform", "highway": "bus_stop", "aeroway": null, "building": null, "operator": null, "network": null, "centroid_lat": 5.6413781, "centroid_lon": -0.2052399 }, "geometry": { "type": "Point", "coordinates": [ -0.2052399, 5.6413781 ] } },
{ "type": "Feature", "properties": { "osmid": 4981090369, "element": "node", "name": "Golf Park", "hub_type": "bus", "hub_scale": "stop", "amenity": null, "railway": null, "public_transport": "platform", "highway": "bus_stop", "aeroway": null, "building": null, "operator": null, "network": null, "centroid_lat": 5.6309218, "centroid_lon": -0.2188331 }, "geometry": { "type": "Point", "coordinates": [ -0.2188331, 5.6309218 ] } },
{ "type": "Feature", "properties": { "osmid": 4981090370, "element": "node", "name": "Kisseman Junction", "hub_type": "bus", "hub_scale": "stop", "amenity": null, "railway": null, "public_transport": "platform", "highway": "bus_stop", "aeroway": null, "building": null, "operator": null, "network": null, "centroid_lat": 5.637254, "centroid_lon": -0.2132336 }, "geometry": { "type": "Point", "coordinates": [ -0.2132336, 5.637254 ] } },
{ "type": "Feature", "properties": { "osmid": 4981090372, "element": "node", "name": "Legon Traffic Light", "hub_type": "bus", "hub_scale": "stop", "amenity": null, "railway": null, "public_transport": "platform", "highway": "bus_stop", "aeroway": null, "building": null, "operator": null, "network": null, "centroid_lat": 5.6405525, "centroid_lon": -0.1792475 }, "geometry": { "type": "Point", "coordinates": [ -0.1792475, 5.6405525 ] } },
{ "type": "Feature", "properties": { "osmid": 4981090374, "element": "node", "name": "Okponglo", "hub_type": "bus", "hub_scale": "stop", "amenity": null, "railway": null, "public_transport": "platform", "highway": "bus_stop", "aeroway": null, "building": null, "operator": null, "network": null, "centroid_lat": 5.6413411, "centroid_lon": -0.1780914 }, "geometry": { "type": "Point", "coordinates": [ -0.1780914, 5.6413411 ] } },
{ "type": "Feature", "properties": { "osmid": 4981090375, "element": "node", "name": "PWD", "hub_type": "bus", "hub_scale": "stop", "amenity": null, "railway": null, "public_transport": "platform", "highway": "bus_stop", "aeroway": null, "building": null, "operator": null, "network": null, "centroid_lat": 5.6240003, "centroid_lon": -0.2188871 }, "geometry": { "type": "Point", "coordinates": [ -0.2188871, 5.6240003 ] } },
{ "type": "Feature", "properties": { "osmid": 4981090376, "element": "node", "name": "Legon Primary School", "hub_type": "bus", "hub_scale": "stop", "amenity": null, "railway": null, "public_transport": "platform", "highway": "bus_stop", "aeroway": null, "building": null, "operator": null, "network": null, "centroid_lat": 5.642692, "centroid_lon": -0.1899442 }, "geometry": { "type": "Point", "coordinates": [ -0.1899442, 5.642692 ] } },
{ "type": "Feature", "properties": { "osmid": 4981090377, "element": "node", "name": "Airways Junction", "hub_type": "bus", "hub_scale": "stop", "amenity": null, "railway": null, "public_transport": "platform", "highway": "bus_stop", "aeroway": null, "building": null, "operator": null, "network": null, "centroid_lat": 5.6381796, "centroid_lon": -0.2108582 }, "geometry": { "type": "Point", "coordinates": [ -0.2108582, 5.6381796 ] } },
{ "type": "Feature", "properties": { "osmid": 4981090379, "element": "node", "name": "Pure Fire", "hub_type": "bus", "hub_scale": "stop", "amenity": null, "railway": null, "public_transport": "platform", "highway": "bus_stop", "aeroway": null, "building": null, "operator": null, "network": null, "centroid_lat": 5.6378831, "centroid_lon": -0.2118914 }, "geometry": { "type": "Point", "coordinates": [ -0.2118914, 5.6378831 ] } },
{ "type": "Feature", "properties": { "osmid": 4981090380, "element": "node", "name": "Legon First", "hub_type": "bus", "hub_scale": "stop", "amenity": null, "railway": null, "public_transport": "platform", "highway": "bus_stop", "aeroway": null, "building": null, "operator": null, "network": null, "centroid_lat": 5.6489286, "centroid_lon": -0.1795016 }, "geometry": { "type": "Point", "coordinates": [ -0.1795016, 5.6489286 ] } },
{ "type": "Feature", "properties": { "osmid": 4981090381, "element": "node", "name": "18", "hub_type": "bus", "hub_scale": "stop", "amenity": null, "railway": null, "public_transport": "platform", "highway": "bus_stop", "aeroway": null, "building": null, "operator": null, "network": null, "centroid_lat": 5.6409982, "centroid_lon": -0.1953423 }, "geometry": { "type": "Point", "coordinates": [ -0.1953423, 5.6409982 ] } },
{ "type": "Feature", "properties": { "osmid": 4982950468, "element": "node", "name": "El-Wak Stadium", "hub_type": "bus", "hub_scale": "stop", "amenity": null, "railway": null, "public_transport": "platform", "highway": "bus_stop", "aeroway": null, "building": null, "operator": null, "network": null, "centroid_lat": 5.587359, "centroid_lon": -0.1746428 }, "geometry": { "type": "Point", "coordinates": [ -0.1746428, 5.587359 ] } },
{ "type": "Feature", "properties": { "osmid": 4982950469, "element": "node", "name": "37 Last Stop", "hub_type": "bus", "hub_scale": "stop", "amenity": null, "railway": null, "public_transport": "platform", "highway": "bus_stop", "aeroway": null, "building": null, "operator": null, "network": null, "centroid_lat": 5.5884392, "centroid_lon": -0.1797724 }, "geometry": { "type": "Point", "coordinates": [ -0.1797724, 5.5884392 ] } },
{ "type": "Feature", "properties": { "osmid": 4982950470, "element": "node", "name": "37 First Gate", "hub_type": "bus", "hub_scale": "stop", "amenity": null, "railway": null, "public_transport": "platform", "highway": "bus_stop", "aeroway": null, "building": null, "operator": null, "network": null, "centroid_lat": 5.5902669, "centroid_lon": -0.1828992 }, "geometry": { "type": "Point", "coordinates": [ -0.1828992, 5.5902669 ] } },
{ "type": "Feature", "properties": { "osmid": 4982950471, "element": "node", "name": "Culture", "hub_type": "bus", "hub_scale": "stop", "amenity": null, "railway": null, "public_transport": "platform", "highway": "bus_stop", "aeroway": null, "building": null, "operator": null, "network": null, "centroid_lat": 5.593304, "centroid_lon": -0.1852414 }, "geometry": { "type": "Point", "coordinates": [ -0.1852414, 5.593304 ] } },
{ "type": "Feature", "properties": { "osmid": 4982950472, "element": "node", "name": "Kawukudi", "hub_type": "bus", "hub_scale": "stop", "amenity": null, "railway": null, "public_transport": "platform", "highway": "bus_stop", "aeroway": null, "building": null, "operator": null, "network": null, "centroid_lat": 5.5947696, "centroid_lon": -0.1885244 }, "geometry": { "type": "Point", "coordinates": [ -0.1885244, 5.5947696 ] } },
{ "type": "Feature", "properties": { "osmid": 4982950473, "element": "node", "name": "Accra Girls", "hub_type": "bus", "hub_scale": "stop", "amenity": null, "railway": null, "public_transport": "platform", "highway": "bus_stop", "aeroway": null, "building": null, "operator": null, "network": null, "centroid_lat": 5.5982415, "centroid_lon": -0.1934691 }, "geometry": { "type": "Point", "coordinates": [ -0.1934691, 5.5982415 ] } },
{ "type": "Feature", "properties": { "osmid": 4982950474, "element": "node", "name": "Pig Farm Junction", "hub_type": "bus", "hub_scale": "stop", "amenity": null, "railway": null, "public_transport": "platform", "highway": "bus_stop", "aeroway": null, "building": null, "operator": null, "network": null, "centroid_lat": 5.5998915, "centroid_lon": -0.1959488 }, "geometry": { "type": "Point", "coordinates": [ -0.1959488, 5.5998915 ] } },
{ "type": "Feature", "properties": { "osmid": 4982950475, "element": "node", "name": "Ebony", "hub_type": "bus", "hub_scale": "stop", "amenity": null, "railway": null, "public_transport": "platform", "highway": "bus_stop", "aeroway": null, "building": null, "operator": null, "network": null, "centroid_lat": 5.6048206, "centroid_lon": -0.2035153 }, "geometry": { "type": "Point", "coordinates": [ -0.2035153, 5.6048206 ] } },
{ "type": "Feature", "properties": { "osmid": 4982950476, "element": "node", "name": "Dzorwulu Junction", "hub_type": "bus", "hub_scale": "stop", "amenity": null, "railway": null, "public_transport": "platform", "highway": "bus_stop", "aeroway": null, "building": null, "operator": null, "network": null, "centroid_lat": 5.6071496, "centroid_lon": -0.2070947 }, "geometry": { "type": "Point", "coordinates": [ -0.2070947, 5.6071496 ] } },
{ "type": "Feature", "properties": { "osmid": 4982950477, "element": "node", "name": "Abelenkpe Junction", "hub_type": "bus", "hub_scale": "stop", "amenity": null, "railway": null, "public_transport": "platform", "highway": "bus_stop", "aeroway": null, "building": null, "operator": null, "network": null, "centroid_lat": 5.610252, "centroid_lon": -0.211521 }, "geometry": { "type": "Point", "coordinates": [ -0.211521, 5.610252 ] } },
{ "type": "Feature", "properties": { "osmid": 4982950478, "element": "node", "name": "CP", "hub_type": "bus", "hub_scale": "stop", "amenity": null, "railway": null, "public_transport": "platform", "highway": "bus_stop", "aeroway": null, "building": null, "operator": null, "network": null, "centroid_lat": 5.6145417, "centroid_lon": -0.2164891 }, "geometry": { "type": "Point", "coordinates": [ -0.2164891, 5.6145417 ] } },
{ "type": "Feature", "properties": { "osmid": 4982950479, "element": "node", "name": "Achimota Overhead", "hub_type": "bus", "hub_scale": "stop", "amenity": null, "railway": null, "public_transport": "platform", "highway": "bus_stop", "aeroway": null, "building": null, "operator": null, "network": null, "centroid_lat": 5.6126652, "centroid_lon": -0.2263945 }, "geometry": { "type": "Point", "coordinates": [ -0.2263945, 5.6126652 ] } },
{ "type": "Feature", "properties": { "osmid": 4982950480, "element": "node", "name": "Abeka Lapaz (Nii Boi)", "hub_type": "bus", "hub_scale": "stop", "amenity": null, "railway": null, "public_transport": "platform", "highway": "bus_stop", "aeroway": null, "building": null, "operator": null, "network": null, "centroid_lat": 5.6077389, "centroid_lon": -0.245237 }, "geometry": { "type": "Point", "coordinates": [ -0.245237, 5.6077389 ] } },
{ "type": "Feature", "properties": { "osmid": 4982969835, "element": "node", "name": null, "hub_type": "bus", "hub_scale": "stop", "amenity": null, "railway": null, "public_transport": "stop_position", "highway": null, "aeroway": null, "building": null, "operator": null, "network": null, "centroid_lat": 5.588798, "centroid_lon": -0.1797093 }, "geometry": { "type": "Point", "coordinates": [ -0.1797093, 5.588798 ] } },
{ "type": "Feature", "properties": { "osmid": 4983237008, "element": "node", "name": "Lapaz Station", "hub_type": "bus", "hub_scale": "stop", "amenity": null, "railway": null, "public_transport": "platform", "highway": "bus_stop", "aeroway": null, "building": null, "operator": null, "network": null, "centroid_lat": 5.6080792, "centroid_lon": -0.249778 }, "geometry": { "type": "Point", "coordinates": [ -0.249778, 5.6080792 ] } },
{ "type": "Feature", "properties": { "osmid": 4983237009, "element": "node", "name": "Lapaz Last stop", "hub_type": "bus", "hub_scale": "stop", "amenity": null, "railway": null, "public_transport": "platform", "highway": "bus_stop", "aeroway": null, "building": null, "operator": null, "network": null, "centroid_lat": 5.6094963, "centroid_lon": -0.2508921 }, "geometry": { "type": "Point", "coordinates": [ -0.2508921, 5.6094963 ] } },
{ "type": "Feature", "properties": { "osmid": 4983237010, "element": "node", "name": "Lapaz Community Junction", "hub_type": "bus", "hub_scale": "stop", "amenity": null, "railway": null, "public_transport": "platform", "highway": "bus_stop", "aeroway": null, "building": null, "operator": null, "network": null, "centroid_lat": 5.606581, "centroid_lon": -0.2549457 }, "geometry": { "type": "Point", "coordinates": [ -0.2549457, 5.606581 ] } },
{ "type": "Feature", "properties": { "osmid": 4983237011, "element": "node", "name": "Lapaz Market", "hub_type": "bus", "hub_scale": "stop", "amenity": null, "railway": null, "public_transport": "platform", "highway": "bus_stop", "aeroway": null, "building": null, "operator": null, "network": null, "centroid_lat": 5.6074265, "centroid_lon": -0.2571886 }, "geometry": { "type": "Point", "coordinates": [ -0.2571886, 5.6074265 ] } },
{ "type": "Feature", "properties": { "osmid": 4983237012, "element": "node", "name": "Tabora Number 3", "hub_type": "bus", "hub_scale": "stop", "amenity": null, "railway": null, "public_transport": "platform", "highway": "bus_stop", "aeroway": null, "building": null, "operator": null, "network": null, "centroid_lat": 5.6072264, "centroid_lon": -0.2586053 }, "geometry": { "type": "Point", "coordinates": [ -0.2586053, 5.6072264 ] } },
{ "type": "Feature", "properties": { "osmid": 4983237013, "element": "node", "name": "Tabora Number2", "hub_type": "bus", "hub_scale": "stop", "amenity": null, "railway": null, "public_transport": "platform", "highway": "bus_stop", "aeroway": null, "building": null, "operator": null, "network": null, "centroid_lat": 5.6060498, "centroid_lon": -0.2604171 }, "geometry": { "type": "Point", "coordinates": [ -0.2604171, 5.6060498 ] } },
{ "type": "Feature", "properties": { "osmid": 4983237014, "element": "node", "name": "Ahenfie", "hub_type": "bus", "hub_scale": "stop", "amenity": null, "railway": null, "public_transport": "platform", "highway": "bus_stop", "aeroway": null, "building": null, "operator": null, "network": null, "centroid_lat": 5.606501, "centroid_lon": -0.260941 }, "geometry": { "type": "Point", "coordinates": [ -0.260941, 5.606501 ] } },
{ "type": "Feature", "properties": { "osmid": 4983237015, "element": "node", "name": "Race Course Blue Gate", "hub_type": "bus", "hub_scale": "stop", "amenity": null, "railway": null, "public_transport": "platform", "highway": "bus_stop", "aeroway": null, "building": null, "operator": null, "network": null, "centroid_lat": 5.6074933, "centroid_lon": -0.2623911 }, "geometry": { "type": "Point", "coordinates": [ -0.2623911, 5.6074933 ] } },
{ "type": "Feature", "properties": { "osmid": 4983237016, "element": "node", "name": "School Junction Race Course", "hub_type": "bus", "hub_scale": "stop", "amenity": null, "railway": null, "public_transport": "platform", "highway": "bus_stop", "aeroway": null, "building": null, "operator": null, "network": null, "centroid_lat": 5.6082761, "centroid_lon": -0.2632488 }, "geometry": { "type": "Point", "coordinates": [ -0.2632488, 5.6082761 ] } },
{ "type": "Feature", "properties": { "osmid": 4984741723, "element": "node", "name": "Airport Second", "hub_type": "bus", "hub_scale": "stop", "amenity": null, "railway": null, "public_transport": "platform", "highway": "bus_stop", "aeroway": null, "building": null, "operator": null, "network": null, "centroid_lat": 5.6098268, "centroid_lon": -0.1765847 }, "geometry": { "type": "Point", "coordinates": [ -0.1765847, 5.6098268 ] } },
{ "type": "Feature", "properties": { "osmid": 4984742321, "element": "node", "name": "Flagstaff House", "hub_type": "bus", "hub_scale": "stop", "amenity": null, "railway": null, "public_transport": "platform", "highway": "bus_stop", "aeroway": null, "building": null, "operator": null, "network": null, "centroid_lat": 5.5762059, "centroid_lon": -0.1879467 }, "geometry": { "type": "Point", "coordinates": [ -0.1879467, 5.5762059 ] } },
{ "type": "Feature", "properties": { "osmid": 4985315422, "element": "node", "name": "Accra Royal", "hub_type": "bus", "hub_scale": "stop", "amenity": null, "railway": null, "public_transport": "platform", "highway": "bus_stop", "aeroway": null, "building": null, "operator": null, "network": null, "centroid_lat": 5.5380444, "centroid_lon": -0.2217799 }, "geometry": { "type": "Point", "coordinates": [ -0.2217799, 5.5380444 ] } },
{ "type": "Feature", "properties": { "osmid": 4987994166, "element": "node", "name": "Accra Bishop", "hub_type": "bus", "hub_scale": "interchange", "amenity": "bus_station", "railway": null, "public_transport": "station", "highway": null, "aeroway": null, "building": null, "operator": null, "network": null, "centroid_lat": 5.5432439, "centroid_lon": -0.2046452 }, "geometry": { "type": "Point", "coordinates": [ -0.2046452, 5.5432439 ] } },
{ "type": "Feature", "properties": { "osmid": 4987994168, "element": "node", "name": "Efex Executive", "hub_type": "bus", "hub_scale": "interchange", "amenity": "bus_station", "railway": null, "public_transport": null, "highway": null, "aeroway": null, "building": null, "operator": null, "network": null, "centroid_lat": 5.5581947, "centroid_lon": -0.2134308 }, "geometry": { "type": "Point", "coordinates": [ -0.2134308, 5.5581947 ] } },
{ "type": "Feature", "properties": { "osmid": 4989358232, "element": "node", "name": "First Light", "hub_type": "bus", "hub_scale": "stop", "amenity": null, "railway": null, "public_transport": "platform", "highway": "bus_stop", "aeroway": null, "building": null, "operator": null, "network": null, "centroid_lat": 5.5695562, "centroid_lon": -0.2426319 }, "geometry": { "type": "Point", "coordinates": [ -0.2426319, 5.5695562 ] } },
{ "type": "Feature", "properties": { "osmid": 4989366228, "element": "node", "name": "Circle Neoplan Station", "hub_type": "bus", "hub_scale": "stop", "amenity": null, "railway": null, "public_transport": "platform", "highway": "bus_stop", "aeroway": null, "building": null, "operator": null, "network": null, "centroid_lat": 5.5690587, "centroid_lon": -0.2182021 }, "geometry": { "type": "Point", "coordinates": [ -0.2182021, 5.5690587 ] } },
{ "type": "Feature", "properties": { "osmid": 4990070158, "element": "node", "name": "Circle", "hub_type": "bus", "hub_scale": "stop", "amenity": null, "railway": null, "public_transport": "platform", "highway": "bus_stop", "aeroway": null, "building": null, "operator": null, "network": null, "centroid_lat": 5.5697473, "centroid_lon": -0.2167595 }, "geometry": { "type": "Point", "coordinates": [ -0.2167595, 5.5697473 ] } },
{ "type": "Feature", "properties": { "osmid": 4990070159, "element": "node", "name": null, "hub_type": "bus", "hub_scale": "interchange", "amenity": "bus_station", "railway": null, "public_transport": "station", "highway": null, "aeroway": null, "building": null, "operator": null, "network": null, "centroid_lat": 5.5706194, "centroid_lon": -0.2132778 }, "geometry": { "type": "Point", "coordinates": [ -0.2132778, 5.5706194 ] } },
{ "type": "Feature", "properties": { "osmid": 4990070160, "element": "node", "name": "Circle Asoredanho", "hub_type": "bus", "hub_scale": "stop", "amenity": null, "railway": null, "public_transport": "platform", "highway": "bus_stop", "aeroway": null, "building": null, "operator": null, "network": null, "centroid_lat": 5.5756325, "centroid_lon": -0.2167254 }, "geometry": { "type": "Point", "coordinates": [ -0.2167254, 5.5756325 ] } },
{ "type": "Feature", "properties": { "osmid": 4990070161, "element": "node", "name": "Caprice", "hub_type": "bus", "hub_scale": "stop", "amenity": null, "railway": null, "public_transport": "platform", "highway": "bus_stop", "aeroway": null, "building": null, "operator": null, "network": null, "centroid_lat": 5.5839552, "centroid_lon": -0.2170401 }, "geometry": { "type": "Point", "coordinates": [ -0.2170401, 5.5839552 ] } },
{ "type": "Feature", "properties": { "osmid": 4990070162, "element": "node", "name": "Alajo", "hub_type": "bus", "hub_scale": "stop", "amenity": null, "railway": null, "public_transport": "platform", "highway": "bus_stop", "aeroway": null, "building": null, "operator": null, "network": null, "centroid_lat": 5.5879415, "centroid_lon": -0.2181552 }, "geometry": { "type": "Point", "coordinates": [ -0.2181552, 5.5879415 ] } },
{ "type": "Feature", "properties": { "osmid": 4990070163, "element": "node", "name": "CAT", "hub_type": "bus", "hub_scale": "stop", "amenity": null, "railway": null, "public_transport": "platform", "highway": "bus_stop", "aeroway": null, "building": null, "operator": null, "network": null, "centroid_lat": 5.5951809, "centroid_lon": -0.2219576 }, "geometry": { "type": "Point", "coordinates": [ -0.2219576, 5.5951809 ] } },
{ "type": "Feature", "properties": { "osmid": 4990070164, "element": "node", "name": "Abeka Junction", "hub_type": "bus", "hub_scale": "stop", "amenity": null, "railway": null, "public_transport": "platform", "highway": "bus_stop", "aeroway": null, "building": null, "operator": null, "network": null, "centroid_lat": 5.5989245, "centroid_lon": -0.2239655 }, "geometry": { "type": "Point", "coordinates": [ -0.2239655, 5.5989245 ] } },
{ "type": "Feature", "properties": { "osmid": 4990070165, "element": "node", "name": "Abeka Junction Curve", "hub_type": "bus", "hub_scale": "stop", "amenity": null, "railway": null, "public_transport": "platform", "highway": "bus_stop", "aeroway": null, "building": null, "operator": null, "network": null, "centroid_lat": 5.5993959, "centroid_lon": -0.2245869 }, "geometry": { "type": "Point", "coordinates": [ -0.2245869, 5.5993959 ] } },
{ "type": "Feature", "properties": { "osmid": 4990070166, "element": "node", "name": "Total", "hub_type": "bus", "hub_scale": "stop", "amenity": null, "railway": null, "public_transport": "platform", "highway": "bus_stop", "aeroway": null, "building": null, "operator": null, "network": null, "centroid_lat": 5.5980065, "centroid_lon": -0.2333215 }, "geometry": { "type": "Point", "coordinates": [ -0.2333215, 5.5980065 ] } },
{ "type": "Feature", "properties": { "osmid": 4990070167, "element": "node", "name": "Adom Junction", "hub_type": "bus", "hub_scale": "stop", "amenity": null, "railway": null, "public_transport": "platform", "highway": "bus_stop", "aeroway": null, "building": null, "operator": null, "network": null, "centroid_lat": 5.5995687, "centroid_lon": -0.2368642 }, "geometry": { "type": "Point", "coordinates": [ -0.2368642, 5.5995687 ] } },
{ "type": "Feature", "properties": { "osmid": 4990070168, "element": "node", "name": "Free Pipe", "hub_type": "bus", "hub_scale": "stop", "amenity": null, "railway": null, "public_transport": "platform", "highway": "bus_stop", "aeroway": null, "building": null, "operator": null, "network": null, "centroid_lat": 5.5998619, "centroid_lon": -0.2376645 }, "geometry": { "type": "Point", "coordinates": [ -0.2376645, 5.5998619 ] } },
{ "type": "Feature", "properties": { "osmid": 4990070169, "element": "node", "name": "Abeka Main Market", "hub_type": "bus", "hub_scale": "stop", "amenity": null, "railway": null, "public_transport": "platform", "highway": "bus_stop", "aeroway": null, "building": null, "operator": null, "network": null, "centroid_lat": 5.6008086, "centroid_lon": -0.2393011 }, "geometry": { "type": "Point", "coordinates": [ -0.2393011, 5.6008086 ] } },
{ "type": "Feature", "properties": { "osmid": 4990070170, "element": "node", "name": "Fadama", "hub_type": "bus", "hub_scale": "stop", "amenity": null, "railway": null, "public_transport": "platform", "highway": "bus_stop", "aeroway": null, "building": null, "operator": null, "network": null, "centroid_lat": 5.601748, "centroid_lon": -0.2407929 }, "geometry": { "type": "Point", "coordinates": [ -0.2407929, 5.601748 ] } },
{ "type": "Feature", "properties": { "osmid": 4990070171, "element": "node", "name": "Eno", "hub_type": "bus", "hub_scale": "stop", "amenity": null, "railway": null, "public_transport": "platform", "highway": "bus_stop", "aeroway": null, "building": null, "operator": null, "network": null, "centroid_lat": 5.6027454, "centroid_lon": -0.2419788 }, "geometry": { "type": "Point", "coordinates": [ -0.2419788, 5.6027454 ] } },
{ "type": "Feature", "properties": { "osmid": 4990070172, "element": "node", "name": "Fadama Junction", "hub_type": "bus", "hub_scale": "stop", "amenity": null, "railway": null, "public_transport": "platform", "highway": "bus_stop", "aeroway": null, "building": null, "operator": null, "network": null, "centroid_lat": 5.6031976, "centroid_lon": -0.2427124 }, "geometry": { "type": "Point", "coordinates": [ -0.2427124, 5.6031976 ] } },
{ "type": "Feature", "properties": { "osmid": 4990070173, "element": "node", "name": "Abeka Post Office", "hub_type": "bus", "hub_scale": "stop", "amenity": null, "railway": null, "public_transport": "platform", "highway": "bus_stop", "aeroway": null, "building": null, "operator": null, "network": null, "centroid_lat": 5.6040435, "centroid_lon": -0.2439488 }, "geometry": { "type": "Point", "coordinates": [ -0.2439488, 5.6040435 ] } },
{ "type": "Feature", "properties": { "osmid": 4990070174, "element": "node", "name": "Abeka Lapaz", "hub_type": "bus", "hub_scale": "stop", "amenity": null, "railway": null, "public_transport": "platform", "highway": "bus_stop", "aeroway": null, "building": null, "operator": null, "network": null, "centroid_lat": 5.6064091, "centroid_lon": -0.2490744 }, "geometry": { "type": "Point", "coordinates": [ -0.2490744, 5.6064091 ] } },
{ "type": "Feature", "properties": { "osmid": 4990162109, "element": "node", "name": "Circle", "hub_type": "bus", "hub_scale": "stop", "amenity": null, "railway": null, "public_transport": "platform", "highway": "bus_stop", "aeroway": null, "building": null, "operator": null, "network": null, "centroid_lat": 5.5706712, "centroid_lon": -0.2132909 }, "geometry": { "type": "Point", "coordinates": [ -0.2132909, 5.5706712 ] } },
{ "type": "Feature", "properties": { "osmid": 4990162110, "element": "node", "name": "Abotare", "hub_type": "bus", "hub_scale": "stop", "amenity": null, "railway": null, "public_transport": "platform", "highway": "bus_stop", "aeroway": null, "building": null, "operator": null, "network": null, "centroid_lat": 5.6050751, "centroid_lon": -0.2452697 }, "geometry": { "type": "Point", "coordinates": [ -0.2452697, 5.6050751 ] } },
{ "type": "Feature", "properties": { "osmid": 4990162111, "element": "node", "name": "Abeka Post Office", "hub_type": "bus", "hub_scale": "stop", "amenity": null, "railway": null, "public_transport": "platform", "highway": "bus_stop", "aeroway": null, "building": null, "operator": null, "network": null, "centroid_lat": 5.6039385, "centroid_lon": -0.2436463 }, "geometry": { "type": "Point", "coordinates": [ -0.2436463, 5.6039385 ] } },
{ "type": "Feature", "properties": { "osmid": 4990162112, "element": "node", "name": "Fadama Junction", "hub_type": "bus", "hub_scale": "stop", "amenity": null, "railway": null, "public_transport": "platform", "highway": "bus_stop", "aeroway": null, "building": null, "operator": null, "network": null, "centroid_lat": 5.6030771, "centroid_lon": -0.2424967 }, "geometry": { "type": "Point", "coordinates": [ -0.2424967, 5.6030771 ] } },
{ "type": "Feature", "properties": { "osmid": 4990162113, "element": "node", "name": "Eno", "hub_type": "bus", "hub_scale": "stop", "amenity": null, "railway": null, "public_transport": "platform", "highway": "bus_stop", "aeroway": null, "building": null, "operator": null, "network": null, "centroid_lat": 5.602627, "centroid_lon": -0.241571 }, "geometry": { "type": "Point", "coordinates": [ -0.241571, 5.602627 ] } },
{ "type": "Feature", "properties": { "osmid": 4990162114, "element": "node", "name": "Abeka Main Market", "hub_type": "bus", "hub_scale": "stop", "amenity": null, "railway": null, "public_transport": "platform", "highway": "bus_stop", "aeroway": null, "building": null, "operator": null, "network": null, "centroid_lat": 5.6007988, "centroid_lon": -0.2391297 }, "geometry": { "type": "Point", "coordinates": [ -0.2391297, 5.6007988 ] } },
{ "type": "Feature", "properties": { "osmid": 4990162115, "element": "node", "name": "Free Pipe", "hub_type": "bus", "hub_scale": "stop", "amenity": null, "railway": null, "public_transport": "platform", "highway": "bus_stop", "aeroway": null, "building": null, "operator": null, "network": null, "centroid_lat": 5.599799, "centroid_lon": -0.2373871 }, "geometry": { "type": "Point", "coordinates": [ -0.2373871, 5.599799 ] } },
{ "type": "Feature", "properties": { "osmid": 4990162116, "element": "node", "name": "Adom Junction", "hub_type": "bus", "hub_scale": "stop", "amenity": null, "railway": null, "public_transport": "platform", "highway": "bus_stop", "aeroway": null, "building": null, "operator": null, "network": null, "centroid_lat": 5.5996325, "centroid_lon": -0.2369134 }, "geometry": { "type": "Point", "coordinates": [ -0.2369134, 5.5996325 ] } },
{ "type": "Feature", "properties": { "osmid": 4990162117, "element": "node", "name": "Total Curve", "hub_type": "bus", "hub_scale": "stop", "amenity": null, "railway": null, "public_transport": "platform", "highway": "bus_stop", "aeroway": null, "building": null, "operator": null, "network": null, "centroid_lat": 5.5984513, "centroid_lon": -0.2336448 }, "geometry": { "type": "Point", "coordinates": [ -0.2336448, 5.5984513 ] } },
{ "type": "Feature", "properties": { "osmid": 4990162118, "element": "node", "name": "Total", "hub_type": "bus", "hub_scale": "stop", "amenity": null, "railway": null, "public_transport": "platform", "highway": "bus_stop", "aeroway": null, "building": null, "operator": null, "network": null, "centroid_lat": 5.5981008, "centroid_lon": -0.2330082 }, "geometry": { "type": "Point", "coordinates": [ -0.2330082, 5.5981008 ] } },
{ "type": "Feature", "properties": { "osmid": 4990162119, "element": "node", "name": "Abeka Junction Curve", "hub_type": "bus", "hub_scale": "stop", "amenity": null, "railway": null, "public_transport": "platform", "highway": "bus_stop", "aeroway": null, "building": null, "operator": null, "network": null, "centroid_lat": 5.5995047, "centroid_lon": -0.2247836 }, "geometry": { "type": "Point", "coordinates": [ -0.2247836, 5.5995047 ] } },
{ "type": "Feature", "properties": { "osmid": 4990162120, "element": "node", "name": "Abeka Junction", "hub_type": "bus", "hub_scale": "stop", "amenity": null, "railway": null, "public_transport": "platform", "highway": "bus_stop", "aeroway": null, "building": null, "operator": null, "network": null, "centroid_lat": 5.5985513, "centroid_lon": -0.2234973 }, "geometry": { "type": "Point", "coordinates": [ -0.2234973, 5.5985513 ] } },
{ "type": "Feature", "properties": { "osmid": 4990163121, "element": "node", "name": "Alajo", "hub_type": "bus", "hub_scale": "stop", "amenity": null, "railway": null, "public_transport": "platform", "highway": "bus_stop", "aeroway": null, "building": null, "operator": null, "network": null, "centroid_lat": 5.5909137, "centroid_lon": -0.2183032 }, "geometry": { "type": "Point", "coordinates": [ -0.2183032, 5.5909137 ] } },
{ "type": "Feature", "properties": { "osmid": 4990163122, "element": "node", "name": "Caprice", "hub_type": "bus", "hub_scale": "stop", "amenity": null, "railway": null, "public_transport": "platform", "highway": "bus_stop", "aeroway": null, "building": null, "operator": null, "network": null, "centroid_lat": 5.5825335, "centroid_lon": -0.2166779 }, "geometry": { "type": "Point", "coordinates": [ -0.2166779, 5.5825335 ] } },
{ "type": "Feature", "properties": { "osmid": 4990163123, "element": "node", "name": "Circle Asoredanho", "hub_type": "bus", "hub_scale": "stop", "amenity": null, "railway": null, "public_transport": "platform", "highway": "bus_stop", "aeroway": null, "building": null, "operator": null, "network": null, "centroid_lat": 5.5754508, "centroid_lon": -0.2165312 }, "geometry": { "type": "Point", "coordinates": [ -0.2165312, 5.5754508 ] } },
{ "type": "Feature", "properties": { "osmid": 4990163124, "element": "node", "name": "Circle", "hub_type": "bus", "hub_scale": "stop", "amenity": null, "railway": null, "public_transport": "platform", "highway": "bus_stop", "aeroway": null, "building": null, "operator": null, "network": null, "centroid_lat": 5.5714604, "centroid_lon": -0.2158739 }, "geometry": { "type": "Point", "coordinates": [ -0.2158739, 5.5714604 ] } },
{ "type": "Feature", "properties": { "osmid": 4990163125, "element": "node", "name": "Circle Overhead", "hub_type": "bus", "hub_scale": "stop", "amenity": null, "railway": null, "public_transport": "platform", "highway": "bus_stop", "aeroway": null, "building": null, "operator": null, "network": null, "centroid_lat": 5.57017, "centroid_lon": -0.2140057 }, "geometry": { "type": "Point", "coordinates": [ -0.2140057, 5.57017 ] } },
{ "type": "Feature", "properties": { "osmid": 4990252736, "element": "node", "name": "Abeka Lapaz", "hub_type": "bus", "hub_scale": "stop", "amenity": null, "railway": null, "public_transport": "platform", "highway": "bus_stop", "aeroway": null, "building": null, "operator": null, "network": null, "centroid_lat": 5.6091997, "centroid_lon": -0.2476072 }, "geometry": { "type": "Point", "coordinates": [ -0.2476072, 5.6091997 ] } },
{ "type": "Feature", "properties": { "osmid": 4990423833, "element": "node", "name": "MTN", "hub_type": "bus", "hub_scale": "stop", "amenity": null, "railway": null, "public_transport": "platform", "highway": "bus_stop", "aeroway": null, "building": null, "operator": null, "network": null, "centroid_lat": 5.6094268, "centroid_lon": -0.2457398 }, "geometry": { "type": "Point", "coordinates": [ -0.2457398, 5.6094268 ] } },
{ "type": "Feature", "properties": { "osmid": 4990423834, "element": "node", "name": "Container", "hub_type": "bus", "hub_scale": "stop", "amenity": null, "railway": null, "public_transport": "platform", "highway": "bus_stop", "aeroway": null, "building": null, "operator": null, "network": null, "centroid_lat": 5.612947, "centroid_lon": -0.2450317 }, "geometry": { "type": "Point", "coordinates": [ -0.2450317, 5.612947 ] } },
{ "type": "Feature", "properties": { "osmid": 4990423835, "element": "node", "name": "Nii Boi Station", "hub_type": "bus", "hub_scale": "stop", "amenity": null, "railway": null, "public_transport": "platform", "highway": "bus_stop", "aeroway": null, "building": null, "operator": null, "network": null, "centroid_lat": 5.6137295, "centroid_lon": -0.2452452 }, "geometry": { "type": "Point", "coordinates": [ -0.2452452, 5.6137295 ] } },
{ "type": "Feature", "properties": { "osmid": 4990423836, "element": "node", "name": "High Tension", "hub_type": "bus", "hub_scale": "stop", "amenity": null, "railway": null, "public_transport": "platform", "highway": "bus_stop", "aeroway": null, "building": null, "operator": null, "network": null, "centroid_lat": 5.6160195, "centroid_lon": -0.2484028 }, "geometry": { "type": "Point", "coordinates": [ -0.2484028, 5.6160195 ] } },
{ "type": "Feature", "properties": { "osmid": 4990644969, "element": "node", "name": "Parakuo", "hub_type": "bus", "hub_scale": "stop", "amenity": null, "railway": null, "public_transport": "platform", "highway": "bus_stop", "aeroway": null, "building": null, "operator": null, "network": null, "centroid_lat": 5.6233422, "centroid_lon": -0.073187 }, "geometry": { "type": "Point", "coordinates": [ -0.073187, 5.6233422 ] } },
{ "type": "Feature", "properties": { "osmid": 4990644970, "element": "node", "name": "18 Junction", "hub_type": "bus", "hub_scale": "stop", "amenity": null, "railway": null, "public_transport": "platform", "highway": "bus_stop", "aeroway": null, "building": null, "operator": null, "network": null, "centroid_lat": 5.6248519, "centroid_lon": -0.0759337 }, "geometry": { "type": "Point", "coordinates": [ -0.0759337, 5.6248519 ] } },
{ "type": "Feature", "properties": { "osmid": 4990644971, "element": "node", "name": "Texpo", "hub_type": "bus", "hub_scale": "stop", "amenity": null, "railway": null, "public_transport": "platform", "highway": "bus_stop", "aeroway": null, "building": null, "operator": null, "network": null, "centroid_lat": 5.6254676, "centroid_lon": -0.0793497 }, "geometry": { "type": "Point", "coordinates": [ -0.0793497, 5.6254676 ] } },
{ "type": "Feature", "properties": { "osmid": 4990644972, "element": "node", "name": "Victory Signboard", "hub_type": "bus", "hub_scale": "stop", "amenity": null, "railway": null, "public_transport": "platform", "highway": "bus_stop", "aeroway": null, "building": null, "operator": null, "network": null, "centroid_lat": 5.6260024, "centroid_lon": -0.0826056 }, "geometry": { "type": "Point", "coordinates": [ -0.0826056, 5.6260024 ] } },
{ "type": "Feature", "properties": { "osmid": 4990644973, "element": "node", "name": "White House", "hub_type": "bus", "hub_scale": "stop", "amenity": null, "railway": null, "public_transport": "platform", "highway": "bus_stop", "aeroway": null, "building": null, "operator": null, "network": null, "centroid_lat": 5.6270038, "centroid_lon": -0.0855121 }, "geometry": { "type": "Point", "coordinates": [ -0.0855121, 5.6270038 ] } },
{ "type": "Feature", "properties": { "osmid": 4990644974, "element": "node", "name": "Baatsona Total", "hub_type": "bus", "hub_scale": "stop", "amenity": null, "railway": null, "public_transport": "platform", "highway": "bus_stop", "aeroway": null, "building": null, "operator": null, "network": null, "centroid_lat": 5.62764, "centroid_lon": -0.0871177 }, "geometry": { "type": "Point", "coordinates": [ -0.0871177, 5.62764 ] } },
{ "type": "Feature", "properties": { "osmid": 4990644975, "element": "node", "name": "Kotobaabi / Ecobank", "hub_type": "bus", "hub_scale": "stop", "amenity": null, "railway": null, "public_transport": "platform", "highway": "bus_stop", "aeroway": null, "building": null, "operator": null, "network": null, "centroid_lat": 5.6286501, "centroid_lon": -0.0898019 }, "geometry": { "type": "Point", "coordinates": [ -0.0898019, 5.6286501 ] } },
{ "type": "Feature", "properties": { "osmid": 4990644976, "element": "node", "name": "Basket", "hub_type": "bus", "hub_scale": "stop", "amenity": null, "railway": null, "public_transport": "platform", "highway": "bus_stop", "aeroway": null, "building": null, "operator": null, "network": null, "centroid_lat": 5.6301492, "centroid_lon": -0.0923639 }, "geometry": { "type": "Point", "coordinates": [ -0.0923639, 5.6301492 ] } },
{ "type": "Feature", "properties": { "osmid": 4990644981, "element": "node", "name": "Signboard", "hub_type": "bus", "hub_scale": "stop", "amenity": null, "railway": null, "public_transport": "platform", "highway": "bus_stop", "aeroway": null, "building": null, "operator": null, "network": null, "centroid_lat": 5.637421, "centroid_lon": -0.1044998 }, "geometry": { "type": "Point", "coordinates": [ -0.1044998, 5.637421 ] } },
{ "type": "Feature", "properties": { "osmid": 4990644982, "element": "node", "name": "Shell", "hub_type": "bus", "hub_scale": "stop", "amenity": null, "railway": null, "public_transport": "platform", "highway": "bus_stop", "aeroway": null, "building": null, "operator": null, "network": null, "centroid_lat": 5.6402526, "centroid_lon": -0.1075882 }, "geometry": { "type": "Point", "coordinates": [ -0.1075882, 5.6402526 ] } },
{ "type": "Feature", "properties": { "osmid": 4990644983, "element": "node", "name": "Coke", "hub_type": "bus", "hub_scale": "stop", "amenity": null, "railway": null, "public_transport": "platform", "highway": "bus_stop", "aeroway": null, "building": null, "operator": null, "network": null, "centroid_lat": 5.6431943, "centroid_lon": -0.1108132 }, "geometry": { "type": "Point", "coordinates": [ -0.1108132, 5.6431943 ] } },
{ "type": "Feature", "properties": { "osmid": 4990644984, "element": "node", "name": "Junction Wise", "hub_type": "bus", "hub_scale": "stop", "amenity": null, "railway": null, "public_transport": "platform", "highway": "bus_stop", "aeroway": null, "building": null, "operator": null, "network": null, "centroid_lat": 5.6431443, "centroid_lon": -0.1127662 }, "geometry": { "type": "Point", "coordinates": [ -0.1127662, 5.6431443 ] } },
{ "type": "Feature", "properties": { "osmid": 4990644985, "element": "node", "name": "Blue Gate", "hub_type": "bus", "hub_scale": "stop", "amenity": null, "railway": null, "public_transport": "platform", "highway": "bus_stop", "aeroway": null, "building": null, "operator": null, "network": null, "centroid_lat": 5.6423513, "centroid_lon": -0.1146587 }, "geometry": { "type": "Point", "coordinates": [ -0.1146587, 5.6423513 ] } },
{ "type": "Feature", "properties": { "osmid": 4990644986, "element": "node", "name": "Herbalife", "hub_type": "bus", "hub_scale": "stop", "amenity": null, "railway": null, "public_transport": "platform", "highway": "bus_stop", "aeroway": null, "building": null, "operator": null, "network": null, "centroid_lat": 5.6412267, "centroid_lon": -0.1174757 }, "geometry": { "type": "Point", "coordinates": [ -0.1174757, 5.6412267 ] } },
{ "type": "Feature", "properties": { "osmid": 4990644987, "element": "node", "name": "Printex", "hub_type": "bus", "hub_scale": "stop", "amenity": null, "railway": null, "public_transport": "platform", "highway": "bus_stop", "aeroway": null, "building": null, "operator": null, "network": null, "centroid_lat": 5.6404354, "centroid_lon": -0.1194479 }, "geometry": { "type": "Point", "coordinates": [ -0.1194479, 5.6404354 ] } },
{ "type": "Feature", "properties": { "osmid": 4990644988, "element": "node", "name": "Lion", "hub_type": "bus", "hub_scale": "stop", "amenity": null, "railway": null, "public_transport": "platform", "highway": "bus_stop", "aeroway": null, "building": null, "operator": null, "network": null, "centroid_lat": 5.6389049, "centroid_lon": -0.1232697 }, "geometry": { "type": "Point", "coordinates": [ -0.1232697, 5.6389049 ] } },
{ "type": "Feature", "properties": { "osmid": 4990644989, "element": "node", "name": "Manet", "hub_type": "bus", "hub_scale": "stop", "amenity": null, "railway": null, "public_transport": "platform", "highway": "bus_stop", "aeroway": null, "building": null, "operator": null, "network": null, "centroid_lat": 5.6376596, "centroid_lon": -0.1264227 }, "geometry": { "type": "Point", "coordinates": [ -0.1264227, 5.6376596 ] } },
{ "type": "Feature", "properties": { "osmid": 4990644990, "element": "node", "name": "Zain Office", "hub_type": "bus", "hub_scale": "stop", "amenity": null, "railway": null, "public_transport": "platform", "highway": "bus_stop", "aeroway": null, "building": null, "operator": null, "network": null, "centroid_lat": 5.636397, "centroid_lon": -0.1295281 }, "geometry": { "type": "Point", "coordinates": [ -0.1295281, 5.636397 ] } },
{ "type": "Feature", "properties": { "osmid": 4990644991, "element": "node", "name": "Cylinder", "hub_type": "bus", "hub_scale": "stop", "amenity": null, "railway": null, "public_transport": "platform", "highway": "bus_stop", "aeroway": null, "building": null, "operator": null, "network": null, "centroid_lat": 5.6350484, "centroid_lon": -0.1328471 }, "geometry": { "type": "Point", "coordinates": [ -0.1328471, 5.6350484 ] } },
{ "type": "Feature", "properties": { "osmid": 4990644992, "element": "node", "name": "Second", "hub_type": "bus", "hub_scale": "stop", "amenity": null, "railway": null, "public_transport": "platform", "highway": "bus_stop", "aeroway": null, "building": null, "operator": null, "network": null, "centroid_lat": 5.6316199, "centroid_lon": -0.1412343 }, "geometry": { "type": "Point", "coordinates": [ -0.1412343, 5.6316199 ] } },
{ "type": "Feature", "properties": { "osmid": 4990644993, "element": "node", "name": "Energy", "hub_type": "bus", "hub_scale": "stop", "amenity": null, "railway": null, "public_transport": "platform", "highway": "bus_stop", "aeroway": null, "building": null, "operator": null, "network": null, "centroid_lat": 5.6308497, "centroid_lon": -0.1430386 }, "geometry": { "type": "Point", "coordinates": [ -0.1430386, 5.6308497 ] } },
{ "type": "Feature", "properties": { "osmid": 4990644994, "element": "node", "name": "Flower Pot", "hub_type": "bus", "hub_scale": "stop", "amenity": null, "railway": null, "public_transport": "platform", "highway": "bus_stop", "aeroway": null, "building": null, "operator": null, "network": null, "centroid_lat": 5.6267862, "centroid_lon": -0.1525619 }, "geometry": { "type": "Point", "coordinates": [ -0.1525619, 5.6267862 ] } },
{ "type": "Feature", "properties": { "osmid": 4990644995, "element": "node", "name": "Abeka Lapaz", "hub_type": "bus", "hub_scale": "stop", "amenity": null, "railway": null, "public_transport": "platform", "highway": "bus_stop", "aeroway": null, "building": null, "operator": null, "network": null, "centroid_lat": 5.6072099, "centroid_lon": -0.2466865 }, "geometry": { "type": "Point", "coordinates": [ -0.2466865, 5.6072099 ] } },
{ "type": "Feature", "properties": { "osmid": 4992365322, "element": "node", "name": "Accra Mall Roundabout", "hub_type": "bus", "hub_scale": "stop", "amenity": null, "railway": null, "public_transport": "platform", "highway": "bus_stop", "aeroway": null, "building": null, "operator": null, "network": null, "centroid_lat": 5.6210472, "centroid_lon": -0.1740645 }, "geometry": { "type": "Point", "coordinates": [ -0.1740645, 5.6210472 ] } },
{ "type": "Feature", "properties": { "osmid": 4992365323, "element": "node", "name": "Vulgunizer", "hub_type": "bus", "hub_scale": "stop", "amenity": null, "railway": null, "public_transport": "platform", "highway": "bus_stop", "aeroway": null, "building": null, "operator": null, "network": null, "centroid_lat": 5.6231117, "centroid_lon": -0.1691149 }, "geometry": { "type": "Point", "coordinates": [ -0.1691149, 5.6231117 ] } },
{ "type": "Feature", "properties": { "osmid": 4992365324, "element": "node", "name": "Flower Pot", "hub_type": "bus", "hub_scale": "stop", "amenity": null, "railway": null, "public_transport": "platform", "highway": "bus_stop", "aeroway": null, "building": null, "operator": null, "network": null, "centroid_lat": 5.6269062, "centroid_lon": -0.1535764 }, "geometry": { "type": "Point", "coordinates": [ -0.1535764, 5.6269062 ] } },
{ "type": "Feature", "properties": { "osmid": 4992365325, "element": "node", "name": "Energy", "hub_type": "bus", "hub_scale": "stop", "amenity": null, "railway": null, "public_transport": "platform", "highway": "bus_stop", "aeroway": null, "building": null, "operator": null, "network": null, "centroid_lat": 5.630844, "centroid_lon": -0.1433853 }, "geometry": { "type": "Point", "coordinates": [ -0.1433853, 5.630844 ] } },
{ "type": "Feature", "properties": { "osmid": 4992365326, "element": "node", "name": "Manet", "hub_type": "bus", "hub_scale": "stop", "amenity": null, "railway": null, "public_transport": "platform", "highway": "bus_stop", "aeroway": null, "building": null, "operator": null, "network": null, "centroid_lat": 5.6377043, "centroid_lon": -0.1265562 }, "geometry": { "type": "Point", "coordinates": [ -0.1265562, 5.6377043 ] } },
{ "type": "Feature", "properties": { "osmid": 4992365327, "element": "node", "name": "Printex", "hub_type": "bus", "hub_scale": "stop", "amenity": null, "railway": null, "public_transport": "platform", "highway": "bus_stop", "aeroway": null, "building": null, "operator": null, "network": null, "centroid_lat": 5.6402316, "centroid_lon": -0.1201955 }, "geometry": { "type": "Point", "coordinates": [ -0.1201955, 5.6402316 ] } },
{ "type": "Feature", "properties": { "osmid": 4992365328, "element": "node", "name": "Junction Wise", "hub_type": "bus", "hub_scale": "stop", "amenity": null, "railway": null, "public_transport": "platform", "highway": "bus_stop", "aeroway": null, "building": null, "operator": null, "network": null, "centroid_lat": 5.6431455, "centroid_lon": -0.1130497 }, "geometry": { "type": "Point", "coordinates": [ -0.1130497, 5.6431455 ] } },
{ "type": "Feature", "properties": { "osmid": 4992365329, "element": "node", "name": "Washing Bay", "hub_type": "bus", "hub_scale": "stop", "amenity": null, "railway": null, "public_transport": "platform", "highway": "bus_stop", "aeroway": null, "building": null, "operator": null, "network": null, "centroid_lat": 5.6260281, "centroid_lon": -0.0820821 }, "geometry": { "type": "Point", "coordinates": [ -0.0820821, 5.6260281 ] } },
{ "type": "Feature", "properties": { "osmid": 4992478133, "element": "node", "name": null, "hub_type": "bus", "hub_scale": "stop", "amenity": null, "railway": null, "public_transport": "stop_position", "highway": null, "aeroway": null, "building": null, "operator": null, "network": null, "centroid_lat": 5.6072248, "centroid_lon": -0.2464905 }, "geometry": { "type": "Point", "coordinates": [ -0.2464905, 5.6072248 ] } },
{ "type": "Feature", "properties": { "osmid": 4992650307, "element": "node", "name": "Swanlake Last Stop", "hub_type": "bus", "hub_scale": "stop", "amenity": null, "railway": null, "public_transport": "platform", "highway": "bus_stop", "aeroway": null, "building": null, "operator": null, "network": null, "centroid_lat": 5.5840598, "centroid_lon": -0.2339909 }, "geometry": { "type": "Point", "coordinates": [ -0.2339909, 5.5840598 ] } },
{ "type": "Feature", "properties": { "osmid": 4992650308, "element": "node", "name": "Swanlake", "hub_type": "bus", "hub_scale": "stop", "amenity": null, "railway": null, "public_transport": "platform", "highway": "bus_stop", "aeroway": null, "building": null, "operator": null, "network": null, "centroid_lat": 5.5853024, "centroid_lon": -0.2317099 }, "geometry": { "type": "Point", "coordinates": [ -0.2317099, 5.5853024 ] } },
{ "type": "Feature", "properties": { "osmid": 4992650309, "element": "node", "name": "Green Hand", "hub_type": "bus", "hub_scale": "stop", "amenity": null, "railway": null, "public_transport": "platform", "highway": "bus_stop", "aeroway": null, "building": null, "operator": null, "network": null, "centroid_lat": 5.5819731, "centroid_lon": -0.2303616 }, "geometry": { "type": "Point", "coordinates": [ -0.2303616, 5.5819731 ] } },
{ "type": "Feature", "properties": { "osmid": 4992650310, "element": "node", "name": "Azumah Nelson Complex", "hub_type": "bus", "hub_scale": "stop", "amenity": null, "railway": null, "public_transport": "platform", "highway": "bus_stop", "aeroway": null, "building": null, "operator": null, "network": null, "centroid_lat": 5.5750903, "centroid_lon": -0.2269653 }, "geometry": { "type": "Point", "coordinates": [ -0.2269653, 5.5750903 ] } },
{ "type": "Feature", "properties": { "osmid": 4992783155, "element": "node", "name": "Trasacco", "hub_type": "bus", "hub_scale": "stop", "amenity": null, "railway": null, "public_transport": "platform", "highway": "bus_stop", "aeroway": null, "building": null, "operator": null, "network": null, "centroid_lat": 5.6450566, "centroid_lon": -0.1176802 }, "geometry": { "type": "Point", "coordinates": [ -0.1176802, 5.6450566 ] } },
{ "type": "Feature", "properties": { "osmid": 4992783156, "element": "node", "name": "Neoplan", "hub_type": "bus", "hub_scale": "stop", "amenity": null, "railway": null, "public_transport": "platform", "highway": "bus_stop", "aeroway": null, "building": null, "operator": null, "network": null, "centroid_lat": 5.5695212, "centroid_lon": -0.2185707 }, "geometry": { "type": "Point", "coordinates": [ -0.2185707, 5.5695212 ] } },
{ "type": "Feature", "properties": { "osmid": 4992821227, "element": "node", "name": null, "hub_type": "bus", "hub_scale": "stop", "amenity": null, "railway": null, "public_transport": "stop_position", "highway": null, "aeroway": null, "building": null, "operator": null, "network": null, "centroid_lat": 5.5695201, "centroid_lon": -0.2186537 }, "geometry": { "type": "Point", "coordinates": [ -0.2186537, 5.5695201 ] } },
{ "type": "Feature", "properties": { "osmid": 4994619134, "element": "node", "name": "Junction", "hub_type": "bus", "hub_scale": "stop", "amenity": null, "railway": null, "public_transport": "platform", "highway": "bus_stop", "aeroway": null, "building": null, "operator": null, "network": null, "centroid_lat": 5.6127269, "centroid_lon": -0.2223419 }, "geometry": { "type": "Point", "coordinates": [ -0.2223419, 5.6127269 ] } },
{ "type": "Feature", "properties": { "osmid": 4994619135, "element": "node", "name": "Dua Ase", "hub_type": "bus", "hub_scale": "stop", "amenity": null, "railway": null, "public_transport": "platform", "highway": "bus_stop", "aeroway": null, "building": null, "operator": null, "network": null, "centroid_lat": 5.6111632, "centroid_lon": -0.2176868 }, "geometry": { "type": "Point", "coordinates": [ -0.2176868, 5.6111632 ] } },
{ "type": "Feature", "properties": { "osmid": 4994619136, "element": "node", "name": "Abelenkpe Curve", "hub_type": "bus", "hub_scale": "stop", "amenity": null, "railway": null, "public_transport": "platform", "highway": "bus_stop", "aeroway": null, "building": null, "operator": null, "network": null, "centroid_lat": 5.607529, "centroid_lon": -0.2157098 }, "geometry": { "type": "Point", "coordinates": [ -0.2157098, 5.607529 ] } },
{ "type": "Feature", "properties": { "osmid": 4994875968, "element": "node", "name": "Accra UTC", "hub_type": "bus", "hub_scale": "stop", "amenity": null, "railway": null, "public_transport": "platform", "highway": "bus_stop", "aeroway": null, "building": null, "operator": null, "network": null, "centroid_lat": 5.5495887, "centroid_lon": -0.210626 }, "geometry": { "type": "Point", "coordinates": [ -0.210626, 5.5495887 ] } },
{ "type": "Feature", "properties": { "osmid": 4994875969, "element": "node", "name": "Roxy Cinema", "hub_type": "bus", "hub_scale": "stop", "amenity": null, "railway": null, "public_transport": "platform", "highway": "bus_stop", "aeroway": null, "building": null, "operator": null, "network": null, "centroid_lat": 5.5577685, "centroid_lon": -0.2124429 }, "geometry": { "type": "Point", "coordinates": [ -0.2124429, 5.5577685 ] } },
{ "type": "Feature", "properties": { "osmid": 4994875970, "element": "node", "name": "Adabraka Market", "hub_type": "bus", "hub_scale": "stop", "amenity": null, "railway": null, "public_transport": "platform", "highway": "bus_stop", "aeroway": null, "building": null, "operator": null, "network": null, "centroid_lat": 5.5630962, "centroid_lon": -0.2139185 }, "geometry": { "type": "Point", "coordinates": [ -0.2139185, 5.5630962 ] } },
{ "type": "Feature", "properties": { "osmid": 4994875971, "element": "node", "name": "PnP Junction", "hub_type": "bus", "hub_scale": "stop", "amenity": null, "railway": null, "public_transport": "platform", "highway": "bus_stop", "aeroway": null, "building": null, "operator": null, "network": null, "centroid_lat": 5.5991258, "centroid_lon": -0.2357075 }, "geometry": { "type": "Point", "coordinates": [ -0.2357075, 5.5991258 ] } },
{ "type": "Feature", "properties": { "osmid": 4994875972, "element": "node", "name": "Abeka Lapaz", "hub_type": "bus", "hub_scale": "stop", "amenity": null, "railway": null, "public_transport": "platform", "highway": "bus_stop", "aeroway": null, "building": null, "operator": null, "network": null, "centroid_lat": 5.6062795, "centroid_lon": -0.2481701 }, "geometry": { "type": "Point", "coordinates": [ -0.2481701, 5.6062795 ] } },
{ "type": "Feature", "properties": { "osmid": 4994957017, "element": "node", "name": "Fadama", "hub_type": "bus", "hub_scale": "stop", "amenity": null, "railway": null, "public_transport": "platform", "highway": "bus_stop", "aeroway": null, "building": null, "operator": null, "network": null, "centroid_lat": 5.6016367, "centroid_lon": -0.2405531 }, "geometry": { "type": "Point", "coordinates": [ -0.2405531, 5.6016367 ] } },
{ "type": "Feature", "properties": { "osmid": 4994957018, "element": "node", "name": "Abeka Bcos Junction", "hub_type": "bus", "hub_scale": "stop", "amenity": null, "railway": null, "public_transport": "platform", "highway": "bus_stop", "aeroway": null, "building": null, "operator": null, "network": null, "centroid_lat": 5.598944, "centroid_lon": -0.2349533 }, "geometry": { "type": "Point", "coordinates": [ -0.2349533, 5.598944 ] } },
{ "type": "Feature", "properties": { "osmid": 4994957019, "element": "node", "name": "Tesano Gardens", "hub_type": "bus", "hub_scale": "stop", "amenity": null, "railway": null, "public_transport": "platform", "highway": "bus_stop", "aeroway": null, "building": null, "operator": null, "network": null, "centroid_lat": 5.5984514, "centroid_lon": -0.2305257 }, "geometry": { "type": "Point", "coordinates": [ -0.2305257, 5.5984514 ] } },
{ "type": "Feature", "properties": { "osmid": 4994957020, "element": "node", "name": "Abrantie", "hub_type": "bus", "hub_scale": "stop", "amenity": null, "railway": null, "public_transport": "platform", "highway": "bus_stop", "aeroway": null, "building": null, "operator": null, "network": null, "centroid_lat": 5.5988033, "centroid_lon": -0.2286698 }, "geometry": { "type": "Point", "coordinates": [ -0.2286698, 5.5988033 ] } },
{ "type": "Feature", "properties": { "osmid": 4994958921, "element": "node", "name": "Fitting Shop", "hub_type": "bus", "hub_scale": "stop", "amenity": null, "railway": null, "public_transport": "platform", "highway": "bus_stop", "aeroway": null, "building": null, "operator": null, "network": null, "centroid_lat": 5.599235, "centroid_lon": -0.2261873 }, "geometry": { "type": "Point", "coordinates": [ -0.2261873, 5.599235 ] } },
{ "type": "Feature", "properties": { "osmid": 4994958922, "element": "node", "name": "Alajo", "hub_type": "bus", "hub_scale": "stop", "amenity": null, "railway": null, "public_transport": "platform", "highway": "bus_stop", "aeroway": null, "building": null, "operator": null, "network": null, "centroid_lat": 5.5887674, "centroid_lon": -0.2179553 }, "geometry": { "type": "Point", "coordinates": [ -0.2179553, 5.5887674 ] } },
{ "type": "Feature", "properties": { "osmid": 4994958923, "element": "node", "name": "Mr. Biggs", "hub_type": "bus", "hub_scale": "stop", "amenity": null, "railway": null, "public_transport": "platform", "highway": "bus_stop", "aeroway": null, "building": null, "operator": null, "network": null, "centroid_lat": 5.5677653, "centroid_lon": -0.2133534 }, "geometry": { "type": "Point", "coordinates": [ -0.2133534, 5.5677653 ] } },
{ "type": "Feature", "properties": { "osmid": 4994958924, "element": "node", "name": "Adabraka Market", "hub_type": "bus", "hub_scale": "stop", "amenity": null, "railway": null, "public_transport": "platform", "highway": "bus_stop", "aeroway": null, "building": null, "operator": null, "network": null, "centroid_lat": 5.5637, "centroid_lon": -0.2110657 }, "geometry": { "type": "Point", "coordinates": [ -0.2110657, 5.5637 ] } },
{ "type": "Feature", "properties": { "osmid": 4994958925, "element": "node", "name": "Champion", "hub_type": "bus", "hub_scale": "stop", "amenity": null, "railway": null, "public_transport": "platform", "highway": "bus_stop", "aeroway": null, "building": null, "operator": null, "network": null, "centroid_lat": 5.5572353, "centroid_lon": -0.209378 }, "geometry": { "type": "Point", "coordinates": [ -0.209378, 5.5572353 ] } },
{ "type": "Feature", "properties": { "osmid": 4994958926, "element": "node", "name": "Starlite", "hub_type": "bus", "hub_scale": "stop", "amenity": null, "railway": null, "public_transport": "platform", "highway": "bus_stop", "aeroway": null, "building": null, "operator": null, "network": null, "centroid_lat": 5.5559622, "centroid_lon": -0.2090847 }, "geometry": { "type": "Point", "coordinates": [ -0.2090847, 5.5559622 ] } },
{ "type": "Feature", "properties": { "osmid": 4994958927, "element": "node", "name": "Accra Poly", "hub_type": "bus", "hub_scale": "stop", "amenity": null, "railway": null, "public_transport": "platform", "highway": "bus_stop", "aeroway": null, "building": null, "operator": null, "network": null, "centroid_lat": 5.5534864, "centroid_lon": -0.20843 }, "geometry": { "type": "Point", "coordinates": [ -0.20843, 5.5534864 ] } },
{ "type": "Feature", "properties": { "osmid": 4994958928, "element": "node", "name": "Accra UTC", "hub_type": "bus", "hub_scale": "stop", "amenity": null, "railway": null, "public_transport": "platform", "highway": "bus_stop", "aeroway": null, "building": null, "operator": null, "network": null, "centroid_lat": 5.54688, "centroid_lon": -0.2099938 }, "geometry": { "type": "Point", "coordinates": [ -0.2099938, 5.54688 ] } },
{ "type": "Feature", "properties": { "osmid": 4995054804, "element": "node", "name": "Osu", "hub_type": "bus", "hub_scale": "stop", "amenity": null, "railway": null, "public_transport": "platform", "highway": "bus_stop", "aeroway": null, "building": null, "operator": null, "network": null, "centroid_lat": 5.554076, "centroid_lon": -0.1835933 }, "geometry": { "type": "Point", "coordinates": [ -0.1835933, 5.554076 ] } },
{ "type": "Feature", "properties": { "osmid": 4995054805, "element": "node", "name": "Presby School Junction", "hub_type": "bus", "hub_scale": "stop", "amenity": null, "railway": null, "public_transport": "platform", "highway": "bus_stop", "aeroway": null, "building": null, "operator": null, "network": null, "centroid_lat": 5.554982, "centroid_lon": -0.1833494 }, "geometry": { "type": "Point", "coordinates": [ -0.1833494, 5.554982 ] } },
{ "type": "Feature", "properties": { "osmid": 4995054806, "element": "node", "name": "Osu Shell", "hub_type": "bus", "hub_scale": "stop", "amenity": null, "railway": null, "public_transport": "platform", "highway": "bus_stop", "aeroway": null, "building": null, "operator": null, "network": null, "centroid_lat": 5.5583997, "centroid_lon": -0.1823935 }, "geometry": { "type": "Point", "coordinates": [ -0.1823935, 5.5583997 ] } },
{ "type": "Feature", "properties": { "osmid": 4995054807, "element": "node", "name": "Papaye", "hub_type": "bus", "hub_scale": "stop", "amenity": null, "railway": null, "public_transport": "platform", "highway": "bus_stop", "aeroway": null, "building": null, "operator": null, "network": null, "centroid_lat": 5.5595692, "centroid_lon": -0.1822208 }, "geometry": { "type": "Point", "coordinates": [ -0.1822208, 5.5595692 ] } },
{ "type": "Feature", "properties": { "osmid": 4995054808, "element": "node", "name": "SNNIT", "hub_type": "bus", "hub_scale": "stop", "amenity": null, "railway": null, "public_transport": "platform", "highway": "bus_stop", "aeroway": null, "building": null, "operator": null, "network": null, "centroid_lat": 5.5627714, "centroid_lon": -0.1816047 }, "geometry": { "type": "Point", "coordinates": [ -0.1816047, 5.5627714 ] } },
{ "type": "Feature", "properties": { "osmid": 4995054809, "element": "node", "name": "Afridom", "hub_type": "bus", "hub_scale": "stop", "amenity": null, "railway": null, "public_transport": "platform", "highway": "bus_stop", "aeroway": null, "building": null, "operator": null, "network": null, "centroid_lat": 5.564834, "centroid_lon": -0.1813457 }, "geometry": { "type": "Point", "coordinates": [ -0.1813457, 5.564834 ] } },
{ "type": "Feature", "properties": { "osmid": 4995054810, "element": "node", "name": "Koala", "hub_type": "bus", "hub_scale": "stop", "amenity": null, "railway": null, "public_transport": "platform", "highway": "bus_stop", "aeroway": null, "building": null, "operator": null, "network": null, "centroid_lat": 5.5661404, "centroid_lon": -0.1811262 }, "geometry": { "type": "Point", "coordinates": [ -0.1811262, 5.5661404 ] } },
{ "type": "Feature", "properties": { "osmid": 4995054811, "element": "node", "name": "Police Hospital", "hub_type": "bus", "hub_scale": "stop", "amenity": null, "railway": null, "public_transport": "platform", "highway": "bus_stop", "aeroway": null, "building": null, "operator": null, "network": null, "centroid_lat": 5.5678104, "centroid_lon": -0.1808304 }, "geometry": { "type": "Point", "coordinates": [ -0.1808304, 5.5678104 ] } },
{ "type": "Feature", "properties": { "osmid": 4995054812, "element": "node", "name": "Prisons", "hub_type": "bus", "hub_scale": "stop", "amenity": null, "railway": null, "public_transport": "platform", "highway": "bus_stop", "aeroway": null, "building": null, "operator": null, "network": null, "centroid_lat": 5.5709122, "centroid_lon": -0.1803026 }, "geometry": { "type": "Point", "coordinates": [ -0.1803026, 5.5709122 ] } },
{ "type": "Feature", "properties": { "osmid": 4995054813, "element": "node", "name": "Aquinas", "hub_type": "bus", "hub_scale": "stop", "amenity": null, "railway": null, "public_transport": "platform", "highway": "bus_stop", "aeroway": null, "building": null, "operator": null, "network": null, "centroid_lat": 5.5743025, "centroid_lon": -0.1794401 }, "geometry": { "type": "Point", "coordinates": [ -0.1794401, 5.5743025 ] } },
{ "type": "Feature", "properties": { "osmid": 4995054814, "element": "node", "name": "Roundabout", "hub_type": "bus", "hub_scale": "stop", "amenity": null, "railway": null, "public_transport": "platform", "highway": "bus_stop", "aeroway": null, "building": null, "operator": null, "network": null, "centroid_lat": 5.576157, "centroid_lon": -0.1789287 }, "geometry": { "type": "Point", "coordinates": [ -0.1789287, 5.576157 ] } },
{ "type": "Feature", "properties": { "osmid": 4995054815, "element": "node", "name": "GIS Curve", "hub_type": "bus", "hub_scale": "stop", "amenity": null, "railway": null, "public_transport": "platform", "highway": "bus_stop", "aeroway": null, "building": null, "operator": null, "network": null, "centroid_lat": 5.5800085, "centroid_lon": -0.175357 }, "geometry": { "type": "Point", "coordinates": [ -0.175357, 5.5800085 ] } },
{ "type": "Feature", "properties": { "osmid": 4995054816, "element": "node", "name": "Lands Commission", "hub_type": "bus", "hub_scale": "stop", "amenity": null, "railway": null, "public_transport": "platform", "highway": "bus_stop", "aeroway": null, "building": null, "operator": null, "network": null, "centroid_lat": 5.5851221, "centroid_lon": -0.1762445 }, "geometry": { "type": "Point", "coordinates": [ -0.1762445, 5.5851221 ] } },
{ "type": "Feature", "properties": { "osmid": 4995091913, "element": "node", "name": null, "hub_type": "bus", "hub_scale": "stop", "amenity": null, "railway": null, "public_transport": "stop_position", "highway": null, "aeroway": null, "building": null, "operator": null, "network": null, "centroid_lat": 5.5540583, "centroid_lon": -0.1836026 }, "geometry": { "type": "Point", "coordinates": [ -0.1836026, 5.5540583 ] } },
{ "type": "Feature", "properties": { "osmid": 4995095759, "element": "node", "name": "Post Office", "hub_type": "bus", "hub_scale": "stop", "amenity": null, "railway": null, "public_transport": "platform", "highway": "bus_stop", "aeroway": null, "building": null, "operator": null, "network": null, "centroid_lat": 5.5853445, "centroid_lon": -0.1761758 }, "geometry": { "type": "Point", "coordinates": [ -0.1761758, 5.5853445 ] } },
{ "type": "Feature", "properties": { "osmid": 4995095760, "element": "node", "name": "GIS", "hub_type": "bus", "hub_scale": "stop", "amenity": null, "railway": null, "public_transport": "platform", "highway": "bus_stop", "aeroway": null, "building": null, "operator": null, "network": null, "centroid_lat": 5.5814513, "centroid_lon": -0.1762675 }, "geometry": { "type": "Point", "coordinates": [ -0.1762675, 5.5814513 ] } },
{ "type": "Feature", "properties": { "osmid": 4995095761, "element": "node", "name": "Roundabout", "hub_type": "bus", "hub_scale": "stop", "amenity": null, "railway": null, "public_transport": "platform", "highway": "bus_stop", "aeroway": null, "building": null, "operator": null, "network": null, "centroid_lat": 5.5772212, "centroid_lon": -0.1781169 }, "geometry": { "type": "Point", "coordinates": [ -0.1781169, 5.5772212 ] } },
{ "type": "Feature", "properties": { "osmid": 4995095762, "element": "node", "name": "Morning Star", "hub_type": "bus", "hub_scale": "stop", "amenity": null, "railway": null, "public_transport": "platform", "highway": "bus_stop", "aeroway": null, "building": null, "operator": null, "network": null, "centroid_lat": 5.5733622, "centroid_lon": -0.1797213 }, "geometry": { "type": "Point", "coordinates": [ -0.1797213, 5.5733622 ] } },
{ "type": "Feature", "properties": { "osmid": 4995095763, "element": "node", "name": "Prisons", "hub_type": "bus", "hub_scale": "stop", "amenity": null, "railway": null, "public_transport": "platform", "highway": "bus_stop", "aeroway": null, "building": null, "operator": null, "network": null, "centroid_lat": 5.5699664, "centroid_lon": -0.1804076 }, "geometry": { "type": "Point", "coordinates": [ -0.1804076, 5.5699664 ] } },
{ "type": "Feature", "properties": { "osmid": 4995095764, "element": "node", "name": "Police Hospital", "hub_type": "bus", "hub_scale": "stop", "amenity": null, "railway": null, "public_transport": "platform", "highway": "bus_stop", "aeroway": null, "building": null, "operator": null, "network": null, "centroid_lat": 5.5679853, "centroid_lon": -0.1807361 }, "geometry": { "type": "Point", "coordinates": [ -0.1807361, 5.5679853 ] } },
{ "type": "Feature", "properties": { "osmid": 4995095765, "element": "node", "name": "Penta Hotel", "hub_type": "bus", "hub_scale": "stop", "amenity": null, "railway": null, "public_transport": "platform", "highway": "bus_stop", "aeroway": null, "building": null, "operator": null, "network": null, "centroid_lat": 5.5653643, "centroid_lon": -0.1811648 }, "geometry": { "type": "Point", "coordinates": [ -0.1811648, 5.5653643 ] } },
{ "type": "Feature", "properties": { "osmid": 4995095767, "element": "node", "name": "Papaye", "hub_type": "bus", "hub_scale": "stop", "amenity": null, "railway": null, "public_transport": "platform", "highway": "bus_stop", "aeroway": null, "building": null, "operator": null, "network": null, "centroid_lat": 5.5597486, "centroid_lon": -0.1821385 }, "geometry": { "type": "Point", "coordinates": [ -0.1821385, 5.5597486 ] } },
{ "type": "Feature", "properties": { "osmid": 4995095768, "element": "node", "name": "Osu Shell", "hub_type": "bus", "hub_scale": "stop", "amenity": null, "railway": null, "public_transport": "platform", "highway": "bus_stop", "aeroway": null, "building": null, "operator": null, "network": null, "centroid_lat": 5.5562606, "centroid_lon": -0.1827183 }, "geometry": { "type": "Point", "coordinates": [ -0.1827183, 5.5562606 ] } },
{ "type": "Feature", "properties": { "osmid": 4995193047, "element": "node", "name": "Green Hand", "hub_type": "bus", "hub_scale": "stop", "amenity": null, "railway": null, "public_transport": "platform", "highway": "bus_stop", "aeroway": null, "building": null, "operator": null, "network": null, "centroid_lat": 5.5820723, "centroid_lon": -0.2304628 }, "geometry": { "type": "Point", "coordinates": [ -0.2304628, 5.5820723 ] } },
{ "type": "Feature", "properties": { "osmid": 4995193048, "element": "node", "name": "Old Stop", "hub_type": "bus", "hub_scale": "stop", "amenity": null, "railway": null, "public_transport": "platform", "highway": "bus_stop", "aeroway": null, "building": null, "operator": null, "network": null, "centroid_lat": 5.5876287, "centroid_lon": -0.2328747 }, "geometry": { "type": "Point", "coordinates": [ -0.2328747, 5.5876287 ] } },
{ "type": "Feature", "properties": { "osmid": 4995193049, "element": "node", "name": "Kaneshie Market Station", "hub_type": "bus", "hub_scale": "interchange", "amenity": "bus_station", "railway": null, "public_transport": "platform", "highway": "bus_stop", "aeroway": null, "building": null, "operator": null, "network": null, "centroid_lat": 5.5658238, "centroid_lon": -0.2352465 }, "geometry": { "type": "Point", "coordinates": [ -0.2352465, 5.5658238 ] } },
{ "type": "Feature", "properties": { "osmid": 4995193050, "element": "node", "name": "Kaneshie Last Stop", "hub_type": "bus", "hub_scale": "stop", "amenity": null, "railway": null, "public_transport": "platform", "highway": "bus_stop", "aeroway": null, "building": null, "operator": null, "network": null, "centroid_lat": 5.566246, "centroid_lon": -0.2340054 }, "geometry": { "type": "Point", "coordinates": [ -0.2340054, 5.566246 ] } },
{ "type": "Feature", "properties": { "osmid": 4995193051, "element": "node", "name": "Social Welfare", "hub_type": "bus", "hub_scale": "stop", "amenity": null, "railway": null, "public_transport": "platform", "highway": "bus_stop", "aeroway": null, "building": null, "operator": null, "network": null, "centroid_lat": 5.5688102, "centroid_lon": -0.2343274 }, "geometry": { "type": "Point", "coordinates": [ -0.2343274, 5.5688102 ] } },
{ "type": "Feature", "properties": { "osmid": 4995193052, "element": "node", "name": "Roundabout", "hub_type": "bus", "hub_scale": "stop", "amenity": null, "railway": null, "public_transport": "platform", "highway": "bus_stop", "aeroway": null, "building": null, "operator": null, "network": null, "centroid_lat": 5.572067, "centroid_lon": -0.2311539 }, "geometry": { "type": "Point", "coordinates": [ -0.2311539, 5.572067 ] } },
{ "type": "Feature", "properties": { "osmid": 4995193053, "element": "node", "name": "Kaneshie Polyclinic", "hub_type": "bus", "hub_scale": "stop", "amenity": null, "railway": null, "public_transport": "platform", "highway": "bus_stop", "aeroway": null, "building": null, "operator": null, "network": null, "centroid_lat": 5.574338, "centroid_lon": -0.2306941 }, "geometry": { "type": "Point", "coordinates": [ -0.2306941, 5.574338 ] } },
{ "type": "Feature", "properties": { "osmid": 4995193054, "element": "node", "name": "Masalakyi", "hub_type": "bus", "hub_scale": "stop", "amenity": null, "railway": null, "public_transport": "platform", "highway": "bus_stop", "aeroway": null, "building": null, "operator": null, "network": null, "centroid_lat": 5.5849443, "centroid_lon": -0.2316552 }, "geometry": { "type": "Point", "coordinates": [ -0.2316552, 5.5849443 ] } },
{ "type": "Feature", "properties": { "osmid": 4995587413, "element": "node", "name": "Second", "hub_type": "bus", "hub_scale": "stop", "amenity": null, "railway": null, "public_transport": "platform", "highway": "bus_stop", "aeroway": null, "building": null, "operator": null, "network": null, "centroid_lat": 5.5966426, "centroid_lon": -0.2333391 }, "geometry": { "type": "Point", "coordinates": [ -0.2333391, 5.5966426 ] } },
{ "type": "Feature", "properties": { "osmid": 4995598758, "element": "node", "name": null, "hub_type": "bus", "hub_scale": "stop", "amenity": null, "railway": null, "public_transport": "stop_position", "highway": null, "aeroway": null, "building": null, "operator": null, "network": null, "centroid_lat": 5.5654038, "centroid_lon": -0.2354202 }, "geometry": { "type": "Point", "coordinates": [ -0.2354202, 5.5654038 ] } },
{ "type": "Feature", "properties": { "osmid": 4996742710, "element": "node", "name": null, "hub_type": "bus", "hub_scale": "stop", "amenity": null, "railway": null, "public_transport": "stop_position", "highway": null, "aeroway": null, "building": null, "operator": null, "network": null, "centroid_lat": 5.5658629, "centroid_lon": -0.2352606 }, "geometry": { "type": "Point", "coordinates": [ -0.2352606, 5.5658629 ] } },
{ "type": "Feature", "properties": { "osmid": 4996742714, "element": "node", "name": "Russia Station", "hub_type": "bus", "hub_scale": "interchange", "amenity": "bus_station", "railway": null, "public_transport": "platform", "highway": "bus_stop", "aeroway": null, "building": null, "operator": null, "network": null, "centroid_lat": 5.5546286, "centroid_lon": -0.2546273 }, "geometry": { "type": "Point", "coordinates": [ -0.2546273, 5.5546286 ] } },
{ "type": "Feature", "properties": { "osmid": 4996742715, "element": "node", "name": "Curve", "hub_type": "bus", "hub_scale": "stop", "amenity": null, "railway": null, "public_transport": "platform", "highway": "bus_stop", "aeroway": null, "building": null, "operator": null, "network": null, "centroid_lat": 5.5552689, "centroid_lon": -0.2547593 }, "geometry": { "type": "Point", "coordinates": [ -0.2547593, 5.5552689 ] } },
{ "type": "Feature", "properties": { "osmid": 4996742716, "element": "node", "name": "Komanko", "hub_type": "bus", "hub_scale": "stop", "amenity": null, "railway": null, "public_transport": "platform", "highway": "bus_stop", "aeroway": null, "building": null, "operator": null, "network": null, "centroid_lat": 5.5559068, "centroid_lon": -0.253365 }, "geometry": { "type": "Point", "coordinates": [ -0.253365, 5.5559068 ] } },
{ "type": "Feature", "properties": { "osmid": 4996742717, "element": "node", "name": "Russia", "hub_type": "bus", "hub_scale": "stop", "amenity": null, "railway": null, "public_transport": "platform", "highway": "bus_stop", "aeroway": null, "building": null, "operator": null, "network": null, "centroid_lat": 5.5564032, "centroid_lon": -0.2514013 }, "geometry": { "type": "Point", "coordinates": [ -0.2514013, 5.5564032 ] } },
{ "type": "Feature", "properties": { "osmid": 4996742718, "element": "node", "name": "Paa Willie", "hub_type": "bus", "hub_scale": "stop", "amenity": null, "railway": null, "public_transport": "platform", "highway": "bus_stop", "aeroway": null, "building": null, "operator": null, "network": null, "centroid_lat": 5.5595035, "centroid_lon": -0.2518778 }, "geometry": { "type": "Point", "coordinates": [ -0.2518778, 5.5595035 ] } },
{ "type": "Feature", "properties": { "osmid": 4996742719, "element": "node", "name": "Flamingo", "hub_type": "bus", "hub_scale": "stop", "amenity": null, "railway": null, "public_transport": "platform", "highway": "bus_stop", "aeroway": null, "building": null, "operator": null, "network": null, "centroid_lat": 5.5589078, "centroid_lon": -0.2470408 }, "geometry": { "type": "Point", "coordinates": [ -0.2470408, 5.5589078 ] } },
{ "type": "Feature", "properties": { "osmid": 4996742720, "element": "node", "name": "JT", "hub_type": "bus", "hub_scale": "stop", "amenity": null, "railway": null, "public_transport": "platform", "highway": "bus_stop", "aeroway": null, "building": null, "operator": null, "network": null, "centroid_lat": 5.5626042, "centroid_lon": -0.2454452 }, "geometry": { "type": "Point", "coordinates": [ -0.2454452, 5.5626042 ] } },
{ "type": "Feature", "properties": { "osmid": 4996743221, "element": "node", "name": "First Light", "hub_type": "bus", "hub_scale": "stop", "amenity": null, "railway": null, "public_transport": "platform", "highway": "bus_stop", "aeroway": null, "building": null, "operator": null, "network": null, "centroid_lat": 5.5662598, "centroid_lon": -0.2438616 }, "geometry": { "type": "Point", "coordinates": [ -0.2438616, 5.5662598 ] } },
{ "type": "Feature", "properties": { "osmid": 4996756519, "element": "node", "name": null, "hub_type": "bus", "hub_scale": "stop", "amenity": null, "railway": null, "public_transport": "stop_position", "highway": null, "aeroway": null, "building": null, "operator": null, "network": null, "centroid_lat": 5.5546119, "centroid_lon": -0.2546141 }, "geometry": { "type": "Point", "coordinates": [ -0.2546141, 5.5546119 ] } },
{ "type": "Feature", "properties": { "osmid": 4996770212, "element": "node", "name": "Kaneshie", "hub_type": "bus", "hub_scale": "stop", "amenity": null, "railway": null, "public_transport": "platform", "highway": "bus_stop", "aeroway": null, "building": null, "operator": null, "network": null, "centroid_lat": 5.5645675, "centroid_lon": -0.2349515 }, "geometry": { "type": "Point", "coordinates": [ -0.2349515, 5.5645675 ] } },
{ "type": "Feature", "properties": { "osmid": 4996770213, "element": "node", "name": "First Light", "hub_type": "bus", "hub_scale": "stop", "amenity": null, "railway": null, "public_transport": "platform", "highway": "bus_stop", "aeroway": null, "building": null, "operator": null, "network": null, "centroid_lat": 5.5678938, "centroid_lon": -0.2426501 }, "geometry": { "type": "Point", "coordinates": [ -0.2426501, 5.5678938 ] } },
{ "type": "Feature", "properties": { "osmid": 4996770214, "element": "node", "name": "JT", "hub_type": "bus", "hub_scale": "stop", "amenity": null, "railway": null, "public_transport": "platform", "highway": "bus_stop", "aeroway": null, "building": null, "operator": null, "network": null, "centroid_lat": 5.5626227, "centroid_lon": -0.2452565 }, "geometry": { "type": "Point", "coordinates": [ -0.2452565, 5.5626227 ] } },
{ "type": "Feature", "properties": { "osmid": 4996770215, "element": "node", "name": "Seventh Day Adventist", "hub_type": "bus", "hub_scale": "stop", "amenity": null, "railway": null, "public_transport": "platform", "highway": "bus_stop", "aeroway": null, "building": null, "operator": null, "network": null, "centroid_lat": 5.5591138, "centroid_lon": -0.246258 }, "geometry": { "type": "Point", "coordinates": [ -0.246258, 5.5591138 ] } },
{ "type": "Feature", "properties": { "osmid": 4996770216, "element": "node", "name": "Paa Willie", "hub_type": "bus", "hub_scale": "stop", "amenity": null, "railway": null, "public_transport": "platform", "highway": "bus_stop", "aeroway": null, "building": null, "operator": null, "network": null, "centroid_lat": 5.5595961, "centroid_lon": -0.251848 }, "geometry": { "type": "Point", "coordinates": [ -0.251848, 5.5595961 ] } },
{ "type": "Feature", "properties": { "osmid": 4996770217, "element": "node", "name": "Russia", "hub_type": "bus", "hub_scale": "stop", "amenity": null, "railway": null, "public_transport": "platform", "highway": "bus_stop", "aeroway": null, "building": null, "operator": null, "network": null, "centroid_lat": 5.5564131, "centroid_lon": -0.2510543 }, "geometry": { "type": "Point", "coordinates": [ -0.2510543, 5.5564131 ] } },
{ "type": "Feature", "properties": { "osmid": 4996770218, "element": "node", "name": "Komanko", "hub_type": "bus", "hub_scale": "stop", "amenity": null, "railway": null, "public_transport": "platform", "highway": "bus_stop", "aeroway": null, "building": null, "operator": null, "network": null, "centroid_lat": 5.5557969, "centroid_lon": -0.2536072 }, "geometry": { "type": "Point", "coordinates": [ -0.2536072, 5.5557969 ] } },
{ "type": "Feature", "properties": { "osmid": 4997066313, "element": "node", "name": "Flat Top", "hub_type": "bus", "hub_scale": "stop", "amenity": null, "railway": null, "public_transport": "platform", "highway": "bus_stop", "aeroway": null, "building": null, "operator": null, "network": null, "centroid_lat": 5.6091079, "centroid_lon": -0.2373671 }, "geometry": { "type": "Point", "coordinates": [ -0.2373671, 5.6091079 ] } },
{ "type": "Feature", "properties": { "osmid": 4997066314, "element": "node", "name": "PnP Junction", "hub_type": "bus", "hub_scale": "stop", "amenity": null, "railway": null, "public_transport": "platform", "highway": "bus_stop", "aeroway": null, "building": null, "operator": null, "network": null, "centroid_lat": 5.5992202, "centroid_lon": -0.235791 }, "geometry": { "type": "Point", "coordinates": [ -0.235791, 5.5992202 ] } },
{ "type": "Feature", "properties": { "osmid": 4997066315, "element": "node", "name": "Masalakyi", "hub_type": "bus", "hub_scale": "stop", "amenity": null, "railway": null, "public_transport": "platform", "highway": "bus_stop", "aeroway": null, "building": null, "operator": null, "network": null, "centroid_lat": 5.5847277, "centroid_lon": -0.231531 }, "geometry": { "type": "Point", "coordinates": [ -0.231531, 5.5847277 ] } },
{ "type": "Feature", "properties": { "osmid": 4997071028, "element": "node", "name": "Airport Junction", "hub_type": "bus", "hub_scale": "stop", "amenity": null, "railway": null, "public_transport": "platform", "highway": "bus_stop", "aeroway": null, "building": null, "operator": null, "network": null, "centroid_lat": 5.6219506, "centroid_lon": -0.1794792 }, "geometry": { "type": "Point", "coordinates": [ -0.1794792, 5.6219506 ] } },
{ "type": "Feature", "properties": { "osmid": 4997071029, "element": "node", "name": "GSL", "hub_type": "bus", "hub_scale": "stop", "amenity": null, "railway": null, "public_transport": "platform", "highway": "bus_stop", "aeroway": null, "building": null, "operator": null, "network": null, "centroid_lat": 5.6168459, "centroid_lon": -0.1992563 }, "geometry": { "type": "Point", "coordinates": [ -0.1992563, 5.6168459 ] } },
{ "type": "Feature", "properties": { "osmid": 4997071030, "element": "node", "name": "Sue's Inn", "hub_type": "bus", "hub_scale": "stop", "amenity": null, "railway": null, "public_transport": "platform", "highway": "bus_stop", "aeroway": null, "building": null, "operator": null, "network": null, "centroid_lat": 5.6107032, "centroid_lon": -0.2327094 }, "geometry": { "type": "Point", "coordinates": [ -0.2327094, 5.6107032 ] } },
{ "type": "Feature", "properties": { "osmid": 4997071031, "element": "node", "name": "Sunlight", "hub_type": "bus", "hub_scale": "stop", "amenity": null, "railway": null, "public_transport": "platform", "highway": "bus_stop", "aeroway": null, "building": null, "operator": null, "network": null, "centroid_lat": 5.589739, "centroid_lon": -0.2320374 }, "geometry": { "type": "Point", "coordinates": [ -0.2320374, 5.589739 ] } },
{ "type": "Feature", "properties": { "osmid": 4997071032, "element": "node", "name": "Old Stop", "hub_type": "bus", "hub_scale": "stop", "amenity": null, "railway": null, "public_transport": "platform", "highway": "bus_stop", "aeroway": null, "building": null, "operator": null, "network": null, "centroid_lat": 5.5875218, "centroid_lon": -0.2327239 }, "geometry": { "type": "Point", "coordinates": [ -0.2327239, 5.5875218 ] } },
{ "type": "Feature", "properties": { "osmid": 4997071033, "element": "node", "name": "Pentecost", "hub_type": "bus", "hub_scale": "stop", "amenity": null, "railway": null, "public_transport": "platform", "highway": "bus_stop", "aeroway": null, "building": null, "operator": null, "network": null, "centroid_lat": 5.5802667, "centroid_lon": -0.2290372 }, "geometry": { "type": "Point", "coordinates": [ -0.2290372, 5.5802667 ] } },
{ "type": "Feature", "properties": { "osmid": 4997071034, "element": "node", "name": "St. Theresa's", "hub_type": "bus", "hub_scale": "stop", "amenity": null, "railway": null, "public_transport": "platform", "highway": "bus_stop", "aeroway": null, "building": null, "operator": null, "network": null, "centroid_lat": 5.5794518, "centroid_lon": -0.2282996 }, "geometry": { "type": "Point", "coordinates": [ -0.2282996, 5.5794518 ] } },
{ "type": "Feature", "properties": { "osmid": 4997071036, "element": "node", "name": "Roundabout", "hub_type": "bus", "hub_scale": "stop", "amenity": null, "railway": null, "public_transport": "platform", "highway": "bus_stop", "aeroway": null, "building": null, "operator": null, "network": null, "centroid_lat": 5.5728437, "centroid_lon": -0.2307918 }, "geometry": { "type": "Point", "coordinates": [ -0.2307918, 5.5728437 ] } },
{ "type": "Feature", "properties": { "osmid": 4997374737, "element": "node", "name": "Pamprom", "hub_type": "bus", "hub_scale": "stop", "amenity": null, "railway": null, "public_transport": "platform", "highway": "bus_stop", "aeroway": null, "building": null, "operator": null, "network": null, "centroid_lat": 5.5656316, "centroid_lon": -0.2307635 }, "geometry": { "type": "Point", "coordinates": [ -0.2307635, 5.5656316 ] } },
{ "type": "Feature", "properties": { "osmid": 4997374738, "element": "node", "name": "Awudome Cemetery", "hub_type": "bus", "hub_scale": "stop", "amenity": null, "railway": null, "public_transport": "platform", "highway": "bus_stop", "aeroway": null, "building": null, "operator": null, "network": null, "centroid_lat": 5.5674149, "centroid_lon": -0.2234054 }, "geometry": { "type": "Point", "coordinates": [ -0.2234054, 5.5674149 ] } },
{ "type": "Feature", "properties": { "osmid": 4997374739, "element": "node", "name": "Equip", "hub_type": "bus", "hub_scale": "stop", "amenity": null, "railway": null, "public_transport": "platform", "highway": "bus_stop", "aeroway": null, "building": null, "operator": null, "network": null, "centroid_lat": 5.5711239, "centroid_lon": -0.2101909 }, "geometry": { "type": "Point", "coordinates": [ -0.2101909, 5.5711239 ] } },
{ "type": "Feature", "properties": { "osmid": 4997374740, "element": "node", "name": "Nima Police Station", "hub_type": "bus", "hub_scale": "stop", "amenity": null, "railway": null, "public_transport": "platform", "highway": "bus_stop", "aeroway": null, "building": null, "operator": null, "network": null, "centroid_lat": 5.5742089, "centroid_lon": -0.2007878 }, "geometry": { "type": "Point", "coordinates": [ -0.2007878, 5.5742089 ] } },
{ "type": "Feature", "properties": { "osmid": 4997374741, "element": "node", "name": "Mobil / Kanda Overhead", "hub_type": "bus", "hub_scale": "stop", "amenity": null, "railway": null, "public_transport": "platform", "highway": "bus_stop", "aeroway": null, "building": null, "operator": null, "network": null, "centroid_lat": 5.5741271, "centroid_lon": -0.1975167 }, "geometry": { "type": "Point", "coordinates": [ -0.1975167, 5.5741271 ] } },
{ "type": "Feature", "properties": { "osmid": 4997374742, "element": "node", "name": "TV3", "hub_type": "bus", "hub_scale": "stop", "amenity": null, "railway": null, "public_transport": "platform", "highway": "bus_stop", "aeroway": null, "building": null, "operator": null, "network": null, "centroid_lat": 5.5763199, "centroid_lon": -0.1896684 }, "geometry": { "type": "Point", "coordinates": [ -0.1896684, 5.5763199 ] } },
{ "type": "Feature", "properties": { "osmid": 4997374743, "element": "node", "name": "Flagstaff House", "hub_type": "bus", "hub_scale": "stop", "amenity": null, "railway": null, "public_transport": "platform", "highway": "bus_stop", "aeroway": null, "building": null, "operator": null, "network": null, "centroid_lat": 5.5763685, "centroid_lon": -0.1881095 }, "geometry": { "type": "Point", "coordinates": [ -0.1881095, 5.5763685 ] } },
{ "type": "Feature", "properties": { "osmid": 4997374744, "element": "node", "name": "37 Water Works", "hub_type": "bus", "hub_scale": "stop", "amenity": null, "railway": null, "public_transport": "platform", "highway": "bus_stop", "aeroway": null, "building": null, "operator": null, "network": null, "centroid_lat": 5.5825313, "centroid_lon": -0.1854895 }, "geometry": { "type": "Point", "coordinates": [ -0.1854895, 5.5825313 ] } },
{ "type": "Feature", "properties": { "osmid": 4997374745, "element": "node", "name": "37", "hub_type": "bus", "hub_scale": "stop", "amenity": null, "railway": null, "public_transport": "platform", "highway": "bus_stop", "aeroway": null, "building": null, "operator": null, "network": null, "centroid_lat": 5.5911748, "centroid_lon": -0.1810542 }, "geometry": { "type": "Point", "coordinates": [ -0.1810542, 5.5911748 ] } },
{ "type": "Feature", "properties": { "osmid": 4997374746, "element": "node", "name": "Opeibea Second", "hub_type": "bus", "hub_scale": "stop", "amenity": null, "railway": null, "public_transport": "platform", "highway": "bus_stop", "aeroway": null, "building": null, "operator": null, "network": null, "centroid_lat": 5.5952582, "centroid_lon": -0.1801215 }, "geometry": { "type": "Point", "coordinates": [ -0.1801215, 5.5952582 ] } },
{ "type": "Feature", "properties": { "osmid": 4997374747, "element": "node", "name": "Airport First", "hub_type": "bus", "hub_scale": "stop", "amenity": null, "railway": null, "public_transport": "platform", "highway": "bus_stop", "aeroway": null, "building": null, "operator": null, "network": null, "centroid_lat": 5.6080818, "centroid_lon": -0.1772453 }, "geometry": { "type": "Point", "coordinates": [ -0.1772453, 5.6080818 ] } },
{ "type": "Feature", "properties": { "osmid": 4997374748, "element": "node", "name": "Legon Second Gate", "hub_type": "bus", "hub_scale": "stop", "amenity": null, "railway": null, "public_transport": "platform", "highway": "bus_stop", "aeroway": null, "building": null, "operator": null, "network": null, "centroid_lat": 5.6357626, "centroid_lon": -0.1774611 }, "geometry": { "type": "Point", "coordinates": [ -0.1774611, 5.6357626 ] } },
{ "type": "Feature", "properties": { "osmid": 4997374749, "element": "node", "name": "UPS", "hub_type": "bus", "hub_scale": "stop", "amenity": null, "railway": null, "public_transport": "platform", "highway": "bus_stop", "aeroway": null, "building": null, "operator": null, "network": null, "centroid_lat": 5.6590934, "centroid_lon": -0.1789525 }, "geometry": { "type": "Point", "coordinates": [ -0.1789525, 5.6590934 ] } },
{ "type": "Feature", "properties": { "osmid": 4997374750, "element": "node", "name": "Presec", "hub_type": "bus", "hub_scale": "stop", "amenity": null, "railway": null, "public_transport": "platform", "highway": "bus_stop", "aeroway": null, "building": null, "operator": null, "network": null, "centroid_lat": 5.6617587, "centroid_lon": -0.1783598 }, "geometry": { "type": "Point", "coordinates": [ -0.1783598, 5.6617587 ] } },
{ "type": "Feature", "properties": { "osmid": 4997374751, "element": "node", "name": "Atomic Second", "hub_type": "bus", "hub_scale": "stop", "amenity": null, "railway": null, "public_transport": "platform", "highway": "bus_stop", "aeroway": null, "building": null, "operator": null, "network": null, "centroid_lat": 5.6663817, "centroid_lon": -0.1775621 }, "geometry": { "type": "Point", "coordinates": [ -0.1775621, 5.6663817 ] } },
{ "type": "Feature", "properties": { "osmid": 4997810026, "element": "node", "name": "Mamponse", "hub_type": "bus", "hub_scale": "stop", "amenity": null, "railway": null, "public_transport": "platform", "highway": "bus_stop", "aeroway": null, "building": null, "operator": null, "network": null, "centroid_lat": 5.52768, "centroid_lon": -0.2736519 }, "geometry": { "type": "Point", "coordinates": [ -0.2736519, 5.52768 ] } },
{ "type": "Feature", "properties": { "osmid": 4997810027, "element": "node", "name": "Ebenezer", "hub_type": "bus", "hub_scale": "stop", "amenity": null, "railway": null, "public_transport": "platform", "highway": "bus_stop", "aeroway": null, "building": null, "operator": null, "network": null, "centroid_lat": 5.5295119, "centroid_lon": -0.2698437 }, "geometry": { "type": "Point", "coordinates": [ -0.2698437, 5.5295119 ] } },
{ "type": "Feature", "properties": { "osmid": 4997810028, "element": "node", "name": "Point 6", "hub_type": "bus", "hub_scale": "stop", "amenity": null, "railway": null, "public_transport": "platform", "highway": "bus_stop", "aeroway": null, "building": null, "operator": null, "network": null, "centroid_lat": 5.528276, "centroid_lon": -0.2683841 }, "geometry": { "type": "Point", "coordinates": [ -0.2683841, 5.528276 ] } },
{ "type": "Feature", "properties": { "osmid": 4997810029, "element": "node", "name": "Atomic", "hub_type": "bus", "hub_scale": "stop", "amenity": null, "railway": null, "public_transport": "platform", "highway": "bus_stop", "aeroway": null, "building": null, "operator": null, "network": null, "centroid_lat": 5.527639, "centroid_lon": -0.2659963 }, "geometry": { "type": "Point", "coordinates": [ -0.2659963, 5.527639 ] } },
{ "type": "Feature", "properties": { "osmid": 4997810030, "element": "node", "name": "Karikari", "hub_type": "bus", "hub_scale": "stop", "amenity": null, "railway": null, "public_transport": "platform", "highway": "bus_stop", "aeroway": null, "building": null, "operator": null, "network": null, "centroid_lat": 5.5309817, "centroid_lon": -0.2614355 }, "geometry": { "type": "Point", "coordinates": [ -0.2614355, 5.5309817 ] } },
{ "type": "Feature", "properties": { "osmid": 4997810031, "element": "node", "name": "Zone 6", "hub_type": "bus", "hub_scale": "stop", "amenity": null, "railway": null, "public_transport": "platform", "highway": "bus_stop", "aeroway": null, "building": null, "operator": null, "network": null, "centroid_lat": 5.5314411, "centroid_lon": -0.2575751 }, "geometry": { "type": "Point", "coordinates": [ -0.2575751, 5.5314411 ] } },
{ "type": "Feature", "properties": { "osmid": 4997810032, "element": "node", "name": "Agege", "hub_type": "bus", "hub_scale": "stop", "amenity": null, "railway": null, "public_transport": "platform", "highway": "bus_stop", "aeroway": null, "building": null, "operator": null, "network": null, "centroid_lat": 5.5317991, "centroid_lon": -0.2549926 }, "geometry": { "type": "Point", "coordinates": [ -0.2549926, 5.5317991 ] } },
{ "type": "Feature", "properties": { "osmid": 4997810033, "element": "node", "name": "205", "hub_type": "bus", "hub_scale": "stop", "amenity": null, "railway": null, "public_transport": "platform", "highway": "bus_stop", "aeroway": null, "building": null, "operator": null, "network": null, "centroid_lat": 5.5319607, "centroid_lon": -0.2540035 }, "geometry": { "type": "Point", "coordinates": [ -0.2540035, 5.5319607 ] } },
{ "type": "Feature", "properties": { "osmid": 4997810034, "element": "node", "name": "Lotto House", "hub_type": "bus", "hub_scale": "stop", "amenity": null, "railway": null, "public_transport": "platform", "highway": "bus_stop", "aeroway": null, "building": null, "operator": null, "network": null, "centroid_lat": 5.5324642, "centroid_lon": -0.2511647 }, "geometry": { "type": "Point", "coordinates": [ -0.2511647, 5.5324642 ] } },
{ "type": "Feature", "properties": { "osmid": 4997810035, "element": "node", "name": "USA", "hub_type": "bus", "hub_scale": "stop", "amenity": null, "railway": null, "public_transport": "platform", "highway": "bus_stop", "aeroway": null, "building": null, "operator": null, "network": null, "centroid_lat": 5.5322769, "centroid_lon": -0.2483771 }, "geometry": { "type": "Point", "coordinates": [ -0.2483771, 5.5322769 ] } },
{ "type": "Feature", "properties": { "osmid": 4997810036, "element": "node", "name": "Bamboi", "hub_type": "bus", "hub_scale": "stop", "amenity": null, "railway": null, "public_transport": "platform", "highway": "bus_stop", "aeroway": null, "building": null, "operator": null, "network": null, "centroid_lat": 5.5328628, "centroid_lon": -0.2462328 }, "geometry": { "type": "Point", "coordinates": [ -0.2462328, 5.5328628 ] } },
{ "type": "Feature", "properties": { "osmid": 4997810037, "element": "node", "name": "Methodist", "hub_type": "bus", "hub_scale": "stop", "amenity": null, "railway": null, "public_transport": "platform", "highway": "bus_stop", "aeroway": null, "building": null, "operator": null, "network": null, "centroid_lat": 5.5348583, "centroid_lon": -0.2444205 }, "geometry": { "type": "Point", "coordinates": [ -0.2444205, 5.5348583 ] } },
{ "type": "Feature", "properties": { "osmid": 4997836735, "element": "node", "name": null, "hub_type": "bus", "hub_scale": "stop", "amenity": null, "railway": null, "public_transport": "stop_position", "highway": null, "aeroway": null, "building": null, "operator": null, "network": null, "centroid_lat": 5.5641036, "centroid_lon": -0.2359117 }, "geometry": { "type": "Point", "coordinates": [ -0.2359117, 5.5641036 ] } },
{ "type": "Feature", "properties": { "osmid": 4997931943, "element": "node", "name": "Bamboi", "hub_type": "bus", "hub_scale": "stop", "amenity": null, "railway": null, "public_transport": "platform", "highway": "bus_stop", "aeroway": null, "building": null, "operator": null, "network": null, "centroid_lat": 5.5327788, "centroid_lon": -0.2462315 }, "geometry": { "type": "Point", "coordinates": [ -0.2462315, 5.5327788 ] } },
{ "type": "Feature", "properties": { "osmid": 4997931944, "element": "node", "name": "Atomic", "hub_type": "bus", "hub_scale": "stop", "amenity": null, "railway": null, "public_transport": "platform", "highway": "bus_stop", "aeroway": null, "building": null, "operator": null, "network": null, "centroid_lat": 5.5272151, "centroid_lon": -0.2664628 }, "geometry": { "type": "Point", "coordinates": [ -0.2664628, 5.5272151 ] } },
{ "type": "Feature", "properties": { "osmid": 4997931945, "element": "node", "name": "205", "hub_type": "bus", "hub_scale": "stop", "amenity": null, "railway": null, "public_transport": "platform", "highway": "bus_stop", "aeroway": null, "building": null, "operator": null, "network": null, "centroid_lat": 5.531965, "centroid_lon": -0.253574 }, "geometry": { "type": "Point", "coordinates": [ -0.253574, 5.531965 ] } },
{ "type": "Feature", "properties": { "osmid": 4997931946, "element": "node", "name": "Agege Last Stop", "hub_type": "bus", "hub_scale": "stop", "amenity": null, "railway": null, "public_transport": "platform", "highway": "bus_stop", "aeroway": null, "building": null, "operator": null, "network": null, "centroid_lat": 5.529133, "centroid_lon": -0.2641792 }, "geometry": { "type": "Point", "coordinates": [ -0.2641792, 5.529133 ] } },
{ "type": "Feature", "properties": { "osmid": 4998004817, "element": "node", "name": "Mamprobi Alhaji Station", "hub_type": "bus", "hub_scale": "stop", "amenity": null, "railway": null, "public_transport": "platform", "highway": "bus_stop", "aeroway": null, "building": null, "operator": null, "network": null, "centroid_lat": 5.5309718, "centroid_lon": -0.2504105 }, "geometry": { "type": "Point", "coordinates": [ -0.2504105, 5.5309718 ] } },
{ "type": "Feature", "properties": { "osmid": 4998004818, "element": "node", "name": "JB Spot", "hub_type": "bus", "hub_scale": "stop", "amenity": null, "railway": null, "public_transport": "platform", "highway": "bus_stop", "aeroway": null, "building": null, "operator": null, "network": null, "centroid_lat": 5.531242, "centroid_lon": -0.2476161 }, "geometry": { "type": "Point", "coordinates": [ -0.2476161, 5.531242 ] } },
{ "type": "Feature", "properties": { "osmid": 4998004819, "element": "node", "name": "Junction", "hub_type": "bus", "hub_scale": "stop", "amenity": null, "railway": null, "public_transport": "platform", "highway": "bus_stop", "aeroway": null, "building": null, "operator": null, "network": null, "centroid_lat": 5.534047, "centroid_lon": -0.2428767 }, "geometry": { "type": "Point", "coordinates": [ -0.2428767, 5.534047 ] } },
{ "type": "Feature", "properties": { "osmid": 4998027083, "element": "node", "name": null, "hub_type": "bus", "hub_scale": "stop", "amenity": null, "railway": null, "public_transport": "stop_position", "highway": null, "aeroway": null, "building": null, "operator": null, "network": null, "centroid_lat": 5.5309478, "centroid_lon": -0.2504118 }, "geometry": { "type": "Point", "coordinates": [ -0.2504118, 5.5309478 ] } },
{ "type": "Feature", "properties": { "osmid": 4998045789, "element": "node", "name": "Sempe First", "hub_type": "bus", "hub_scale": "stop", "amenity": null, "railway": null, "public_transport": "platform", "highway": "bus_stop", "aeroway": null, "building": null, "operator": null, "network": null, "centroid_lat": 5.5385926, "centroid_lon": -0.2390579 }, "geometry": { "type": "Point", "coordinates": [ -0.2390579, 5.5385926 ] } },
{ "type": "Feature", "properties": { "osmid": 4998045790, "element": "node", "name": "Methodist", "hub_type": "bus", "hub_scale": "stop", "amenity": null, "railway": null, "public_transport": "platform", "highway": "bus_stop", "aeroway": null, "building": null, "operator": null, "network": null, "centroid_lat": 5.5344039, "centroid_lon": -0.2447442 }, "geometry": { "type": "Point", "coordinates": [ -0.2447442, 5.5344039 ] } },
{ "type": "Feature", "properties": { "osmid": 4998045791, "element": "node", "name": "Kaneshie Takoradi Station", "hub_type": "bus", "hub_scale": "stop", "amenity": null, "railway": null, "public_transport": "platform", "highway": "bus_stop", "aeroway": null, "building": null, "operator": null, "network": null, "centroid_lat": 5.5648094, "centroid_lon": -0.2370755 }, "geometry": { "type": "Point", "coordinates": [ -0.2370755, 5.5648094 ] } },
{ "type": "Feature", "properties": { "osmid": 4998045792, "element": "node", "name": "Sempe Second", "hub_type": "bus", "hub_scale": "stop", "amenity": null, "railway": null, "public_transport": "platform", "highway": "bus_stop", "aeroway": null, "building": null, "operator": null, "network": null, "centroid_lat": 5.5375136, "centroid_lon": -0.2400797 }, "geometry": { "type": "Point", "coordinates": [ -0.2400797, 5.5375136 ] } },
{ "type": "Feature", "properties": { "osmid": 4998045793, "element": "node", "name": "Abodwe", "hub_type": "bus", "hub_scale": "stop", "amenity": null, "railway": null, "public_transport": "platform", "highway": "bus_stop", "aeroway": null, "building": null, "operator": null, "network": null, "centroid_lat": 5.53506, "centroid_lon": -0.2422865 }, "geometry": { "type": "Point", "coordinates": [ -0.2422865, 5.53506 ] } },
{ "type": "Feature", "properties": { "osmid": 4998045794, "element": "node", "name": "Alhaji Junction", "hub_type": "bus", "hub_scale": "stop", "amenity": null, "railway": null, "public_transport": "platform", "highway": "bus_stop", "aeroway": null, "building": null, "operator": null, "network": null, "centroid_lat": 5.531201, "centroid_lon": -0.2476115 }, "geometry": { "type": "Point", "coordinates": [ -0.2476115, 5.531201 ] } },
{ "type": "Feature", "properties": { "osmid": 4998106214, "element": "node", "name": "New Town", "hub_type": "bus", "hub_scale": "stop", "amenity": null, "railway": null, "public_transport": "platform", "highway": "bus_stop", "aeroway": null, "building": null, "operator": null, "network": null, "centroid_lat": 5.5827214, "centroid_lon": -0.2084889 }, "geometry": { "type": "Point", "coordinates": [ -0.2084889, 5.5827214 ] } },
{ "type": "Feature", "properties": { "osmid": 4998106215, "element": "node", "name": "Obour Ba", "hub_type": "bus", "hub_scale": "stop", "amenity": null, "railway": null, "public_transport": "platform", "highway": "bus_stop", "aeroway": null, "building": null, "operator": null, "network": null, "centroid_lat": 5.578112, "centroid_lon": -0.2075849 }, "geometry": { "type": "Point", "coordinates": [ -0.2075849, 5.578112 ] } },
{ "type": "Feature", "properties": { "osmid": 4998106216, "element": "node", "name": "Challenge", "hub_type": "bus", "hub_scale": "stop", "amenity": null, "railway": null, "public_transport": "platform", "highway": "bus_stop", "aeroway": null, "building": null, "operator": null, "network": null, "centroid_lat": 5.576912, "centroid_lon": -0.209728 }, "geometry": { "type": "Point", "coordinates": [ -0.209728, 5.576912 ] } },
{ "type": "Feature", "properties": { "osmid": 4998106217, "element": "node", "name": "NDC", "hub_type": "bus", "hub_scale": "stop", "amenity": null, "railway": null, "public_transport": "platform", "highway": "bus_stop", "aeroway": null, "building": null, "operator": null, "network": null, "centroid_lat": 5.5792706, "centroid_lon": -0.2128873 }, "geometry": { "type": "Point", "coordinates": [ -0.2128873, 5.5792706 ] } },
{ "type": "Feature", "properties": { "osmid": 4998106218, "element": "node", "name": "Avalley", "hub_type": "bus", "hub_scale": "stop", "amenity": null, "railway": null, "public_transport": "platform", "highway": "bus_stop", "aeroway": null, "building": null, "operator": null, "network": null, "centroid_lat": 5.5805706, "centroid_lon": -0.2158397 }, "geometry": { "type": "Point", "coordinates": [ -0.2158397, 5.5805706 ] } },
{ "type": "Feature", "properties": { "osmid": 4998106219, "element": "node", "name": "Hubtel", "hub_type": "bus", "hub_scale": "stop", "amenity": null, "railway": null, "public_transport": "platform", "highway": "bus_stop", "aeroway": null, "building": null, "operator": null, "network": null, "centroid_lat": 5.5784909, "centroid_lon": -0.2157956 }, "geometry": { "type": "Point", "coordinates": [ -0.2157956, 5.5784909 ] } },
{ "type": "Feature", "properties": { "osmid": 4999589687, "element": "node", "name": "Accra Mall", "hub_type": "bus", "hub_scale": "stop", "amenity": null, "railway": null, "public_transport": "platform", "highway": "bus_stop", "aeroway": null, "building": null, "operator": null, "network": null, "centroid_lat": 5.6235673, "centroid_lon": -0.1743056 }, "geometry": { "type": "Point", "coordinates": [ -0.1743056, 5.6235673 ] } },
{ "type": "Feature", "properties": { "osmid": 4999883665, "element": "node", "name": "Caprice Taxi Station", "hub_type": "bus", "hub_scale": "stop", "amenity": null, "railway": null, "public_transport": "platform", "highway": "bus_stop", "aeroway": null, "building": null, "operator": null, "network": null, "centroid_lat": 5.5844696, "centroid_lon": -0.2172718 }, "geometry": { "type": "Point", "coordinates": [ -0.2172718, 5.5844696 ] } },
{ "type": "Feature", "properties": { "osmid": 4999883666, "element": "node", "name": "Akoko Darko Junction", "hub_type": "bus", "hub_scale": "stop", "amenity": null, "railway": null, "public_transport": "platform", "highway": "bus_stop", "aeroway": null, "building": null, "operator": null, "network": null, "centroid_lat": 5.5851589, "centroid_lon": -0.2156386 }, "geometry": { "type": "Point", "coordinates": [ -0.2156386, 5.5851589 ] } },
{ "type": "Feature", "properties": { "osmid": 4999883667, "element": "node", "name": "Accra New Town Taxi Station", "hub_type": "bus", "hub_scale": "stop", "amenity": null, "railway": null, "public_transport": "platform", "highway": "bus_stop", "aeroway": null, "building": null, "operator": null, "network": null, "centroid_lat": 5.5815197, "centroid_lon": -0.2088698 }, "geometry": { "type": "Point", "coordinates": [ -0.2088698, 5.5815197 ] } },
{ "type": "Feature", "properties": { "osmid": 4999890169, "element": "node", "name": null, "hub_type": "bus", "hub_scale": "stop", "amenity": null, "railway": null, "public_transport": "stop_position", "highway": null, "aeroway": null, "building": null, "operator": null, "network": null, "centroid_lat": 5.5814977, "centroid_lon": -0.2088804 }, "geometry": { "type": "Point", "coordinates": [ -0.2088804, 5.5814977 ] } },
{ "type": "Feature", "properties": { "osmid": 5000176411, "element": "node", "name": "Odorkor", "hub_type": "bus", "hub_scale": "stop", "amenity": null, "railway": null, "public_transport": "platform", "highway": "bus_stop", "aeroway": null, "building": null, "operator": null, "network": null, "centroid_lat": 5.5812246, "centroid_lon": -0.2637615 }, "geometry": { "type": "Point", "coordinates": [ -0.2637615, 5.5812246 ] } },
{ "type": "Feature", "properties": { "osmid": 5000176412, "element": "node", "name": "Cold Store", "hub_type": "bus", "hub_scale": "stop", "amenity": null, "railway": null, "public_transport": "platform", "highway": "bus_stop", "aeroway": null, "building": null, "operator": null, "network": null, "centroid_lat": 5.5794279, "centroid_lon": -0.2657017 }, "geometry": { "type": "Point", "coordinates": [ -0.2657017, 5.5794279 ] } },
{ "type": "Feature", "properties": { "osmid": 5000176413, "element": "node", "name": "Busia Junction", "hub_type": "bus", "hub_scale": "stop", "amenity": null, "railway": null, "public_transport": "platform", "highway": "bus_stop", "aeroway": null, "building": null, "operator": null, "network": null, "centroid_lat": 5.5787991, "centroid_lon": -0.267294 }, "geometry": { "type": "Point", "coordinates": [ -0.267294, 5.5787991 ] } },
{ "type": "Feature", "properties": { "osmid": 5000176414, "element": "node", "name": "Crystal", "hub_type": "bus", "hub_scale": "stop", "amenity": null, "railway": null, "public_transport": "platform", "highway": "bus_stop", "aeroway": null, "building": null, "operator": null, "network": null, "centroid_lat": 5.5761773, "centroid_lon": -0.2665905 }, "geometry": { "type": "Point", "coordinates": [ -0.2665905, 5.5761773 ] } },
{ "type": "Feature", "properties": { "osmid": 5000176415, "element": "node", "name": "Dela", "hub_type": "bus", "hub_scale": "stop", "amenity": null, "railway": null, "public_transport": "platform", "highway": "bus_stop", "aeroway": null, "building": null, "operator": null, "network": null, "centroid_lat": 5.5705158, "centroid_lon": -0.2712174 }, "geometry": { "type": "Point", "coordinates": [ -0.2712174, 5.5705158 ] } },
{ "type": "Feature", "properties": { "osmid": 5000176416, "element": "node", "name": "Thirteen", "hub_type": "bus", "hub_scale": "stop", "amenity": null, "railway": null, "public_transport": "platform", "highway": "bus_stop", "aeroway": null, "building": null, "operator": null, "network": null, "centroid_lat": 5.5676156, "centroid_lon": -0.270218 }, "geometry": { "type": "Point", "coordinates": [ -0.270218, 5.5676156 ] } },
{ "type": "Feature", "properties": { "osmid": 5000176417, "element": "node", "name": "Ave Maria", "hub_type": "bus", "hub_scale": "stop", "amenity": null, "railway": null, "public_transport": "platform", "highway": "bus_stop", "aeroway": null, "building": null, "operator": null, "network": null, "centroid_lat": 5.5653597, "centroid_lon": -0.2687496 }, "geometry": { "type": "Point", "coordinates": [ -0.2687496, 5.5653597 ] } },
{ "type": "Feature", "properties": { "osmid": 5000176418, "element": "node", "name": "Oxygen (o2)", "hub_type": "bus", "hub_scale": "stop", "amenity": null, "railway": null, "public_transport": "platform", "highway": "bus_stop", "aeroway": null, "building": null, "operator": null, "network": null, "centroid_lat": 5.5612607, "centroid_lon": -0.2652062 }, "geometry": { "type": "Point", "coordinates": [ -0.2652062, 5.5612607 ] } },
{ "type": "Feature", "properties": { "osmid": 5000176419, "element": "node", "name": "St. Martin Depores", "hub_type": "bus", "hub_scale": "stop", "amenity": null, "railway": null, "public_transport": "platform", "highway": "bus_stop", "aeroway": null, "building": null, "operator": null, "network": null, "centroid_lat": 5.5597816, "centroid_lon": -0.2651201 }, "geometry": { "type": "Point", "coordinates": [ -0.2651201, 5.5597816 ] } },
{ "type": "Feature", "properties": { "osmid": 5000176420, "element": "node", "name": "Dansoman Roundabout", "hub_type": "bus", "hub_scale": "stop", "amenity": null, "railway": null, "public_transport": "platform", "highway": "bus_stop", "aeroway": null, "building": null, "operator": null, "network": null, "centroid_lat": 5.5567255, "centroid_lon": -0.2646243 }, "geometry": { "type": "Point", "coordinates": [ -0.2646243, 5.5567255 ] } },
{ "type": "Feature", "properties": { "osmid": 5000179121, "element": "node", "name": "Mama's Inn", "hub_type": "bus", "hub_scale": "stop", "amenity": null, "railway": null, "public_transport": "platform", "highway": "bus_stop", "aeroway": null, "building": null, "operator": null, "network": null, "centroid_lat": 5.554371, "centroid_lon": -0.2644759 }, "geometry": { "type": "Point", "coordinates": [ -0.2644759, 5.554371 ] } },
{ "type": "Feature", "properties": { "osmid": 5000179122, "element": "node", "name": "Beecham", "hub_type": "bus", "hub_scale": "stop", "amenity": null, "railway": null, "public_transport": "platform", "highway": "bus_stop", "aeroway": null, "building": null, "operator": null, "network": null, "centroid_lat": 5.5523658, "centroid_lon": -0.264496 }, "geometry": { "type": "Point", "coordinates": [ -0.264496, 5.5523658 ] } },
{ "type": "Feature", "properties": { "osmid": 5000179123, "element": "node", "name": "Sahara", "hub_type": "bus", "hub_scale": "stop", "amenity": null, "railway": null, "public_transport": "platform", "highway": "bus_stop", "aeroway": null, "building": null, "operator": null, "network": null, "centroid_lat": 5.5505587, "centroid_lon": -0.2645143 }, "geometry": { "type": "Point", "coordinates": [ -0.2645143, 5.5505587 ] } },
{ "type": "Feature", "properties": { "osmid": 5000179124, "element": "node", "name": "Dansoman Control", "hub_type": "bus", "hub_scale": "stop", "amenity": null, "railway": null, "public_transport": "platform", "highway": "bus_stop", "aeroway": null, "building": null, "operator": null, "network": null, "centroid_lat": 5.5459695, "centroid_lon": -0.2645437 }, "geometry": { "type": "Point", "coordinates": [ -0.2645437, 5.5459695 ] } },
{ "type": "Feature", "properties": { "osmid": 5000179125, "element": "node", "name": "Dansoman Police Station", "hub_type": "bus", "hub_scale": "stop", "amenity": null, "railway": null, "public_transport": "platform", "highway": "bus_stop", "aeroway": null, "building": null, "operator": null, "network": null, "centroid_lat": 5.5435269, "centroid_lon": -0.2645687 }, "geometry": { "type": "Point", "coordinates": [ -0.2645687, 5.5435269 ] } },
{ "type": "Feature", "properties": { "osmid": 5000179126, "element": "node", "name": "Dansoman Market", "hub_type": "bus", "hub_scale": "stop", "amenity": null, "railway": null, "public_transport": "platform", "highway": "bus_stop", "aeroway": null, "building": null, "operator": null, "network": null, "centroid_lat": 5.5411138, "centroid_lon": -0.2646057 }, "geometry": { "type": "Point", "coordinates": [ -0.2646057, 5.5411138 ] } },
{ "type": "Feature", "properties": { "osmid": 5000179127, "element": "node", "name": "Exhibition (Dansoman)", "hub_type": "bus", "hub_scale": "stop", "amenity": null, "railway": null, "public_transport": "platform", "highway": "bus_stop", "aeroway": null, "building": null, "operator": null, "network": null, "centroid_lat": 5.5379064, "centroid_lon": -0.2647419 }, "geometry": { "type": "Point", "coordinates": [ -0.2647419, 5.5379064 ] } },
{ "type": "Feature", "properties": { "osmid": 5000179128, "element": "node", "name": "Seven Great", "hub_type": "bus", "hub_scale": "stop", "amenity": null, "railway": null, "public_transport": "platform", "highway": "bus_stop", "aeroway": null, "building": null, "operator": null, "network": null, "centroid_lat": 5.5352343, "centroid_lon": -0.2651323 }, "geometry": { "type": "Point", "coordinates": [ -0.2651323, 5.5352343 ] } },
{ "type": "Feature", "properties": { "osmid": 5000179129, "element": "node", "name": "Kofi ne Ama", "hub_type": "bus", "hub_scale": "stop", "amenity": null, "railway": null, "public_transport": "platform", "highway": "bus_stop", "aeroway": null, "building": null, "operator": null, "network": null, "centroid_lat": 5.5324576, "centroid_lon": -0.2652411 }, "geometry": { "type": "Point", "coordinates": [ -0.2652411, 5.5324576 ] } },
{ "type": "Feature", "properties": { "osmid": 5000179130, "element": "node", "name": "Dansoman Last Stop", "hub_type": "bus", "hub_scale": "stop", "amenity": null, "railway": null, "public_transport": "platform", "highway": "bus_stop", "aeroway": null, "building": null, "operator": null, "network": null, "centroid_lat": 5.529697, "centroid_lon": -0.2653083 }, "geometry": { "type": "Point", "coordinates": [ -0.2653083, 5.529697 ] } },
{ "type": "Feature", "properties": { "osmid": 5000214931, "element": "node", "name": null, "hub_type": "bus", "hub_scale": "stop", "amenity": null, "railway": null, "public_transport": "stop_position", "highway": null, "aeroway": null, "building": null, "operator": null, "network": null, "centroid_lat": 5.5811947, "centroid_lon": -0.2638321 }, "geometry": { "type": "Point", "coordinates": [ -0.2638321, 5.5811947 ] } },
{ "type": "Feature", "properties": { "osmid": 5000972532, "element": "node", "name": "Kofi ne Ama", "hub_type": "bus", "hub_scale": "stop", "amenity": null, "railway": null, "public_transport": "platform", "highway": "bus_stop", "aeroway": null, "building": null, "operator": null, "network": null, "centroid_lat": 5.5330451, "centroid_lon": -0.2653134 }, "geometry": { "type": "Point", "coordinates": [ -0.2653134, 5.5330451 ] } },
{ "type": "Feature", "properties": { "osmid": 5000972533, "element": "node", "name": "Seven Great", "hub_type": "bus", "hub_scale": "stop", "amenity": null, "railway": null, "public_transport": "platform", "highway": "bus_stop", "aeroway": null, "building": null, "operator": null, "network": null, "centroid_lat": 5.5356714, "centroid_lon": -0.2651739 }, "geometry": { "type": "Point", "coordinates": [ -0.2651739, 5.5356714 ] } },
{ "type": "Feature", "properties": { "osmid": 5000972534, "element": "node", "name": "Exhibition (Dansoman)", "hub_type": "bus", "hub_scale": "stop", "amenity": null, "railway": null, "public_transport": "platform", "highway": "bus_stop", "aeroway": null, "building": null, "operator": null, "network": null, "centroid_lat": 5.5379947, "centroid_lon": -0.2648883 }, "geometry": { "type": "Point", "coordinates": [ -0.2648883, 5.5379947 ] } },
{ "type": "Feature", "properties": { "osmid": 5000972535, "element": "node", "name": "Dansoman Market", "hub_type": "bus", "hub_scale": "stop", "amenity": null, "railway": null, "public_transport": "platform", "highway": "bus_stop", "aeroway": null, "building": null, "operator": null, "network": null, "centroid_lat": 5.5415133, "centroid_lon": -0.2647488 }, "geometry": { "type": "Point", "coordinates": [ -0.2647488, 5.5415133 ] } },
{ "type": "Feature", "properties": { "osmid": 5000972536, "element": "node", "name": "Dansoman Police Station", "hub_type": "bus", "hub_scale": "stop", "amenity": null, "railway": null, "public_transport": "platform", "highway": "bus_stop", "aeroway": null, "building": null, "operator": null, "network": null, "centroid_lat": 5.5440301, "centroid_lon": -0.2646992 }, "geometry": { "type": "Point", "coordinates": [ -0.2646992, 5.5440301 ] } },
{ "type": "Feature", "properties": { "osmid": 5000972537, "element": "node", "name": "Dansoman Control", "hub_type": "bus", "hub_scale": "stop", "amenity": null, "railway": null, "public_transport": "platform", "highway": "bus_stop", "aeroway": null, "building": null, "operator": null, "network": null, "centroid_lat": 5.5462927, "centroid_lon": -0.2646542 }, "geometry": { "type": "Point", "coordinates": [ -0.2646542, 5.5462927 ] } },
{ "type": "Feature", "properties": { "osmid": 5000972538, "element": "node", "name": "Sahara", "hub_type": "bus", "hub_scale": "stop", "amenity": null, "railway": null, "public_transport": "platform", "highway": "bus_stop", "aeroway": null, "building": null, "operator": null, "network": null, "centroid_lat": 5.5498053, "centroid_lon": -0.2646495 }, "geometry": { "type": "Point", "coordinates": [ -0.2646495, 5.5498053 ] } },
{ "type": "Feature", "properties": { "osmid": 5000972539, "element": "node", "name": "Beecham", "hub_type": "bus", "hub_scale": "stop", "amenity": null, "railway": null, "public_transport": "platform", "highway": "bus_stop", "aeroway": null, "building": null, "operator": null, "network": null, "centroid_lat": 5.5520958, "centroid_lon": -0.2646241 }, "geometry": { "type": "Point", "coordinates": [ -0.2646241, 5.5520958 ] } },
{ "type": "Feature", "properties": { "osmid": 5000972540, "element": "node", "name": "Mama's Inn", "hub_type": "bus", "hub_scale": "stop", "amenity": null, "railway": null, "public_transport": "platform", "highway": "bus_stop", "aeroway": null, "building": null, "operator": null, "network": null, "centroid_lat": 5.5544064, "centroid_lon": -0.2645959 }, "geometry": { "type": "Point", "coordinates": [ -0.2645959, 5.5544064 ] } },
{ "type": "Feature", "properties": { "osmid": 5000972541, "element": "node", "name": "Dansoman Roundabout", "hub_type": "bus", "hub_scale": "stop", "amenity": null, "railway": null, "public_transport": "platform", "highway": "bus_stop", "aeroway": null, "building": null, "operator": null, "network": null, "centroid_lat": 5.5572835, "centroid_lon": -0.2648474 }, "geometry": { "type": "Point", "coordinates": [ -0.2648474, 5.5572835 ] } },
{ "type": "Feature", "properties": { "osmid": 5000972542, "element": "node", "name": "St. Martin Depores", "hub_type": "bus", "hub_scale": "stop", "amenity": null, "railway": null, "public_transport": "platform", "highway": "bus_stop", "aeroway": null, "building": null, "operator": null, "network": null, "centroid_lat": 5.5596502, "centroid_lon": -0.2652108 }, "geometry": { "type": "Point", "coordinates": [ -0.2652108, 5.5596502 ] } },
{ "type": "Feature", "properties": { "osmid": 5000972543, "element": "node", "name": "Thirteen", "hub_type": "bus", "hub_scale": "stop", "amenity": null, "railway": null, "public_transport": "platform", "highway": "bus_stop", "aeroway": null, "building": null, "operator": null, "network": null, "centroid_lat": 5.5676582, "centroid_lon": -0.2703117 }, "geometry": { "type": "Point", "coordinates": [ -0.2703117, 5.5676582 ] } },
{ "type": "Feature", "properties": { "osmid": 5000972544, "element": "node", "name": "Dela", "hub_type": "bus", "hub_scale": "stop", "amenity": null, "railway": null, "public_transport": "platform", "highway": "bus_stop", "aeroway": null, "building": null, "operator": null, "network": null, "centroid_lat": 5.5708658, "centroid_lon": -0.2714024 }, "geometry": { "type": "Point", "coordinates": [ -0.2714024, 5.5708658 ] } },
{ "type": "Feature", "properties": { "osmid": 5000972545, "element": "node", "name": "Oxygen (o2)", "hub_type": "bus", "hub_scale": "stop", "amenity": null, "railway": null, "public_transport": "platform", "highway": "bus_stop", "aeroway": null, "building": null, "operator": null, "network": null, "centroid_lat": 5.5611133, "centroid_lon": -0.2652406 }, "geometry": { "type": "Point", "coordinates": [ -0.2652406, 5.5611133 ] } },
{ "type": "Feature", "properties": { "osmid": 5000972546, "element": "node", "name": "Ave Maria", "hub_type": "bus", "hub_scale": "stop", "amenity": null, "railway": null, "public_transport": "platform", "highway": "bus_stop", "aeroway": null, "building": null, "operator": null, "network": null, "centroid_lat": 5.564806, "centroid_lon": -0.2681883 }, "geometry": { "type": "Point", "coordinates": [ -0.2681883, 5.564806 ] } },
{ "type": "Feature", "properties": { "osmid": 5000972547, "element": "node", "name": "Sakaman Taxi Rank", "hub_type": "bus", "hub_scale": "stop", "amenity": null, "railway": null, "public_transport": "platform", "highway": "bus_stop", "aeroway": null, "building": null, "operator": null, "network": null, "centroid_lat": 5.5714297, "centroid_lon": -0.2722016 }, "geometry": { "type": "Point", "coordinates": [ -0.2722016, 5.5714297 ] } },
{ "type": "Feature", "properties": { "osmid": 5000972548, "element": "node", "name": "Tantua School", "hub_type": "bus", "hub_scale": "stop", "amenity": null, "railway": null, "public_transport": "platform", "highway": "bus_stop", "aeroway": null, "building": null, "operator": null, "network": null, "centroid_lat": 5.5724371, "centroid_lon": -0.2727864 }, "geometry": { "type": "Point", "coordinates": [ -0.2727864, 5.5724371 ] } },
{ "type": "Feature", "properties": { "osmid": 5000972549, "element": "node", "name": "Sakaman", "hub_type": "bus", "hub_scale": "stop", "amenity": null, "railway": null, "public_transport": "platform", "highway": "bus_stop", "aeroway": null, "building": null, "operator": null, "network": null, "centroid_lat": 5.5754152, "centroid_lon": -0.2743683 }, "geometry": { "type": "Point", "coordinates": [ -0.2743683, 5.5754152 ] } },
{ "type": "Feature", "properties": { "osmid": 5000996583, "element": "node", "name": "Emmanuel Presby", "hub_type": "bus", "hub_scale": "stop", "amenity": null, "railway": null, "public_transport": "platform", "highway": "bus_stop", "aeroway": null, "building": null, "operator": null, "network": null, "centroid_lat": 5.5483997, "centroid_lon": -0.2646486 }, "geometry": { "type": "Point", "coordinates": [ -0.2646486, 5.5483997 ] } },
{ "type": "Feature", "properties": { "osmid": 5000996585, "element": "node", "name": "King Solomon", "hub_type": "bus", "hub_scale": "stop", "amenity": null, "railway": null, "public_transport": "platform", "highway": "bus_stop", "aeroway": null, "building": null, "operator": null, "network": null, "centroid_lat": 5.5552515, "centroid_lon": -0.2645958 }, "geometry": { "type": "Point", "coordinates": [ -0.2645958, 5.5552515 ] } },
{ "type": "Feature", "properties": { "osmid": 5000996586, "element": "node", "name": "Dansoman First Stop", "hub_type": "bus", "hub_scale": "stop", "amenity": null, "railway": null, "public_transport": "platform", "highway": "bus_stop", "aeroway": null, "building": null, "operator": null, "network": null, "centroid_lat": 5.5604364, "centroid_lon": -0.2604443 }, "geometry": { "type": "Point", "coordinates": [ -0.2604443, 5.5604364 ] } },
{ "type": "Feature", "properties": { "osmid": 5000996587, "element": "node", "name": "Dansoman Polyclinic", "hub_type": "bus", "hub_scale": "stop", "amenity": null, "railway": null, "public_transport": "platform", "highway": "bus_stop", "aeroway": null, "building": null, "operator": null, "network": null, "centroid_lat": 5.5612946, "centroid_lon": -0.2602309 }, "geometry": { "type": "Point", "coordinates": [ -0.2602309, 5.5612946 ] } },
{ "type": "Feature", "properties": { "osmid": 5000996588, "element": "node", "name": "Akukofoto", "hub_type": "bus", "hub_scale": "stop", "amenity": null, "railway": null, "public_transport": "platform", "highway": "bus_stop", "aeroway": null, "building": null, "operator": null, "network": null, "centroid_lat": 5.5643918, "centroid_lon": -0.2600097 }, "geometry": { "type": "Point", "coordinates": [ -0.2600097, 5.5643918 ] } },
{ "type": "Feature", "properties": { "osmid": 5000996589, "element": "node", "name": "Wesley Grammar", "hub_type": "bus", "hub_scale": "stop", "amenity": null, "railway": null, "public_transport": "platform", "highway": "bus_stop", "aeroway": null, "building": null, "operator": null, "network": null, "centroid_lat": 5.5665916, "centroid_lon": -0.2585125 }, "geometry": { "type": "Point", "coordinates": [ -0.2585125, 5.5665916 ] } },
{ "type": "Feature", "properties": { "osmid": 5000996590, "element": "node", "name": "Asoredanho Curve", "hub_type": "bus", "hub_scale": "stop", "amenity": null, "railway": null, "public_transport": "platform", "highway": "bus_stop", "aeroway": null, "building": null, "operator": null, "network": null, "centroid_lat": 5.5675754, "centroid_lon": -0.257634 }, "geometry": { "type": "Point", "coordinates": [ -0.257634, 5.5675754 ] } },
{ "type": "Feature", "properties": { "osmid": 5000996591, "element": "node", "name": "Dansoman Asoredanho", "hub_type": "bus", "hub_scale": "stop", "amenity": null, "railway": null, "public_transport": "platform", "highway": "bus_stop", "aeroway": null, "building": null, "operator": null, "network": null, "centroid_lat": 5.5703992, "centroid_lon": -0.2553578 }, "geometry": { "type": "Point", "coordinates": [ -0.2553578, 5.5703992 ] } },
{ "type": "Feature", "properties": { "osmid": 5000996592, "element": "node", "name": "Hansonic Taxi Rank", "hub_type": "bus", "hub_scale": "stop", "amenity": null, "railway": null, "public_transport": "platform", "highway": "bus_stop", "aeroway": null, "building": null, "operator": null, "network": null, "centroid_lat": 5.5747584, "centroid_lon": -0.2526649 }, "geometry": { "type": "Point", "coordinates": [ -0.2526649, 5.5747584 ] } },
{ "type": "Feature", "properties": { "osmid": 5001003675, "element": "node", "name": null, "hub_type": "bus", "hub_scale": "stop", "amenity": null, "railway": null, "public_transport": "stop_position", "highway": null, "aeroway": null, "building": null, "operator": null, "network": null, "centroid_lat": 5.5746804, "centroid_lon": -0.2525676 }, "geometry": { "type": "Point", "coordinates": [ -0.2525676, 5.5746804 ] } },
{ "type": "Feature", "properties": { "osmid": 5001014667, "element": "node", "name": "Dansoman Asoredanho", "hub_type": "bus", "hub_scale": "stop", "amenity": null, "railway": null, "public_transport": "platform", "highway": "bus_stop", "aeroway": null, "building": null, "operator": null, "network": null, "centroid_lat": 5.5702303, "centroid_lon": -0.2554026 }, "geometry": { "type": "Point", "coordinates": [ -0.2554026, 5.5702303 ] } },
{ "type": "Feature", "properties": { "osmid": 5001014668, "element": "node", "name": "Asoredanho Curve", "hub_type": "bus", "hub_scale": "stop", "amenity": null, "railway": null, "public_transport": "platform", "highway": "bus_stop", "aeroway": null, "building": null, "operator": null, "network": null, "centroid_lat": 5.5680446, "centroid_lon": -0.2565312 }, "geometry": { "type": "Point", "coordinates": [ -0.2565312, 5.5680446 ] } },
{ "type": "Feature", "properties": { "osmid": 5001014669, "element": "node", "name": "Akukofoto", "hub_type": "bus", "hub_scale": "stop", "amenity": null, "railway": null, "public_transport": "platform", "highway": "bus_stop", "aeroway": null, "building": null, "operator": null, "network": null, "centroid_lat": 5.5646289, "centroid_lon": -0.2598464 }, "geometry": { "type": "Point", "coordinates": [ -0.2598464, 5.5646289 ] } },
{ "type": "Feature", "properties": { "osmid": 5001014670, "element": "node", "name": "Dansoman Polyclinic", "hub_type": "bus", "hub_scale": "stop", "amenity": null, "railway": null, "public_transport": "platform", "highway": "bus_stop", "aeroway": null, "building": null, "operator": null, "network": null, "centroid_lat": 5.5611411, "centroid_lon": -0.2601857 }, "geometry": { "type": "Point", "coordinates": [ -0.2601857, 5.5611411 ] } },
{ "type": "Feature", "properties": { "osmid": 5001014671, "element": "node", "name": "Dansoman First Stop", "hub_type": "bus", "hub_scale": "stop", "amenity": null, "railway": null, "public_transport": "platform", "highway": "bus_stop", "aeroway": null, "building": null, "operator": null, "network": null, "centroid_lat": 5.5599771, "centroid_lon": -0.2601891 }, "geometry": { "type": "Point", "coordinates": [ -0.2601891, 5.5599771 ] } },
{ "type": "Feature", "properties": { "osmid": 5001014673, "element": "node", "name": "Emmanuel Presby", "hub_type": "bus", "hub_scale": "stop", "amenity": null, "railway": null, "public_transport": "platform", "highway": "bus_stop", "aeroway": null, "building": null, "operator": null, "network": null, "centroid_lat": 5.548345, "centroid_lon": -0.2645108 }, "geometry": { "type": "Point", "coordinates": [ -0.2645108, 5.548345 ] } },
{ "type": "Feature", "properties": { "osmid": 5001014674, "element": "node", "name": "Wesley Grammar", "hub_type": "bus", "hub_scale": "stop", "amenity": null, "railway": null, "public_transport": "platform", "highway": "bus_stop", "aeroway": null, "building": null, "operator": null, "network": null, "centroid_lat": 5.5668523, "centroid_lon": -0.2582445 }, "geometry": { "type": "Point", "coordinates": [ -0.2582445, 5.5668523 ] } },
{ "type": "Feature", "properties": { "osmid": 5001014675, "element": "node", "name": "Abomatte", "hub_type": "bus", "hub_scale": "stop", "amenity": null, "railway": null, "public_transport": "platform", "highway": "bus_stop", "aeroway": null, "building": null, "operator": null, "network": null, "centroid_lat": 5.5626814, "centroid_lon": -0.2601868 }, "geometry": { "type": "Point", "coordinates": [ -0.2601868, 5.5626814 ] } },
{ "type": "Feature", "properties": { "osmid": 5001014676, "element": "node", "name": "MTN", "hub_type": "bus", "hub_scale": "stop", "amenity": null, "railway": null, "public_transport": "platform", "highway": "bus_stop", "aeroway": null, "building": null, "operator": null, "network": null, "centroid_lat": 5.5586785, "centroid_lon": -0.2613127 }, "geometry": { "type": "Point", "coordinates": [ -0.2613127, 5.5586785 ] } },
{ "type": "Feature", "properties": { "osmid": 5004847997, "element": "node", "name": "Sankara", "hub_type": "bus", "hub_scale": "stop", "amenity": null, "railway": null, "public_transport": "platform", "highway": "bus_stop", "aeroway": null, "building": null, "operator": null, "network": null, "centroid_lat": 5.5727986, "centroid_lon": -0.1912203 }, "geometry": { "type": "Point", "coordinates": [ -0.1912203, 5.5727986 ] } },
{ "type": "Feature", "properties": { "osmid": 5004960999, "element": "node", "name": "Danquah", "hub_type": "bus", "hub_scale": "stop", "amenity": null, "railway": null, "public_transport": "platform", "highway": "bus_stop", "aeroway": null, "building": null, "operator": null, "network": null, "centroid_lat": 5.566987, "centroid_lon": -0.1825848 }, "geometry": { "type": "Point", "coordinates": [ -0.1825848, 5.566987 ] } },
{ "type": "Feature", "properties": { "osmid": 5004961000, "element": "node", "name": "Fire Service", "hub_type": "bus", "hub_scale": "stop", "amenity": null, "railway": null, "public_transport": "platform", "highway": "bus_stop", "aeroway": null, "building": null, "operator": null, "network": null, "centroid_lat": 5.569301, "centroid_lon": -0.1854365 }, "geometry": { "type": "Point", "coordinates": [ -0.1854365, 5.569301 ] } },
{ "type": "Feature", "properties": { "osmid": 5004961001, "element": "node", "name": "Police Headquarters", "hub_type": "bus", "hub_scale": "stop", "amenity": null, "railway": null, "public_transport": "platform", "highway": "bus_stop", "aeroway": null, "building": null, "operator": null, "network": null, "centroid_lat": 5.5703034, "centroid_lon": -0.1872735 }, "geometry": { "type": "Point", "coordinates": [ -0.1872735, 5.5703034 ] } },
{ "type": "Feature", "properties": { "osmid": 5004961002, "element": "node", "name": "GBC Second", "hub_type": "bus", "hub_scale": "stop", "amenity": null, "railway": null, "public_transport": "platform", "highway": "bus_stop", "aeroway": null, "building": null, "operator": null, "network": null, "centroid_lat": 5.5730129, "centroid_lon": -0.1922124 }, "geometry": { "type": "Point", "coordinates": [ -0.1922124, 5.5730129 ] } },
{ "type": "Feature", "properties": { "osmid": 5004961003, "element": "node", "name": "GBC First", "hub_type": "bus", "hub_scale": "stop", "amenity": null, "railway": null, "public_transport": "platform", "highway": "bus_stop", "aeroway": null, "building": null, "operator": null, "network": null, "centroid_lat": 5.5738953, "centroid_lon": -0.1937479 }, "geometry": { "type": "Point", "coordinates": [ -0.1937479, 5.5738953 ] } },
{ "type": "Feature", "properties": { "osmid": 5004961004, "element": "node", "name": "Multi Choice", "hub_type": "bus", "hub_scale": "stop", "amenity": null, "railway": null, "public_transport": "platform", "highway": "bus_stop", "aeroway": null, "building": null, "operator": null, "network": null, "centroid_lat": 5.5725479, "centroid_lon": -0.2031773 }, "geometry": { "type": "Point", "coordinates": [ -0.2031773, 5.5725479 ] } },
{ "type": "Feature", "properties": { "osmid": 5005030167, "element": "node", "name": "Kotobabi Down", "hub_type": "bus", "hub_scale": "stop", "amenity": null, "railway": null, "public_transport": "platform", "highway": "bus_stop", "aeroway": null, "building": null, "operator": null, "network": null, "centroid_lat": 5.5956831, "centroid_lon": -0.2094022 }, "geometry": { "type": "Point", "coordinates": [ -0.2094022, 5.5956831 ] } },
{ "type": "Feature", "properties": { "osmid": 5005030168, "element": "node", "name": "Tobinco Junction", "hub_type": "bus", "hub_scale": "stop", "amenity": null, "railway": null, "public_transport": "platform", "highway": "bus_stop", "aeroway": null, "building": null, "operator": null, "network": null, "centroid_lat": 5.5933223, "centroid_lon": -0.2062882 }, "geometry": { "type": "Point", "coordinates": [ -0.2062882, 5.5933223 ] } },
{ "type": "Feature", "properties": { "osmid": 5005030169, "element": "node", "name": "Taxi Rank", "hub_type": "bus", "hub_scale": "stop", "amenity": null, "railway": null, "public_transport": "platform", "highway": "bus_stop", "aeroway": null, "building": null, "operator": null, "network": null, "centroid_lat": 5.5919778, "centroid_lon": -0.2054596 }, "geometry": { "type": "Point", "coordinates": [ -0.2054596, 5.5919778 ] } },
{ "type": "Feature", "properties": { "osmid": 5005030170, "element": "node", "name": "Nkansah Gyan", "hub_type": "bus", "hub_scale": "stop", "amenity": null, "railway": null, "public_transport": "platform", "highway": "bus_stop", "aeroway": null, "building": null, "operator": null, "network": null, "centroid_lat": 5.5908254, "centroid_lon": -0.2064931 }, "geometry": { "type": "Point", "coordinates": [ -0.2064931, 5.5908254 ] } },
{ "type": "Feature", "properties": { "osmid": 5005030171, "element": "node", "name": "Five Five", "hub_type": "bus", "hub_scale": "stop", "amenity": null, "railway": null, "public_transport": "platform", "highway": "bus_stop", "aeroway": null, "building": null, "operator": null, "network": null, "centroid_lat": 5.5896396, "centroid_lon": -0.2072405 }, "geometry": { "type": "Point", "coordinates": [ -0.2072405, 5.5896396 ] } },
{ "type": "Feature", "properties": { "osmid": 5005030172, "element": "node", "name": "37 Station", "hub_type": "bus", "hub_scale": "stop", "amenity": null, "railway": null, "public_transport": "platform", "highway": "bus_stop", "aeroway": null, "building": null, "operator": null, "network": null, "centroid_lat": 5.5869902, "centroid_lon": -0.2075199 }, "geometry": { "type": "Point", "coordinates": [ -0.2075199, 5.5869902 ] } },
{ "type": "Feature", "properties": { "osmid": 5005030173, "element": "node", "name": "Curve", "hub_type": "bus", "hub_scale": "stop", "amenity": null, "railway": null, "public_transport": "platform", "highway": "bus_stop", "aeroway": null, "building": null, "operator": null, "network": null, "centroid_lat": 5.5865003, "centroid_lon": -0.2060519 }, "geometry": { "type": "Point", "coordinates": [ -0.2060519, 5.5865003 ] } },
{ "type": "Feature", "properties": { "osmid": 5005030174, "element": "node", "name": "Commercial Bank", "hub_type": "bus", "hub_scale": "stop", "amenity": null, "railway": null, "public_transport": "platform", "highway": "bus_stop", "aeroway": null, "building": null, "operator": null, "network": null, "centroid_lat": 5.5853664, "centroid_lon": -0.2063164 }, "geometry": { "type": "Point", "coordinates": [ -0.2063164, 5.5853664 ] } },
{ "type": "Feature", "properties": { "osmid": 5005030175, "element": "node", "name": "College", "hub_type": "bus", "hub_scale": "stop", "amenity": null, "railway": null, "public_transport": "platform", "highway": "bus_stop", "aeroway": null, "building": null, "operator": null, "network": null, "centroid_lat": 5.5834895, "centroid_lon": -0.2068106 }, "geometry": { "type": "Point", "coordinates": [ -0.2068106, 5.5834895 ] } },
{ "type": "Feature", "properties": { "osmid": 5005030176, "element": "node", "name": "Commandos", "hub_type": "bus", "hub_scale": "stop", "amenity": null, "railway": null, "public_transport": "platform", "highway": "bus_stop", "aeroway": null, "building": null, "operator": null, "network": null, "centroid_lat": 5.5803082, "centroid_lon": -0.2045886 }, "geometry": { "type": "Point", "coordinates": [ -0.2045886, 5.5803082 ] } },
{ "type": "Feature", "properties": { "osmid": 5005030177, "element": "node", "name": "Nima Police Station", "hub_type": "bus", "hub_scale": "stop", "amenity": null, "railway": null, "public_transport": "platform", "highway": "bus_stop", "aeroway": null, "building": null, "operator": null, "network": null, "centroid_lat": 5.5743983, "centroid_lon": -0.2007228 }, "geometry": { "type": "Point", "coordinates": [ -0.2007228, 5.5743983 ] } },
{ "type": "Feature", "properties": { "osmid": 5005030178, "element": "node", "name": "Cathedral", "hub_type": "bus", "hub_scale": "stop", "amenity": null, "railway": null, "public_transport": "platform", "highway": "bus_stop", "aeroway": null, "building": null, "operator": null, "network": null, "centroid_lat": 5.5635738, "centroid_lon": -0.206154 }, "geometry": { "type": "Point", "coordinates": [ -0.206154, 5.5635738 ] } },
{ "type": "Feature", "properties": { "osmid": 5005030179, "element": "node", "name": "Tigo Office", "hub_type": "bus", "hub_scale": "stop", "amenity": null, "railway": null, "public_transport": "platform", "highway": "bus_stop", "aeroway": null, "building": null, "operator": null, "network": null, "centroid_lat": 5.5581904, "centroid_lon": -0.2055652 }, "geometry": { "type": "Point", "coordinates": [ -0.2055652, 5.5581904 ] } },
{ "type": "Feature", "properties": { "osmid": 5005030180, "element": "node", "name": "Accra New Tema Station", "hub_type": "bus", "hub_scale": "stop", "amenity": null, "railway": null, "public_transport": "platform", "highway": "bus_stop", "aeroway": null, "building": null, "operator": null, "network": null, "centroid_lat": 5.5486694, "centroid_lon": -0.2011213 }, "geometry": { "type": "Point", "coordinates": [ -0.2011213, 5.5486694 ] } },
{ "type": "Feature", "properties": { "osmid": 5005092621, "element": "node", "name": null, "hub_type": "bus", "hub_scale": "stop", "amenity": null, "railway": null, "public_transport": "stop_position", "highway": null, "aeroway": null, "building": null, "operator": null, "network": null, "centroid_lat": 5.5956602, "centroid_lon": -0.2093846 }, "geometry": { "type": "Point", "coordinates": [ -0.2093846, 5.5956602 ] } },
{ "type": "Feature", "properties": { "osmid": 5005092628, "element": "node", "name": null, "hub_type": "bus", "hub_scale": "stop", "amenity": null, "railway": null, "public_transport": "stop_position", "highway": null, "aeroway": null, "building": null, "operator": null, "network": null, "centroid_lat": 5.5487884, "centroid_lon": -0.2019302 }, "geometry": { "type": "Point", "coordinates": [ -0.2019302, 5.5487884 ] } },
{ "type": "Feature", "properties": { "osmid": 5005092632, "element": "node", "name": null, "hub_type": "bus", "hub_scale": "stop", "amenity": null, "railway": null, "public_transport": "stop_position", "highway": null, "aeroway": null, "building": null, "operator": null, "network": null, "centroid_lat": 5.5485426, "centroid_lon": -0.2025872 }, "geometry": { "type": "Point", "coordinates": [ -0.2025872, 5.5485426 ] } },
{ "type": "Feature", "properties": { "osmid": 5005192349, "element": "node", "name": "Tobinco Junction", "hub_type": "bus", "hub_scale": "stop", "amenity": null, "railway": null, "public_transport": "platform", "highway": "bus_stop", "aeroway": null, "building": null, "operator": null, "network": null, "centroid_lat": 5.593276, "centroid_lon": -0.2063142 }, "geometry": { "type": "Point", "coordinates": [ -0.2063142, 5.593276 ] } },
{ "type": "Feature", "properties": { "osmid": 5005192350, "element": "node", "name": "Railways", "hub_type": "bus", "hub_scale": "stop", "amenity": null, "railway": null, "public_transport": "platform", "highway": "bus_stop", "aeroway": null, "building": null, "operator": null, "network": null, "centroid_lat": 5.5522741, "centroid_lon": -0.2110048 }, "geometry": { "type": "Point", "coordinates": [ -0.2110048, 5.5522741 ] } },
{ "type": "Feature", "properties": { "osmid": 5005192351, "element": "node", "name": "Kingsway", "hub_type": "bus", "hub_scale": "stop", "amenity": null, "railway": null, "public_transport": "platform", "highway": "bus_stop", "aeroway": null, "building": null, "operator": null, "network": null, "centroid_lat": 5.553366, "centroid_lon": -0.2112315 }, "geometry": { "type": "Point", "coordinates": [ -0.2112315, 5.553366 ] } },
{ "type": "Feature", "properties": { "osmid": 5005192352, "element": "node", "name": "Dance Bar", "hub_type": "bus", "hub_scale": "stop", "amenity": null, "railway": null, "public_transport": "platform", "highway": "bus_stop", "aeroway": null, "building": null, "operator": null, "network": null, "centroid_lat": 5.566038, "centroid_lon": -0.2147043 }, "geometry": { "type": "Point", "coordinates": [ -0.2147043, 5.566038 ] } },
{ "type": "Feature", "properties": { "osmid": 5005192353, "element": "node", "name": "Commercial Bank", "hub_type": "bus", "hub_scale": "stop", "amenity": null, "railway": null, "public_transport": "platform", "highway": "bus_stop", "aeroway": null, "building": null, "operator": null, "network": null, "centroid_lat": 5.5683543, "centroid_lon": -0.2152924 }, "geometry": { "type": "Point", "coordinates": [ -0.2152924, 5.5683543 ] } },
{ "type": "Feature", "properties": { "osmid": 5005411722, "element": "node", "name": null, "hub_type": "bus", "hub_scale": "stop", "amenity": null, "railway": null, "public_transport": "stop_position", "highway": null, "aeroway": null, "building": null, "operator": null, "network": null, "centroid_lat": 5.5697189, "centroid_lon": -0.2174176 }, "geometry": { "type": "Point", "coordinates": [ -0.2174176, 5.5697189 ] } },
{ "type": "Feature", "properties": { "osmid": 5007828431, "element": "node", "name": "Akweteyman", "hub_type": "bus", "hub_scale": "stop", "amenity": null, "railway": null, "public_transport": "platform", "highway": "bus_stop", "aeroway": null, "building": null, "operator": null, "network": null, "centroid_lat": 5.6110956, "centroid_lon": -0.231767 }, "geometry": { "type": "Point", "coordinates": [ -0.231767, 5.6110956 ] } },
{ "type": "Feature", "properties": { "osmid": 5008553424, "element": "node", "name": "CP", "hub_type": "bus", "hub_scale": "stop", "amenity": null, "railway": null, "public_transport": "platform", "highway": "bus_stop", "aeroway": null, "building": null, "operator": null, "network": null, "centroid_lat": 5.6157442, "centroid_lon": -0.2118865 }, "geometry": { "type": "Point", "coordinates": [ -0.2118865, 5.6157442 ] } },
{ "type": "Feature", "properties": { "osmid": 5008691253, "element": "node", "name": "Abeka Lapaz", "hub_type": "bus", "hub_scale": "stop", "amenity": null, "railway": null, "public_transport": "platform", "highway": "bus_stop", "aeroway": null, "building": null, "operator": null, "network": null, "centroid_lat": 5.6079845, "centroid_lon": -0.2465044 }, "geometry": { "type": "Point", "coordinates": [ -0.2465044, 5.6079845 ] } },
{ "type": "Feature", "properties": { "osmid": 5008726849, "element": "node", "name": "Nyamekye", "hub_type": "bus", "hub_scale": "stop", "amenity": null, "railway": null, "public_transport": "platform", "highway": "bus_stop", "aeroway": null, "building": null, "operator": null, "network": null, "centroid_lat": 5.6023374, "centroid_lon": -0.2588385 }, "geometry": { "type": "Point", "coordinates": [ -0.2588385, 5.6023374 ] } },
{ "type": "Feature", "properties": { "osmid": 5008726859, "element": "node", "name": "Hong Kong", "hub_type": "bus", "hub_scale": "stop", "amenity": null, "railway": null, "public_transport": "platform", "highway": "bus_stop", "aeroway": null, "building": null, "operator": null, "network": null, "centroid_lat": 5.599321, "centroid_lon": -0.2627026 }, "geometry": { "type": "Point", "coordinates": [ -0.2627026, 5.599321 ] } },
{ "type": "Feature", "properties": { "osmid": 5008726860, "element": "node", "name": "Kwashieman", "hub_type": "bus", "hub_scale": "stop", "amenity": null, "railway": null, "public_transport": "platform", "highway": "bus_stop", "aeroway": null, "building": null, "operator": null, "network": null, "centroid_lat": 5.5893862, "centroid_lon": -0.2698644 }, "geometry": { "type": "Point", "coordinates": [ -0.2698644, 5.5893862 ] } },
{ "type": "Feature", "properties": { "osmid": 5010113611, "element": "node", "name": "Water Works", "hub_type": "bus", "hub_scale": "stop", "amenity": null, "railway": null, "public_transport": "platform", "highway": "bus_stop", "aeroway": null, "building": null, "operator": null, "network": null, "centroid_lat": 5.5798023, "centroid_lon": -0.2779412 }, "geometry": { "type": "Point", "coordinates": [ -0.2779412, 5.5798023 ] } },
{ "type": "Feature", "properties": { "osmid": 5010113612, "element": "node", "name": "Vineyard", "hub_type": "bus", "hub_scale": "stop", "amenity": null, "railway": null, "public_transport": "platform", "highway": "bus_stop", "aeroway": null, "building": null, "operator": null, "network": null, "centroid_lat": 5.5859568, "centroid_lon": -0.2729429 }, "geometry": { "type": "Point", "coordinates": [ -0.2729429, 5.5859568 ] } },
{ "type": "Feature", "properties": { "osmid": 5010113613, "element": "node", "name": "Hong Kong", "hub_type": "bus", "hub_scale": "stop", "amenity": null, "railway": null, "public_transport": "platform", "highway": "bus_stop", "aeroway": null, "building": null, "operator": null, "network": null, "centroid_lat": 5.6012928, "centroid_lon": -0.261077 }, "geometry": { "type": "Point", "coordinates": [ -0.261077, 5.6012928 ] } },
{ "type": "Feature", "properties": { "osmid": 5010113614, "element": "node", "name": "Kata", "hub_type": "bus", "hub_scale": "stop", "amenity": null, "railway": null, "public_transport": "platform", "highway": "bus_stop", "aeroway": null, "building": null, "operator": null, "network": null, "centroid_lat": 5.6022547, "centroid_lon": -0.2595904 }, "geometry": { "type": "Point", "coordinates": [ -0.2595904, 5.6022547 ] } },
{ "type": "Feature", "properties": { "osmid": 5010113615, "element": "node", "name": "Kwashieman Junction", "hub_type": "bus", "hub_scale": "stop", "amenity": null, "railway": null, "public_transport": "platform", "highway": "bus_stop", "aeroway": null, "building": null, "operator": null, "network": null, "centroid_lat": 5.5941616, "centroid_lon": -0.2668543 }, "geometry": { "type": "Point", "coordinates": [ -0.2668543, 5.5941616 ] } },
{ "type": "Feature", "properties": { "osmid": 5010113616, "element": "node", "name": null, "hub_type": "bus", "hub_scale": "stop", "amenity": null, "railway": null, "public_transport": "platform", "highway": "bus_stop", "aeroway": null, "building": null, "operator": null, "network": null, "centroid_lat": 5.6051502, "centroid_lon": -0.2527586 }, "geometry": { "type": "Point", "coordinates": [ -0.2527586, 5.6051502 ] } },
{ "type": "Feature", "properties": { "osmid": 5010154455, "element": "node", "name": "Water Works", "hub_type": "bus", "hub_scale": "stop", "amenity": null, "railway": null, "public_transport": "platform", "highway": "bus_stop", "aeroway": null, "building": null, "operator": null, "network": null, "centroid_lat": 5.5795476, "centroid_lon": -0.2778165 }, "geometry": { "type": "Point", "coordinates": [ -0.2778165, 5.5795476 ] } },
{ "type": "Feature", "properties": { "osmid": 5010154465, "element": "node", "name": "Vineyard", "hub_type": "bus", "hub_scale": "stop", "amenity": null, "railway": null, "public_transport": "platform", "highway": "bus_stop", "aeroway": null, "building": null, "operator": null, "network": null, "centroid_lat": 5.5821908, "centroid_lon": -0.2755232 }, "geometry": { "type": "Point", "coordinates": [ -0.2755232, 5.5821908 ] } },
{ "type": "Feature", "properties": { "osmid": 5010303807, "element": "node", "name": "Links Garden", "hub_type": "bus", "hub_scale": "stop", "amenity": null, "railway": null, "public_transport": "platform", "highway": "bus_stop", "aeroway": null, "building": null, "operator": null, "network": null, "centroid_lat": 5.6148022, "centroid_lon": -0.2466654 }, "geometry": { "type": "Point", "coordinates": [ -0.2466654, 5.6148022 ] } },
{ "type": "Feature", "properties": { "osmid": 5010786347, "element": "node", "name": "Tse Addo 'Last Stop'", "hub_type": "bus", "hub_scale": "stop", "amenity": null, "railway": null, "public_transport": "platform", "highway": "bus_stop", "aeroway": null, "building": null, "operator": null, "network": null, "centroid_lat": 5.5876178, "centroid_lon": -0.1385354 }, "geometry": { "type": "Point", "coordinates": [ -0.1385354, 5.5876178 ] } },
{ "type": "Feature", "properties": { "osmid": 5010786348, "element": "node", "name": "Second Juction", "hub_type": "bus", "hub_scale": "stop", "amenity": null, "railway": null, "public_transport": "platform", "highway": "bus_stop", "aeroway": null, "building": null, "operator": null, "network": null, "centroid_lat": 5.5856485, "centroid_lon": -0.1416218 }, "geometry": { "type": "Point", "coordinates": [ -0.1416218, 5.5856485 ] } },
{ "type": "Feature", "properties": { "osmid": 5010786349, "element": "node", "name": "Junction", "hub_type": "bus", "hub_scale": "stop", "amenity": null, "railway": null, "public_transport": "platform", "highway": "bus_stop", "aeroway": null, "building": null, "operator": null, "network": null, "centroid_lat": 5.5843281, "centroid_lon": -0.1426688 }, "geometry": { "type": "Point", "coordinates": [ -0.1426688, 5.5843281 ] } },
{ "type": "Feature", "properties": { "osmid": 5010786350, "element": "node", "name": "Watermelon Junction", "hub_type": "bus", "hub_scale": "stop", "amenity": null, "railway": null, "public_transport": "platform", "highway": "bus_stop", "aeroway": null, "building": null, "operator": null, "network": null, "centroid_lat": 5.582773, "centroid_lon": -0.1416042 }, "geometry": { "type": "Point", "coordinates": [ -0.1416042, 5.582773 ] } },
{ "type": "Feature", "properties": { "osmid": 5010786351, "element": "node", "name": "Fire", "hub_type": "bus", "hub_scale": "stop", "amenity": null, "railway": null, "public_transport": "platform", "highway": "bus_stop", "aeroway": null, "building": null, "operator": null, "network": null, "centroid_lat": 5.5796773, "centroid_lon": -0.1410868 }, "geometry": { "type": "Point", "coordinates": [ -0.1410868, 5.5796773 ] } },
{ "type": "Feature", "properties": { "osmid": 5010786352, "element": "node", "name": "Container", "hub_type": "bus", "hub_scale": "stop", "amenity": null, "railway": null, "public_transport": "platform", "highway": "bus_stop", "aeroway": null, "building": null, "operator": null, "network": null, "centroid_lat": 5.5752658, "centroid_lon": -0.1389655 }, "geometry": { "type": "Point", "coordinates": [ -0.1389655, 5.5752658 ] } },
{ "type": "Feature", "properties": { "osmid": 5010786353, "element": "node", "name": "Zenith", "hub_type": "bus", "hub_scale": "stop", "amenity": null, "railway": null, "public_transport": "platform", "highway": "bus_stop", "aeroway": null, "building": null, "operator": null, "network": null, "centroid_lat": 5.5735155, "centroid_lon": -0.1450121 }, "geometry": { "type": "Point", "coordinates": [ -0.1450121, 5.5735155 ] } },
{ "type": "Feature", "properties": { "osmid": 5010786354, "element": "node", "name": "AMA", "hub_type": "bus", "hub_scale": "stop", "amenity": null, "railway": null, "public_transport": "platform", "highway": "bus_stop", "aeroway": null, "building": null, "operator": null, "network": null, "centroid_lat": 5.5744905, "centroid_lon": -0.1464964 }, "geometry": { "type": "Point", "coordinates": [ -0.1464964, 5.5744905 ] } },
{ "type": "Feature", "properties": { "osmid": 5010786355, "element": "node", "name": "Kpogas", "hub_type": "bus", "hub_scale": "stop", "amenity": null, "railway": null, "public_transport": "platform", "highway": "bus_stop", "aeroway": null, "building": null, "operator": null, "network": null, "centroid_lat": 5.5731197, "centroid_lon": -0.1502083 }, "geometry": { "type": "Point", "coordinates": [ -0.1502083, 5.5731197 ] } },
{ "type": "Feature", "properties": { "osmid": 5011681556, "element": "node", "name": "Palm Wine", "hub_type": "bus", "hub_scale": "stop", "amenity": null, "railway": null, "public_transport": "platform", "highway": "bus_stop", "aeroway": null, "building": null, "operator": null, "network": null, "centroid_lat": 5.5763849, "centroid_lon": -0.1522422 }, "geometry": { "type": "Point", "coordinates": [ -0.1522422, 5.5763849 ] } },
{ "type": "Feature", "properties": { "osmid": 5011681557, "element": "node", "name": "Kpogas", "hub_type": "bus", "hub_scale": "stop", "amenity": null, "railway": null, "public_transport": "platform", "highway": "bus_stop", "aeroway": null, "building": null, "operator": null, "network": null, "centroid_lat": 5.5726689, "centroid_lon": -0.1496981 }, "geometry": { "type": "Point", "coordinates": [ -0.1496981, 5.5726689 ] } },
{ "type": "Feature", "properties": { "osmid": 5012075051, "element": "node", "name": "Nungua", "hub_type": "bus", "hub_scale": "stop", "amenity": null, "railway": null, "public_transport": "platform", "highway": "bus_stop", "aeroway": null, "building": null, "operator": null, "network": null, "centroid_lat": 5.6022292, "centroid_lon": -0.0791144 }, "geometry": { "type": "Point", "coordinates": [ -0.0791144, 5.6022292 ] } },
{ "type": "Feature", "properties": { "osmid": 5012075052, "element": "node", "name": "Cold Store", "hub_type": "bus", "hub_scale": "stop", "amenity": null, "railway": null, "public_transport": "platform", "highway": "bus_stop", "aeroway": null, "building": null, "operator": null, "network": null, "centroid_lat": 5.5958154, "centroid_lon": -0.085651 }, "geometry": { "type": "Point", "coordinates": [ -0.085651, 5.5958154 ] } },
{ "type": "Feature", "properties": { "osmid": 5012075053, "element": "node", "name": "Brigade", "hub_type": "bus", "hub_scale": "stop", "amenity": null, "railway": null, "public_transport": "platform", "highway": "bus_stop", "aeroway": null, "building": null, "operator": null, "network": null, "centroid_lat": 5.593783, "centroid_lon": -0.0888278 }, "geometry": { "type": "Point", "coordinates": [ -0.0888278, 5.593783 ] } },
{ "type": "Feature", "properties": { "osmid": 5012075054, "element": "node", "name": "First Junction", "hub_type": "bus", "hub_scale": "stop", "amenity": null, "railway": null, "public_transport": "platform", "highway": "bus_stop", "aeroway": null, "building": null, "operator": null, "network": null, "centroid_lat": 5.587495, "centroid_lon": -0.0994342 }, "geometry": { "type": "Point", "coordinates": [ -0.0994342, 5.587495 ] } },
{ "type": "Feature", "properties": { "osmid": 5012075055, "element": "node", "name": "Kofi Annan", "hub_type": "bus", "hub_scale": "stop", "amenity": null, "railway": null, "public_transport": "platform", "highway": "bus_stop", "aeroway": null, "building": null, "operator": null, "network": null, "centroid_lat": 5.5738488, "centroid_lon": -0.1126033 }, "geometry": { "type": "Point", "coordinates": [ -0.1126033, 5.5738488 ] } },
{ "type": "Feature", "properties": { "osmid": 5012075056, "element": "node", "name": "La Beach Hotel", "hub_type": "bus", "hub_scale": "stop", "amenity": null, "railway": null, "public_transport": "platform", "highway": "bus_stop", "aeroway": null, "building": null, "operator": null, "network": null, "centroid_lat": 5.5643143, "centroid_lon": -0.138769 }, "geometry": { "type": "Point", "coordinates": [ -0.138769, 5.5643143 ] } },
{ "type": "Feature", "properties": { "osmid": 5012075057, "element": "node", "name": "Trade Fair", "hub_type": "bus", "hub_scale": "stop", "amenity": null, "railway": null, "public_transport": "platform", "highway": "bus_stop", "aeroway": null, "building": null, "operator": null, "network": null, "centroid_lat": 5.569156, "centroid_lon": -0.1474347 }, "geometry": { "type": "Point", "coordinates": [ -0.1474347, 5.569156 ] } },
{ "type": "Feature", "properties": { "osmid": 5012075058, "element": "node", "name": "Villas", "hub_type": "bus", "hub_scale": "stop", "amenity": null, "railway": null, "public_transport": "platform", "highway": "bus_stop", "aeroway": null, "building": null, "operator": null, "network": null, "centroid_lat": 5.5782488, "centroid_lon": -0.1543764 }, "geometry": { "type": "Point", "coordinates": [ -0.1543764, 5.5782488 ] } },
{ "type": "Feature", "properties": { "osmid": 5012075059, "element": "node", "name": "Home Touch", "hub_type": "bus", "hub_scale": "stop", "amenity": null, "railway": null, "public_transport": "platform", "highway": "bus_stop", "aeroway": null, "building": null, "operator": null, "network": null, "centroid_lat": 5.587133, "centroid_lon": -0.1681506 }, "geometry": { "type": "Point", "coordinates": [ -0.1681506, 5.587133 ] } },
{ "type": "Feature", "properties": { "osmid": 5012401319, "element": "node", "name": "Blue Gate", "hub_type": "bus", "hub_scale": "stop", "amenity": null, "railway": null, "public_transport": "platform", "highway": "bus_stop", "aeroway": null, "building": null, "operator": null, "network": null, "centroid_lat": 5.6424103, "centroid_lon": -0.1147912 }, "geometry": { "type": "Point", "coordinates": [ -0.1147912, 5.6424103 ] } },
{ "type": "Feature", "properties": { "osmid": 5012402222, "element": "node", "name": "Nungua Barrier", "hub_type": "bus", "hub_scale": "stop", "amenity": null, "railway": null, "public_transport": "platform", "highway": "bus_stop", "aeroway": null, "building": null, "operator": null, "network": null, "centroid_lat": 5.6139353, "centroid_lon": -0.073752 }, "geometry": { "type": "Point", "coordinates": [ -0.073752, 5.6139353 ] } },
{ "type": "Feature", "properties": { "osmid": 5013078301, "element": "node", "name": "Korle Bu", "hub_type": "bus", "hub_scale": "stop", "amenity": null, "railway": null, "public_transport": "platform", "highway": "bus_stop", "aeroway": null, "building": null, "operator": null, "network": null, "centroid_lat": 5.5358482, "centroid_lon": -0.2308035 }, "geometry": { "type": "Point", "coordinates": [ -0.2308035, 5.5358482 ] } },
{ "type": "Feature", "properties": { "osmid": 5013078302, "element": "node", "name": "Korle-Bu Barber", "hub_type": "bus", "hub_scale": "stop", "amenity": null, "railway": null, "public_transport": "platform", "highway": "bus_stop", "aeroway": null, "building": null, "operator": null, "network": null, "centroid_lat": 5.5369187, "centroid_lon": -0.2233271 }, "geometry": { "type": "Point", "coordinates": [ -0.2233271, 5.5369187 ] } },
{ "type": "Feature", "properties": { "osmid": 5013078303, "element": "node", "name": "Junction", "hub_type": "bus", "hub_scale": "stop", "amenity": null, "railway": null, "public_transport": "platform", "highway": "bus_stop", "aeroway": null, "building": null, "operator": null, "network": null, "centroid_lat": 5.5378557, "centroid_lon": -0.2219614 }, "geometry": { "type": "Point", "coordinates": [ -0.2219614, 5.5378557 ] } },
{ "type": "Feature", "properties": { "osmid": 5013078304, "element": "node", "name": "Mortuary", "hub_type": "bus", "hub_scale": "stop", "amenity": null, "railway": null, "public_transport": "platform", "highway": "bus_stop", "aeroway": null, "building": null, "operator": null, "network": null, "centroid_lat": 5.5430354, "centroid_lon": -0.2264995 }, "geometry": { "type": "Point", "coordinates": [ -0.2264995, 5.5430354 ] } },
{ "type": "Feature", "properties": { "osmid": 5013078305, "element": "node", "name": "Ayigbe Town", "hub_type": "bus", "hub_scale": "stop", "amenity": null, "railway": null, "public_transport": "platform", "highway": "bus_stop", "aeroway": null, "building": null, "operator": null, "network": null, "centroid_lat": 5.5538409, "centroid_lon": -0.2314688 }, "geometry": { "type": "Point", "coordinates": [ -0.2314688, 5.5538409 ] } },
{ "type": "Feature", "properties": { "osmid": 5013078306, "element": "node", "name": "Total", "hub_type": "bus", "hub_scale": "stop", "amenity": null, "railway": null, "public_transport": "platform", "highway": "bus_stop", "aeroway": null, "building": null, "operator": null, "network": null, "centroid_lat": 5.5594651, "centroid_lon": -0.2305061 }, "geometry": { "type": "Point", "coordinates": [ -0.2305061, 5.5594651 ] } },
{ "type": "Feature", "properties": { "osmid": 5013078307, "element": "node", "name": "Abossey Okai", "hub_type": "bus", "hub_scale": "stop", "amenity": null, "railway": null, "public_transport": "platform", "highway": "bus_stop", "aeroway": null, "building": null, "operator": null, "network": null, "centroid_lat": 5.5604845, "centroid_lon": -0.2299216 }, "geometry": { "type": "Point", "coordinates": [ -0.2299216, 5.5604845 ] } },
{ "type": "Feature", "properties": { "osmid": 5013087966, "element": "node", "name": null, "hub_type": "bus", "hub_scale": "stop", "amenity": null, "railway": null, "public_transport": "stop_position", "highway": null, "aeroway": null, "building": null, "operator": null, "network": null, "centroid_lat": 5.5358002, "centroid_lon": -0.230788 }, "geometry": { "type": "Point", "coordinates": [ -0.230788, 5.5358002 ] } },
{ "type": "Feature", "properties": { "osmid": 5013113660, "element": "node", "name": "Korle Bu", "hub_type": "bus", "hub_scale": "interchange", "amenity": "bus_station", "railway": null, "public_transport": null, "highway": null, "aeroway": null, "building": null, "operator": null, "network": null, "centroid_lat": 5.5358322, "centroid_lon": -0.2307739 }, "geometry": { "type": "Point", "coordinates": [ -0.2307739, 5.5358322 ] } },
{ "type": "Feature", "properties": { "osmid": 5013113665, "element": "node", "name": "Total", "hub_type": "bus", "hub_scale": "stop", "amenity": null, "railway": null, "public_transport": "platform", "highway": "bus_stop", "aeroway": null, "building": null, "operator": null, "network": null, "centroid_lat": 5.558145, "centroid_lon": -0.2309138 }, "geometry": { "type": "Point", "coordinates": [ -0.2309138, 5.558145 ] } },
{ "type": "Feature", "properties": { "osmid": 5013113666, "element": "node", "name": "Mortuary", "hub_type": "bus", "hub_scale": "stop", "amenity": null, "railway": null, "public_transport": "platform", "highway": "bus_stop", "aeroway": null, "building": null, "operator": null, "network": null, "centroid_lat": 5.5431598, "centroid_lon": -0.2263402 }, "geometry": { "type": "Point", "coordinates": [ -0.2263402, 5.5431598 ] } },
{ "type": "Feature", "properties": { "osmid": 5013249863, "element": "node", "name": "Abeka Lapaz", "hub_type": "bus", "hub_scale": "stop", "amenity": null, "railway": null, "public_transport": "platform", "highway": "bus_stop", "aeroway": null, "building": null, "operator": null, "network": null, "centroid_lat": 5.6069414, "centroid_lon": -0.2491035 }, "geometry": { "type": "Point", "coordinates": [ -0.2491035, 5.6069414 ] } },
{ "type": "Feature", "properties": { "osmid": 5013249864, "element": "node", "name": "Kwashieman", "hub_type": "bus", "hub_scale": "stop", "amenity": null, "railway": null, "public_transport": "platform", "highway": "bus_stop", "aeroway": null, "building": null, "operator": null, "network": null, "centroid_lat": 5.5922469, "centroid_lon": -0.2678635 }, "geometry": { "type": "Point", "coordinates": [ -0.2678635, 5.5922469 ] } },
{ "type": "Feature", "properties": { "osmid": 5013249865, "element": "node", "name": "Been To", "hub_type": "bus", "hub_scale": "stop", "amenity": null, "railway": null, "public_transport": "platform", "highway": "bus_stop", "aeroway": null, "building": null, "operator": null, "network": null, "centroid_lat": 5.5873038, "centroid_lon": -0.2715119 }, "geometry": { "type": "Point", "coordinates": [ -0.2715119, 5.5873038 ] } },
{ "type": "Feature", "properties": { "osmid": 5014716654, "element": "node", "name": "Circle Industrial Area", "hub_type": "bus", "hub_scale": "stop", "amenity": null, "railway": null, "public_transport": "platform", "highway": "bus_stop", "aeroway": null, "building": null, "operator": null, "network": null, "centroid_lat": 5.5692159, "centroid_lon": -0.2194154 }, "geometry": { "type": "Point", "coordinates": [ -0.2194154, 5.5692159 ] } },
{ "type": "Feature", "properties": { "osmid": 5014716655, "element": "node", "name": "Fan Milk Junction", "hub_type": "bus", "hub_scale": "stop", "amenity": null, "railway": null, "public_transport": "platform", "highway": "bus_stop", "aeroway": null, "building": null, "operator": null, "network": null, "centroid_lat": 5.5731943, "centroid_lon": -0.2228472 }, "geometry": { "type": "Point", "coordinates": [ -0.2228472, 5.5731943 ] } },
{ "type": "Feature", "properties": { "osmid": 5014716656, "element": "node", "name": "Ashfoam Junction", "hub_type": "bus", "hub_scale": "stop", "amenity": null, "railway": null, "public_transport": "platform", "highway": "bus_stop", "aeroway": null, "building": null, "operator": null, "network": null, "centroid_lat": 5.582849, "centroid_lon": -0.2241143 }, "geometry": { "type": "Point", "coordinates": [ -0.2241143, 5.582849 ] } },
{ "type": "Feature", "properties": { "osmid": 5014716657, "element": "node", "name": "Melcom", "hub_type": "bus", "hub_scale": "stop", "amenity": null, "railway": null, "public_transport": "platform", "highway": "bus_stop", "aeroway": null, "building": null, "operator": null, "network": null, "centroid_lat": 5.5879449, "centroid_lon": -0.2269332 }, "geometry": { "type": "Point", "coordinates": [ -0.2269332, 5.5879449 ] } },
{ "type": "Feature", "properties": { "osmid": 5014716658, "element": "node", "name": "Mesco", "hub_type": "bus", "hub_scale": "stop", "amenity": null, "railway": null, "public_transport": "platform", "highway": "bus_stop", "aeroway": null, "building": null, "operator": null, "network": null, "centroid_lat": 5.5907051, "centroid_lon": -0.2299199 }, "geometry": { "type": "Point", "coordinates": [ -0.2299199, 5.5907051 ] } },
{ "type": "Feature", "properties": { "osmid": 5014716659, "element": "node", "name": "Abeka Total", "hub_type": "bus", "hub_scale": "stop", "amenity": null, "railway": null, "public_transport": "platform", "highway": "bus_stop", "aeroway": null, "building": null, "operator": null, "network": null, "centroid_lat": 5.597953, "centroid_lon": -0.2335625 }, "geometry": { "type": "Point", "coordinates": [ -0.2335625, 5.597953 ] } },
{ "type": "Feature", "properties": { "osmid": 5014735951, "element": "node", "name": null, "hub_type": "bus", "hub_scale": "stop", "amenity": null, "railway": null, "public_transport": "stop_position", "highway": null, "aeroway": null, "building": null, "operator": null, "network": null, "centroid_lat": 5.5692129, "centroid_lon": -0.2194116 }, "geometry": { "type": "Point", "coordinates": [ -0.2194116, 5.5692129 ] } },
{ "type": "Feature", "properties": { "osmid": 5014786529, "element": "node", "name": "Abeka Total", "hub_type": "bus", "hub_scale": "stop", "amenity": null, "railway": null, "public_transport": "platform", "highway": "bus_stop", "aeroway": null, "building": null, "operator": null, "network": null, "centroid_lat": 5.5977942, "centroid_lon": -0.2335007 }, "geometry": { "type": "Point", "coordinates": [ -0.2335007, 5.5977942 ] } },
{ "type": "Feature", "properties": { "osmid": 5014786530, "element": "node", "name": "Melcom", "hub_type": "bus", "hub_scale": "stop", "amenity": null, "railway": null, "public_transport": "platform", "highway": "bus_stop", "aeroway": null, "building": null, "operator": null, "network": null, "centroid_lat": 5.5878478, "centroid_lon": -0.2267337 }, "geometry": { "type": "Point", "coordinates": [ -0.2267337, 5.5878478 ] } },
{ "type": "Feature", "properties": { "osmid": 5014786531, "element": "node", "name": "Ashfoam Junction", "hub_type": "bus", "hub_scale": "stop", "amenity": null, "railway": null, "public_transport": "platform", "highway": "bus_stop", "aeroway": null, "building": null, "operator": null, "network": null, "centroid_lat": 5.5823796, "centroid_lon": -0.2238648 }, "geometry": { "type": "Point", "coordinates": [ -0.2238648, 5.5823796 ] } },
{ "type": "Feature", "properties": { "osmid": 5014786532, "element": "node", "name": "Fan Milk Junction", "hub_type": "bus", "hub_scale": "stop", "amenity": null, "railway": null, "public_transport": "platform", "highway": "bus_stop", "aeroway": null, "building": null, "operator": null, "network": null, "centroid_lat": 5.5727399, "centroid_lon": -0.2226925 }, "geometry": { "type": "Point", "coordinates": [ -0.2226925, 5.5727399 ] } },
{ "type": "Feature", "properties": { "osmid": 5014899357, "element": "node", "name": "Abeka Lapaz", "hub_type": "bus", "hub_scale": "stop", "amenity": null, "railway": null, "public_transport": "platform", "highway": "bus_stop", "aeroway": null, "building": null, "operator": null, "network": null, "centroid_lat": 5.6068813, "centroid_lon": -0.2497374 }, "geometry": { "type": "Point", "coordinates": [ -0.2497374, 5.6068813 ] } },
{ "type": "Feature", "properties": { "osmid": 5015015387, "element": "node", "name": "Lapaz Community Hospital", "hub_type": "bus", "hub_scale": "stop", "amenity": null, "railway": null, "public_transport": "platform", "highway": "bus_stop", "aeroway": null, "building": null, "operator": null, "network": null, "centroid_lat": 5.6088407, "centroid_lon": -0.2540407 }, "geometry": { "type": "Point", "coordinates": [ -0.2540407, 5.6088407 ] } },
{ "type": "Feature", "properties": { "osmid": 5015015388, "element": "node", "name": "Tabora Number2", "hub_type": "bus", "hub_scale": "stop", "amenity": null, "railway": null, "public_transport": "platform", "highway": "bus_stop", "aeroway": null, "building": null, "operator": null, "network": null, "centroid_lat": 5.6060456, "centroid_lon": -0.2598571 }, "geometry": { "type": "Point", "coordinates": [ -0.2598571, 5.6060456 ] } },
{ "type": "Feature", "properties": { "osmid": 5019572066, "element": "node", "name": null, "hub_type": "bus", "hub_scale": "stop", "amenity": null, "railway": null, "public_transport": "stop_position", "highway": null, "aeroway": null, "building": null, "operator": null, "network": null, "centroid_lat": 5.6079611, "centroid_lon": -0.2464997 }, "geometry": { "type": "Point", "coordinates": [ -0.2464997, 5.6079611 ] } },
{ "type": "Feature", "properties": { "osmid": 5020021370, "element": "node", "name": "Neoplan", "hub_type": "bus", "hub_scale": "stop", "amenity": null, "railway": null, "public_transport": "platform", "highway": "bus_stop", "aeroway": null, "building": null, "operator": null, "network": null, "centroid_lat": 5.6240908, "centroid_lon": -0.2329536 }, "geometry": { "type": "Point", "coordinates": [ -0.2329536, 5.6240908 ] } },
{ "type": "Feature", "properties": { "osmid": 5020021371, "element": "node", "name": "Achimota Overhead", "hub_type": "bus", "hub_scale": "stop", "amenity": null, "railway": null, "public_transport": "platform", "highway": "bus_stop", "aeroway": null, "building": null, "operator": null, "network": null, "centroid_lat": 5.6199311, "centroid_lon": -0.2303119 }, "geometry": { "type": "Point", "coordinates": [ -0.2303119, 5.6199311 ] } },
{ "type": "Feature", "properties": { "osmid": 5020021372, "element": "node", "name": "Achimota Old Station", "hub_type": "bus", "hub_scale": "stop", "amenity": null, "railway": null, "public_transport": "platform", "highway": "bus_stop", "aeroway": null, "building": null, "operator": null, "network": null, "centroid_lat": 5.6151636, "centroid_lon": -0.2289824 }, "geometry": { "type": "Point", "coordinates": [ -0.2289824, 5.6151636 ] } },
{ "type": "Feature", "properties": { "osmid": 5020102833, "element": "node", "name": "Achimota Old Station", "hub_type": "bus", "hub_scale": "stop", "amenity": null, "railway": null, "public_transport": "platform", "highway": "bus_stop", "aeroway": null, "building": null, "operator": null, "network": null, "centroid_lat": 5.6154576, "centroid_lon": -0.2294949 }, "geometry": { "type": "Point", "coordinates": [ -0.2294949, 5.6154576 ] } },
{ "type": "Feature", "properties": { "osmid": 5020102834, "element": "node", "name": "Achimota Overhead", "hub_type": "bus", "hub_scale": "stop", "amenity": null, "railway": null, "public_transport": "platform", "highway": "bus_stop", "aeroway": null, "building": null, "operator": null, "network": null, "centroid_lat": 5.6234123, "centroid_lon": -0.2328125 }, "geometry": { "type": "Point", "coordinates": [ -0.2328125, 5.6234123 ] } },
{ "type": "Feature", "properties": { "osmid": 5020282545, "element": "node", "name": "Brewa", "hub_type": "bus", "hub_scale": "stop", "amenity": null, "railway": null, "public_transport": "platform", "highway": "bus_stop", "aeroway": null, "building": null, "operator": null, "network": null, "centroid_lat": 5.6423748, "centroid_lon": -0.1617304 }, "geometry": { "type": "Point", "coordinates": [ -0.1617304, 5.6423748 ] } },
{ "type": "Feature", "properties": { "osmid": 5020282546, "element": "node", "name": "Accra End of the Motorway", "hub_type": "bus", "hub_scale": "stop", "amenity": null, "railway": null, "public_transport": "platform", "highway": "bus_stop", "aeroway": null, "building": null, "operator": null, "network": null, "centroid_lat": 5.6273242, "centroid_lon": -0.1760116 }, "geometry": { "type": "Point", "coordinates": [ -0.1760116, 5.6273242 ] } },
{ "type": "Feature", "properties": { "osmid": 5020395232, "element": "node", "name": "American House", "hub_type": "bus", "hub_scale": "stop", "amenity": null, "railway": null, "public_transport": "platform", "highway": "bus_stop", "aeroway": null, "building": null, "operator": null, "network": null, "centroid_lat": 5.6483539, "centroid_lon": -0.1506845 }, "geometry": { "type": "Point", "coordinates": [ -0.1506845, 5.6483539 ] } },
{ "type": "Feature", "properties": { "osmid": 5020395233, "element": "node", "name": "Emmanuel Eye Clinic", "hub_type": "bus", "hub_scale": "stop", "amenity": null, "railway": null, "public_transport": "platform", "highway": "bus_stop", "aeroway": null, "building": null, "operator": null, "network": null, "centroid_lat": 5.6299276, "centroid_lon": -0.1734169 }, "geometry": { "type": "Point", "coordinates": [ -0.1734169, 5.6299276 ] } },
{ "type": "Feature", "properties": { "osmid": 5020395234, "element": "node", "name": "Bawaleshie Second", "hub_type": "bus", "hub_scale": "stop", "amenity": null, "railway": null, "public_transport": "platform", "highway": "bus_stop", "aeroway": null, "building": null, "operator": null, "network": null, "centroid_lat": 5.6418746, "centroid_lon": -0.1673192 }, "geometry": { "type": "Point", "coordinates": [ -0.1673192, 5.6418746 ] } },
{ "type": "Feature", "properties": { "osmid": 5020525324, "element": "node", "name": null, "hub_type": "bus", "hub_scale": "stop", "amenity": null, "railway": null, "public_transport": "stop_position", "highway": null, "aeroway": null, "building": null, "operator": null, "network": null, "centroid_lat": 5.5688782, "centroid_lon": -0.214802 }, "geometry": { "type": "Point", "coordinates": [ -0.214802, 5.5688782 ] } },
{ "type": "Feature", "properties": { "osmid": 5020525325, "element": "node", "name": "WAEC", "hub_type": "bus", "hub_scale": "stop", "amenity": null, "railway": null, "public_transport": "platform", "highway": "bus_stop", "aeroway": null, "building": null, "operator": null, "network": null, "centroid_lat": 5.5647504, "centroid_lon": -0.1994537 }, "geometry": { "type": "Point", "coordinates": [ -0.1994537, 5.5647504 ] } },
{ "type": "Feature", "properties": { "osmid": 5020525327, "element": "node", "name": "Circle", "hub_type": "bus", "hub_scale": "stop", "amenity": null, "railway": null, "public_transport": "platform", "highway": "bus_stop", "aeroway": null, "building": null, "operator": null, "network": null, "centroid_lat": 5.5688481, "centroid_lon": -0.2148315 }, "geometry": { "type": "Point", "coordinates": [ -0.2148315, 5.5688481 ] } },
{ "type": "Feature", "properties": { "osmid": 5020525329, "element": "node", "name": "Ridge Hospital", "hub_type": "bus", "hub_scale": "stop", "amenity": null, "railway": null, "public_transport": "platform", "highway": "bus_stop", "aeroway": null, "building": null, "operator": null, "network": null, "centroid_lat": 5.5612149, "centroid_lon": -0.1990446 }, "geometry": { "type": "Point", "coordinates": [ -0.1990446, 5.5612149 ] } },
{ "type": "Feature", "properties": { "osmid": 5020636352, "element": "node", "name": "Atomic First", "hub_type": "bus", "hub_scale": "stop", "amenity": null, "railway": null, "public_transport": "platform", "highway": "bus_stop", "aeroway": null, "building": null, "operator": null, "network": null, "centroid_lat": 5.6672505, "centroid_lon": -0.1781295 }, "geometry": { "type": "Point", "coordinates": [ -0.1781295, 5.6672505 ] } },
{ "type": "Feature", "properties": { "osmid": 5022007553, "element": "node", "name": "Achimota Hospital", "hub_type": "bus", "hub_scale": "stop", "amenity": null, "railway": null, "public_transport": "platform", "highway": "bus_stop", "aeroway": null, "building": null, "operator": null, "network": null, "centroid_lat": 5.6270468, "centroid_lon": -0.2188334 }, "geometry": { "type": "Point", "coordinates": [ -0.2188334, 5.6270468 ] } },
{ "type": "Feature", "properties": { "osmid": 5022007554, "element": "node", "name": "Six Pillars", "hub_type": "bus", "hub_scale": "stop", "amenity": null, "railway": null, "public_transport": "platform", "highway": "bus_stop", "aeroway": null, "building": null, "operator": null, "network": null, "centroid_lat": 5.6210314, "centroid_lon": -0.2234181 }, "geometry": { "type": "Point", "coordinates": [ -0.2234181, 5.6210314 ] } },
{ "type": "Feature", "properties": { "osmid": 5022007555, "element": "node", "name": "Christian Village Jucntion", "hub_type": "bus", "hub_scale": "stop", "amenity": null, "railway": null, "public_transport": "platform", "highway": "bus_stop", "aeroway": null, "building": null, "operator": null, "network": null, "centroid_lat": 5.6351546, "centroid_lon": -0.2149328 }, "geometry": { "type": "Point", "coordinates": [ -0.2149328, 5.6351546 ] } },
{ "type": "Feature", "properties": { "osmid": 5022185720, "element": "node", "name": "SSNIT Flats", "hub_type": "bus", "hub_scale": "stop", "amenity": null, "railway": null, "public_transport": "platform", "highway": "bus_stop", "aeroway": null, "building": null, "operator": null, "network": null, "centroid_lat": 5.5633137, "centroid_lon": -0.2732443 }, "geometry": { "type": "Point", "coordinates": [ -0.2732443, 5.5633137 ] } },
{ "type": "Feature", "properties": { "osmid": 5022186321, "element": "node", "name": "Alaba", "hub_type": "bus", "hub_scale": "stop", "amenity": null, "railway": null, "public_transport": "platform", "highway": "bus_stop", "aeroway": null, "building": null, "operator": null, "network": null, "centroid_lat": 5.5641031, "centroid_lon": -0.2705605 }, "geometry": { "type": "Point", "coordinates": [ -0.2705605, 5.5641031 ] } },
{ "type": "Feature", "properties": { "osmid": 5022186322, "element": "node", "name": "Blue Lagoon", "hub_type": "bus", "hub_scale": "stop", "amenity": null, "railway": null, "public_transport": "platform", "highway": "bus_stop", "aeroway": null, "building": null, "operator": null, "network": null, "centroid_lat": 5.5715646, "centroid_lon": -0.2708123 }, "geometry": { "type": "Point", "coordinates": [ -0.2708123, 5.5715646 ] } },
{ "type": "Feature", "properties": { "osmid": 5022186323, "element": "node", "name": "All Days", "hub_type": "bus", "hub_scale": "stop", "amenity": null, "railway": null, "public_transport": "platform", "highway": "bus_stop", "aeroway": null, "building": null, "operator": null, "network": null, "centroid_lat": 5.5715268, "centroid_lon": -0.2686858 }, "geometry": { "type": "Point", "coordinates": [ -0.2686858, 5.5715268 ] } },
{ "type": "Feature", "properties": { "osmid": 5022186324, "element": "node", "name": "Bola", "hub_type": "bus", "hub_scale": "stop", "amenity": null, "railway": null, "public_transport": "platform", "highway": "bus_stop", "aeroway": null, "building": null, "operator": null, "network": null, "centroid_lat": 5.571829, "centroid_lon": -0.2674006 }, "geometry": { "type": "Point", "coordinates": [ -0.2674006, 5.571829 ] } },
{ "type": "Feature", "properties": { "osmid": 5022186325, "element": "node", "name": "Masalachi", "hub_type": "bus", "hub_scale": "stop", "amenity": null, "railway": null, "public_transport": "platform", "highway": "bus_stop", "aeroway": null, "building": null, "operator": null, "network": null, "centroid_lat": 5.5723102, "centroid_lon": -0.2657927 }, "geometry": { "type": "Point", "coordinates": [ -0.2657927, 5.5723102 ] } },
{ "type": "Feature", "properties": { "osmid": 5022186326, "element": "node", "name": "Saint Anthony", "hub_type": "bus", "hub_scale": "stop", "amenity": null, "railway": null, "public_transport": "platform", "highway": "bus_stop", "aeroway": null, "building": null, "operator": null, "network": null, "centroid_lat": 5.5728247, "centroid_lon": -0.2641928 }, "geometry": { "type": "Point", "coordinates": [ -0.2641928, 5.5728247 ] } },
{ "type": "Feature", "properties": { "osmid": 5022186327, "element": "node", "name": "Yellow Kiosk", "hub_type": "bus", "hub_scale": "stop", "amenity": null, "railway": null, "public_transport": "platform", "highway": "bus_stop", "aeroway": null, "building": null, "operator": null, "network": null, "centroid_lat": 5.5731576, "centroid_lon": -0.2617768 }, "geometry": { "type": "Point", "coordinates": [ -0.2617768, 5.5731576 ] } },
{ "type": "Feature", "properties": { "osmid": 5022186328, "element": "node", "name": "Pentecost", "hub_type": "bus", "hub_scale": "stop", "amenity": null, "railway": null, "public_transport": "platform", "highway": "bus_stop", "aeroway": null, "building": null, "operator": null, "network": null, "centroid_lat": 5.5732207, "centroid_lon": -0.2604247 }, "geometry": { "type": "Point", "coordinates": [ -0.2604247, 5.5732207 ] } },
{ "type": "Feature", "properties": { "osmid": 5022186329, "element": "node", "name": "Lotto Kiosk", "hub_type": "bus", "hub_scale": "stop", "amenity": null, "railway": null, "public_transport": "platform", "highway": "bus_stop", "aeroway": null, "building": null, "operator": null, "network": null, "centroid_lat": 5.5733567, "centroid_lon": -0.2578471 }, "geometry": { "type": "Point", "coordinates": [ -0.2578471, 5.5733567 ] } },
{ "type": "Feature", "properties": { "osmid": 5022186330, "element": "node", "name": "Vice", "hub_type": "bus", "hub_scale": "stop", "amenity": null, "railway": null, "public_transport": "platform", "highway": "bus_stop", "aeroway": null, "building": null, "operator": null, "network": null, "centroid_lat": 5.5730916, "centroid_lon": -0.2555019 }, "geometry": { "type": "Point", "coordinates": [ -0.2555019, 5.5730916 ] } },
{ "type": "Feature", "properties": { "osmid": 5022186331, "element": "node", "name": "Curve", "hub_type": "bus", "hub_scale": "stop", "amenity": null, "railway": null, "public_transport": "platform", "highway": "bus_stop", "aeroway": null, "building": null, "operator": null, "network": null, "centroid_lat": 5.5724834, "centroid_lon": -0.2544244 }, "geometry": { "type": "Point", "coordinates": [ -0.2544244, 5.5724834 ] } },
{ "type": "Feature", "properties": { "osmid": 5022186332, "element": "node", "name": "1 plus 1", "hub_type": "bus", "hub_scale": "stop", "amenity": null, "railway": null, "public_transport": "platform", "highway": "bus_stop", "aeroway": null, "building": null, "operator": null, "network": null, "centroid_lat": 5.5699995, "centroid_lon": -0.2536135 }, "geometry": { "type": "Point", "coordinates": [ -0.2536135, 5.5699995 ] } },
{ "type": "Feature", "properties": { "osmid": 5022186333, "element": "node", "name": "Mataheko Pharmacy", "hub_type": "bus", "hub_scale": "stop", "amenity": null, "railway": null, "public_transport": "platform", "highway": "bus_stop", "aeroway": null, "building": null, "operator": null, "network": null, "centroid_lat": 5.568473, "centroid_lon": -0.2513486 }, "geometry": { "type": "Point", "coordinates": [ -0.2513486, 5.568473 ] } },
{ "type": "Feature", "properties": { "osmid": 5022186334, "element": "node", "name": "Mataheko Police Quarters", "hub_type": "bus", "hub_scale": "stop", "amenity": null, "railway": null, "public_transport": "platform", "highway": "bus_stop", "aeroway": null, "building": null, "operator": null, "network": null, "centroid_lat": 5.5674461, "centroid_lon": -0.249833 }, "geometry": { "type": "Point", "coordinates": [ -0.249833, 5.5674461 ] } },
{ "type": "Feature", "properties": { "osmid": 5022186335, "element": "node", "name": "Peace Clinic", "hub_type": "bus", "hub_scale": "stop", "amenity": null, "railway": null, "public_transport": "platform", "highway": "bus_stop", "aeroway": null, "building": null, "operator": null, "network": null, "centroid_lat": 5.5660382, "centroid_lon": -0.2473635 }, "geometry": { "type": "Point", "coordinates": [ -0.2473635, 5.5660382 ] } },
{ "type": "Feature", "properties": { "osmid": 5022186336, "element": "node", "name": "JT", "hub_type": "bus", "hub_scale": "stop", "amenity": null, "railway": null, "public_transport": "platform", "highway": "bus_stop", "aeroway": null, "building": null, "operator": null, "network": null, "centroid_lat": 5.5647406, "centroid_lon": -0.245349 }, "geometry": { "type": "Point", "coordinates": [ -0.245349, 5.5647406 ] } },
{ "type": "Feature", "properties": { "osmid": 5022199348, "element": "node", "name": "Las Palmas", "hub_type": "bus", "hub_scale": "stop", "amenity": null, "railway": null, "public_transport": "platform", "highway": "bus_stop", "aeroway": null, "building": null, "operator": null, "network": null, "centroid_lat": 5.6068938, "centroid_lon": -0.2490504 }, "geometry": { "type": "Point", "coordinates": [ -0.2490504, 5.6068938 ] } },
{ "type": "Feature", "properties": { "osmid": 5022354473, "element": "node", "name": "Neoplan", "hub_type": "bus", "hub_scale": "stop", "amenity": null, "railway": null, "public_transport": "platform", "highway": "bus_stop", "aeroway": null, "building": null, "operator": null, "network": null, "centroid_lat": 5.5687336, "centroid_lon": -0.2185294 }, "geometry": { "type": "Point", "coordinates": [ -0.2185294, 5.5687336 ] } },
{ "type": "Feature", "properties": { "osmid": 5022354474, "element": "node", "name": "State Transport", "hub_type": "bus", "hub_scale": "stop", "amenity": null, "railway": null, "public_transport": "platform", "highway": "bus_stop", "aeroway": null, "building": null, "operator": null, "network": null, "centroid_lat": 5.565179, "centroid_lon": -0.2255063 }, "geometry": { "type": "Point", "coordinates": [ -0.2255063, 5.565179 ] } },
{ "type": "Feature", "properties": { "osmid": 5022354475, "element": "node", "name": "Roundabout", "hub_type": "bus", "hub_scale": "stop", "amenity": null, "railway": null, "public_transport": "platform", "highway": "bus_stop", "aeroway": null, "building": null, "operator": null, "network": null, "centroid_lat": 5.5619558, "centroid_lon": -0.228743 }, "geometry": { "type": "Point", "coordinates": [ -0.228743, 5.5619558 ] } },
{ "type": "Feature", "properties": { "osmid": 5022354476, "element": "node", "name": "Pamprom", "hub_type": "bus", "hub_scale": "stop", "amenity": null, "railway": null, "public_transport": "platform", "highway": "bus_stop", "aeroway": null, "building": null, "operator": null, "network": null, "centroid_lat": 5.5626433, "centroid_lon": -0.2317319 }, "geometry": { "type": "Point", "coordinates": [ -0.2317319, 5.5626433 ] } },
{ "type": "Feature", "properties": { "osmid": 5022354477, "element": "node", "name": "Kaneshie Second Bridge", "hub_type": "bus", "hub_scale": "stop", "amenity": null, "railway": null, "public_transport": "platform", "highway": "bus_stop", "aeroway": null, "building": null, "operator": null, "network": null, "centroid_lat": 5.5648674, "centroid_lon": -0.2355636 }, "geometry": { "type": "Point", "coordinates": [ -0.2355636, 5.5648674 ] } },
{ "type": "Feature", "properties": { "osmid": 5022354478, "element": "node", "name": "Kaneshie First Bridge", "hub_type": "bus", "hub_scale": "stop", "amenity": null, "railway": null, "public_transport": "platform", "highway": "bus_stop", "aeroway": null, "building": null, "operator": null, "network": null, "centroid_lat": 5.5660108, "centroid_lon": -0.2374138 }, "geometry": { "type": "Point", "coordinates": [ -0.2374138, 5.5660108 ] } },
{ "type": "Feature", "properties": { "osmid": 5022354479, "element": "node", "name": "First Light", "hub_type": "bus", "hub_scale": "stop", "amenity": null, "railway": null, "public_transport": "platform", "highway": "bus_stop", "aeroway": null, "building": null, "operator": null, "network": null, "centroid_lat": 5.5692626, "centroid_lon": -0.2429732 }, "geometry": { "type": "Point", "coordinates": [ -0.2429732, 5.5692626 ] } },
{ "type": "Feature", "properties": { "osmid": 5022354480, "element": "node", "name": "Accra Academy", "hub_type": "bus", "hub_scale": "stop", "amenity": null, "railway": null, "public_transport": "platform", "highway": "bus_stop", "aeroway": null, "building": null, "operator": null, "network": null, "centroid_lat": 5.5707697, "centroid_lon": -0.2455052 }, "geometry": { "type": "Point", "coordinates": [ -0.2455052, 5.5707697 ] } },
{ "type": "Feature", "properties": { "osmid": 5022354481, "element": "node", "name": "Mataheko Quarters", "hub_type": "bus", "hub_scale": "stop", "amenity": null, "railway": null, "public_transport": "platform", "highway": "bus_stop", "aeroway": null, "building": null, "operator": null, "network": null, "centroid_lat": 5.5719739, "centroid_lon": -0.2475403 }, "geometry": { "type": "Point", "coordinates": [ -0.2475403, 5.5719739 ] } },
{ "type": "Feature", "properties": { "osmid": 5022354482, "element": "node", "name": "Atico", "hub_type": "bus", "hub_scale": "stop", "amenity": null, "railway": null, "public_transport": "platform", "highway": "bus_stop", "aeroway": null, "building": null, "operator": null, "network": null, "centroid_lat": 5.5741643, "centroid_lon": -0.2511787 }, "geometry": { "type": "Point", "coordinates": [ -0.2511787, 5.5741643 ] } },
{ "type": "Feature", "properties": { "osmid": 5022354483, "element": "node", "name": "Hansonic", "hub_type": "bus", "hub_scale": "stop", "amenity": null, "railway": null, "public_transport": "platform", "highway": "bus_stop", "aeroway": null, "building": null, "operator": null, "network": null, "centroid_lat": 5.5740124, "centroid_lon": -0.2529321 }, "geometry": { "type": "Point", "coordinates": [ -0.2529321, 5.5740124 ] } },
{ "type": "Feature", "properties": { "osmid": 5022354485, "element": "node", "name": "Mt Olivet", "hub_type": "bus", "hub_scale": "stop", "amenity": null, "railway": null, "public_transport": "platform", "highway": "bus_stop", "aeroway": null, "building": null, "operator": null, "network": null, "centroid_lat": 5.5606572, "centroid_lon": -0.2679526 }, "geometry": { "type": "Point", "coordinates": [ -0.2679526, 5.5606572 ] } },
{ "type": "Feature", "properties": { "osmid": 5022354486, "element": "node", "name": "Abam Kofi", "hub_type": "bus", "hub_scale": "stop", "amenity": null, "railway": null, "public_transport": "platform", "highway": "bus_stop", "aeroway": null, "building": null, "operator": null, "network": null, "centroid_lat": 5.5616542, "centroid_lon": -0.270854 }, "geometry": { "type": "Point", "coordinates": [ -0.270854, 5.5616542 ] } },
{ "type": "Feature", "properties": { "osmid": 5022354487, "element": "node", "name": "Old School", "hub_type": "bus", "hub_scale": "stop", "amenity": null, "railway": null, "public_transport": "platform", "highway": "bus_stop", "aeroway": null, "building": null, "operator": null, "network": null, "centroid_lat": 5.560424, "centroid_lon": -0.2725079 }, "geometry": { "type": "Point", "coordinates": [ -0.2725079, 5.560424 ] } },
{ "type": "Feature", "properties": { "osmid": 5022354488, "element": "node", "name": "SSNIT Flats", "hub_type": "bus", "hub_scale": "stop", "amenity": null, "railway": null, "public_transport": "platform", "highway": "bus_stop", "aeroway": null, "building": null, "operator": null, "network": null, "centroid_lat": 5.5618809, "centroid_lon": -0.2729045 }, "geometry": { "type": "Point", "coordinates": [ -0.2729045, 5.5618809 ] } },
{ "type": "Feature", "properties": { "osmid": 5022383973, "element": "node", "name": "Lapaz Market", "hub_type": "bus", "hub_scale": "stop", "amenity": null, "railway": null, "public_transport": "platform", "highway": "bus_stop", "aeroway": null, "building": null, "operator": null, "network": null, "centroid_lat": 5.6085036, "centroid_lon": -0.2409133 }, "geometry": { "type": "Point", "coordinates": [ -0.2409133, 5.6085036 ] } },
{ "type": "Feature", "properties": { "osmid": 5022383974, "element": "node", "name": "Achimota Old Station", "hub_type": "bus", "hub_scale": "stop", "amenity": null, "railway": null, "public_transport": "platform", "highway": "bus_stop", "aeroway": null, "building": null, "operator": null, "network": null, "centroid_lat": 5.6163912, "centroid_lon": -0.2293951 }, "geometry": { "type": "Point", "coordinates": [ -0.2293951, 5.6163912 ] } },
{ "type": "Feature", "properties": { "osmid": 5022383975, "element": "node", "name": "Achimota Overhead", "hub_type": "bus", "hub_scale": "stop", "amenity": null, "railway": null, "public_transport": "platform", "highway": "bus_stop", "aeroway": null, "building": null, "operator": null, "network": null, "centroid_lat": 5.6120523, "centroid_lon": -0.2277045 }, "geometry": { "type": "Point", "coordinates": [ -0.2277045, 5.6120523 ] } },
{ "type": "Feature", "properties": { "osmid": 5022383976, "element": "node", "name": "Flat Top", "hub_type": "bus", "hub_scale": "stop", "amenity": null, "railway": null, "public_transport": "platform", "highway": "bus_stop", "aeroway": null, "building": null, "operator": null, "network": null, "centroid_lat": 5.6090333, "centroid_lon": -0.2380801 }, "geometry": { "type": "Point", "coordinates": [ -0.2380801, 5.6090333 ] } },
{ "type": "Feature", "properties": { "osmid": 5022509197, "element": "node", "name": "Agbobloshie 2", "hub_type": "bus", "hub_scale": "stop", "amenity": null, "railway": null, "public_transport": "platform", "highway": "bus_stop", "aeroway": null, "building": null, "operator": null, "network": null, "centroid_lat": 5.5484154, "centroid_lon": -0.2183046 }, "geometry": { "type": "Point", "coordinates": [ -0.2183046, 5.5484154 ] } },
{ "type": "Feature", "properties": { "osmid": 5022509198, "element": "node", "name": "Arena", "hub_type": "bus", "hub_scale": "stop", "amenity": null, "railway": null, "public_transport": "platform", "highway": "bus_stop", "aeroway": null, "building": null, "operator": null, "network": null, "centroid_lat": 5.5455298, "centroid_lon": -0.2153515 }, "geometry": { "type": "Point", "coordinates": [ -0.2153515, 5.5455298 ] } },
{ "type": "Feature", "properties": { "osmid": 5022509200, "element": "node", "name": "Agbado", "hub_type": "bus", "hub_scale": "stop", "amenity": null, "railway": null, "public_transport": "platform", "highway": "bus_stop", "aeroway": null, "building": null, "operator": null, "network": null, "centroid_lat": 5.5386122, "centroid_lon": -0.2158582 }, "geometry": { "type": "Point", "coordinates": [ -0.2158582, 5.5386122 ] } },
{ "type": "Feature", "properties": { "osmid": 5022509201, "element": "node", "name": "UTC", "hub_type": "bus", "hub_scale": "stop", "amenity": null, "railway": null, "public_transport": "platform", "highway": "bus_stop", "aeroway": null, "building": null, "operator": null, "network": null, "centroid_lat": 5.5380858, "centroid_lon": -0.2172129 }, "geometry": { "type": "Point", "coordinates": [ -0.2172129, 5.5380858 ] } },
{ "type": "Feature", "properties": { "osmid": 5022509202, "element": "node", "name": "Korle-Bu Barber", "hub_type": "bus", "hub_scale": "stop", "amenity": null, "railway": null, "public_transport": "platform", "highway": "bus_stop", "aeroway": null, "building": null, "operator": null, "network": null, "centroid_lat": 5.5368763, "centroid_lon": -0.2228491 }, "geometry": { "type": "Point", "coordinates": [ -0.2228491, 5.5368763 ] } },
{ "type": "Feature", "properties": { "osmid": 5022509203, "element": "node", "name": "Total", "hub_type": "bus", "hub_scale": "stop", "amenity": null, "railway": null, "public_transport": "platform", "highway": "bus_stop", "aeroway": null, "building": null, "operator": null, "network": null, "centroid_lat": 5.5355965, "centroid_lon": -0.2288517 }, "geometry": { "type": "Point", "coordinates": [ -0.2288517, 5.5355965 ] } },
{ "type": "Feature", "properties": { "osmid": 5022509204, "element": "node", "name": "Awotsɛ Kojo", "hub_type": "bus", "hub_scale": "stop", "amenity": null, "railway": null, "public_transport": "platform", "highway": "bus_stop", "aeroway": null, "building": null, "operator": null, "network": null, "centroid_lat": 5.5347944, "centroid_lon": -0.2327288 }, "geometry": { "type": "Point", "coordinates": [ -0.2327288, 5.5347944 ] } },
{ "type": "Feature", "properties": { "osmid": 5022509205, "element": "node", "name": "Mamprobi Post Office", "hub_type": "bus", "hub_scale": "stop", "amenity": null, "railway": null, "public_transport": "platform", "highway": "bus_stop", "aeroway": null, "building": null, "operator": null, "network": null, "centroid_lat": 5.5338024, "centroid_lon": -0.2370709 }, "geometry": { "type": "Point", "coordinates": [ -0.2370709, 5.5338024 ] } },
{ "type": "Feature", "properties": { "osmid": 5022509206, "element": "node", "name": "Mamprobi Methodist", "hub_type": "bus", "hub_scale": "stop", "amenity": null, "railway": null, "public_transport": "platform", "highway": "bus_stop", "aeroway": null, "building": null, "operator": null, "network": null, "centroid_lat": 5.535064, "centroid_lon": -0.2438564 }, "geometry": { "type": "Point", "coordinates": [ -0.2438564, 5.535064 ] } },
{ "type": "Feature", "properties": { "osmid": 5022509207, "element": "node", "name": "Akoshi Junction Mamprobi", "hub_type": "bus", "hub_scale": "stop", "amenity": null, "railway": null, "public_transport": "platform", "highway": "bus_stop", "aeroway": null, "building": null, "operator": null, "network": null, "centroid_lat": 5.5355357, "centroid_lon": -0.2463636 }, "geometry": { "type": "Point", "coordinates": [ -0.2463636, 5.5355357 ] } },
{ "type": "Feature", "properties": { "osmid": 5022509208, "element": "node", "name": "St.Marys", "hub_type": "bus", "hub_scale": "stop", "amenity": null, "railway": null, "public_transport": "platform", "highway": "bus_stop", "aeroway": null, "building": null, "operator": null, "network": null, "centroid_lat": 5.5386984, "centroid_lon": -0.2490921 }, "geometry": { "type": "Point", "coordinates": [ -0.2490921, 5.5386984 ] } },
{ "type": "Feature", "properties": { "osmid": 5022509209, "element": "node", "name": "Banana Inn Transformer", "hub_type": "bus", "hub_scale": "stop", "amenity": null, "railway": null, "public_transport": "platform", "highway": "bus_stop", "aeroway": null, "building": null, "operator": null, "network": null, "centroid_lat": 5.5408294, "centroid_lon": -0.2532018 }, "geometry": { "type": "Point", "coordinates": [ -0.2532018, 5.5408294 ] } },
{ "type": "Feature", "properties": { "osmid": 5022509210, "element": "node", "name": "Banana Inn", "hub_type": "bus", "hub_scale": "stop", "amenity": null, "railway": null, "public_transport": "platform", "highway": "bus_stop", "aeroway": null, "building": null, "operator": null, "network": null, "centroid_lat": 5.5418646, "centroid_lon": -0.255041 }, "geometry": { "type": "Point", "coordinates": [ -0.255041, 5.5418646 ] } },
{ "type": "Feature", "properties": { "osmid": 5022509211, "element": "node", "name": "Mango Down", "hub_type": "bus", "hub_scale": "stop", "amenity": null, "railway": null, "public_transport": "platform", "highway": "bus_stop", "aeroway": null, "building": null, "operator": null, "network": null, "centroid_lat": 5.5428385, "centroid_lon": -0.2565153 }, "geometry": { "type": "Point", "coordinates": [ -0.2565153, 5.5428385 ] } },
{ "type": "Feature", "properties": { "osmid": 5022509212, "element": "node", "name": "Akoo Store", "hub_type": "bus", "hub_scale": "stop", "amenity": null, "railway": null, "public_transport": "platform", "highway": "bus_stop", "aeroway": null, "building": null, "operator": null, "network": null, "centroid_lat": 5.5497411, "centroid_lon": -0.2552249 }, "geometry": { "type": "Point", "coordinates": [ -0.2552249, 5.5497411 ] } },
{ "type": "Feature", "properties": { "osmid": 5022509213, "element": "node", "name": "Zambrama Line", "hub_type": "bus", "hub_scale": "stop", "amenity": null, "railway": null, "public_transport": "platform", "highway": "bus_stop", "aeroway": null, "building": null, "operator": null, "network": null, "centroid_lat": 5.5496153, "centroid_lon": -0.2570439 }, "geometry": { "type": "Point", "coordinates": [ -0.2570439, 5.5496153 ] } },
{ "type": "Feature", "properties": { "osmid": 5022640050, "element": "node", "name": "Ridge", "hub_type": "bus", "hub_scale": "stop", "amenity": null, "railway": null, "public_transport": "platform", "highway": "bus_stop", "aeroway": null, "building": null, "operator": null, "network": null, "centroid_lat": 5.5600459, "centroid_lon": -0.1966421 }, "geometry": { "type": "Point", "coordinates": [ -0.1966421, 5.5600459 ] } },
{ "type": "Feature", "properties": { "osmid": 5022716842, "element": "node", "name": "Children's Park First", "hub_type": "bus", "hub_scale": "stop", "amenity": null, "railway": null, "public_transport": "platform", "highway": "bus_stop", "aeroway": null, "building": null, "operator": null, "network": null, "centroid_lat": 5.5555022, "centroid_lon": -0.200125 }, "geometry": { "type": "Point", "coordinates": [ -0.200125, 5.5555022 ] } },
{ "type": "Feature", "properties": { "osmid": 5022716843, "element": "node", "name": "Children's Park Second", "hub_type": "bus", "hub_scale": "stop", "amenity": null, "railway": null, "public_transport": "platform", "highway": "bus_stop", "aeroway": null, "building": null, "operator": null, "network": null, "centroid_lat": 5.5572402, "centroid_lon": -0.1988221 }, "geometry": { "type": "Point", "coordinates": [ -0.1988221, 5.5572402 ] } },
{ "type": "Feature", "properties": { "osmid": 5022716844, "element": "node", "name": "MTN Office/ADB", "hub_type": "bus", "hub_scale": "stop", "amenity": null, "railway": null, "public_transport": "platform", "highway": "bus_stop", "aeroway": null, "building": null, "operator": null, "network": null, "centroid_lat": 5.5619867, "centroid_lon": -0.1955907 }, "geometry": { "type": "Point", "coordinates": [ -0.1955907, 5.5619867 ] } },
{ "type": "Feature", "properties": { "osmid": 5022909781, "element": "node", "name": null, "hub_type": "bus", "hub_scale": "stop", "amenity": null, "railway": null, "public_transport": "stop_position", "highway": null, "aeroway": null, "building": null, "operator": null, "network": null, "centroid_lat": 5.5496419, "centroid_lon": -0.2569945 }, "geometry": { "type": "Point", "coordinates": [ -0.2569945, 5.5496419 ] } },
{ "type": "Feature", "properties": { "osmid": 5022942946, "element": "node", "name": "Zambrama Line", "hub_type": "bus", "hub_scale": "stop", "amenity": null, "railway": null, "public_transport": "platform", "highway": "bus_stop", "aeroway": null, "building": null, "operator": null, "network": null, "centroid_lat": 5.5496889, "centroid_lon": -0.2573485 }, "geometry": { "type": "Point", "coordinates": [ -0.2573485, 5.5496889 ] } },
{ "type": "Feature", "properties": { "osmid": 5022942947, "element": "node", "name": "Station", "hub_type": "bus", "hub_scale": "stop", "amenity": null, "railway": null, "public_transport": "platform", "highway": "bus_stop", "aeroway": null, "building": null, "operator": null, "network": null, "centroid_lat": 5.5470054, "centroid_lon": -0.2552394 }, "geometry": { "type": "Point", "coordinates": [ -0.2552394, 5.5470054 ] } },
{ "type": "Feature", "properties": { "osmid": 5022942948, "element": "node", "name": "Five Five", "hub_type": "bus", "hub_scale": "stop", "amenity": null, "railway": null, "public_transport": "platform", "highway": "bus_stop", "aeroway": null, "building": null, "operator": null, "network": null, "centroid_lat": 5.5469124, "centroid_lon": -0.2540345 }, "geometry": { "type": "Point", "coordinates": [ -0.2540345, 5.5469124 ] } },
{ "type": "Feature", "properties": { "osmid": 5022942949, "element": "node", "name": "Masalatsi", "hub_type": "bus", "hub_scale": "stop", "amenity": null, "railway": null, "public_transport": "platform", "highway": "bus_stop", "aeroway": null, "building": null, "operator": null, "network": null, "centroid_lat": 5.5456878, "centroid_lon": -0.2540688 }, "geometry": { "type": "Point", "coordinates": [ -0.2540688, 5.5456878 ] } },
{ "type": "Feature", "properties": { "osmid": 5022942950, "element": "node", "name": "Borla", "hub_type": "bus", "hub_scale": "stop", "amenity": null, "railway": null, "public_transport": "platform", "highway": "bus_stop", "aeroway": null, "building": null, "operator": null, "network": null, "centroid_lat": 5.5441207, "centroid_lon": -0.254174 }, "geometry": { "type": "Point", "coordinates": [ -0.254174, 5.5441207 ] } },
{ "type": "Feature", "properties": { "osmid": 5022942951, "element": "node", "name": "Banana Inn", "hub_type": "bus", "hub_scale": "stop", "amenity": null, "railway": null, "public_transport": "platform", "highway": "bus_stop", "aeroway": null, "building": null, "operator": null, "network": null, "centroid_lat": 5.5418314, "centroid_lon": -0.2547988 }, "geometry": { "type": "Point", "coordinates": [ -0.2547988, 5.5418314 ] } },
{ "type": "Feature", "properties": { "osmid": 5022942952, "element": "node", "name": "Abodoo Bridge", "hub_type": "bus", "hub_scale": "stop", "amenity": null, "railway": null, "public_transport": "platform", "highway": "bus_stop", "aeroway": null, "building": null, "operator": null, "network": null, "centroid_lat": 5.5400326, "centroid_lon": -0.2515806 }, "geometry": { "type": "Point", "coordinates": [ -0.2515806, 5.5400326 ] } },
{ "type": "Feature", "properties": { "osmid": 5022942953, "element": "node", "name": "IBE", "hub_type": "bus", "hub_scale": "stop", "amenity": null, "railway": null, "public_transport": "platform", "highway": "bus_stop", "aeroway": null, "building": null, "operator": null, "network": null, "centroid_lat": 5.5390553, "centroid_lon": -0.2477855 }, "geometry": { "type": "Point", "coordinates": [ -0.2477855, 5.5390553 ] } },
{ "type": "Feature", "properties": { "osmid": 5022942954, "element": "node", "name": "Akoshi Junction Mamprobi", "hub_type": "bus", "hub_scale": "stop", "amenity": null, "railway": null, "public_transport": "platform", "highway": "bus_stop", "aeroway": null, "building": null, "operator": null, "network": null, "centroid_lat": 5.5356312, "centroid_lon": -0.2462557 }, "geometry": { "type": "Point", "coordinates": [ -0.2462557, 5.5356312 ] } },
{ "type": "Feature", "properties": { "osmid": 5022942955, "element": "node", "name": "Mamprobi Methodist", "hub_type": "bus", "hub_scale": "stop", "amenity": null, "railway": null, "public_transport": "platform", "highway": "bus_stop", "aeroway": null, "building": null, "operator": null, "network": null, "centroid_lat": 5.5351146, "centroid_lon": -0.243822 }, "geometry": { "type": "Point", "coordinates": [ -0.243822, 5.5351146 ] } },
{ "type": "Feature", "properties": { "osmid": 5022942956, "element": "node", "name": "Rainbow", "hub_type": "bus", "hub_scale": "stop", "amenity": null, "railway": null, "public_transport": "platform", "highway": "bus_stop", "aeroway": null, "building": null, "operator": null, "network": null, "centroid_lat": 5.534254, "centroid_lon": -0.2408351 }, "geometry": { "type": "Point", "coordinates": [ -0.2408351, 5.534254 ] } },
{ "type": "Feature", "properties": { "osmid": 5022942957, "element": "node", "name": "Mamprobi Shell", "hub_type": "bus", "hub_scale": "stop", "amenity": null, "railway": null, "public_transport": "platform", "highway": "bus_stop", "aeroway": null, "building": null, "operator": null, "network": null, "centroid_lat": 5.5337434, "centroid_lon": -0.2378132 }, "geometry": { "type": "Point", "coordinates": [ -0.2378132, 5.5337434 ] } },
{ "type": "Feature", "properties": { "osmid": 5022942958, "element": "node", "name": "Plaza", "hub_type": "bus", "hub_scale": "stop", "amenity": null, "railway": null, "public_transport": "platform", "highway": "bus_stop", "aeroway": null, "building": null, "operator": null, "network": null, "centroid_lat": 5.5342777, "centroid_lon": -0.2354874 }, "geometry": { "type": "Point", "coordinates": [ -0.2354874, 5.5342777 ] } },
{ "type": "Feature", "properties": { "osmid": 5022942959, "element": "node", "name": "Awotsɛ Kojo", "hub_type": "bus", "hub_scale": "stop", "amenity": null, "railway": null, "public_transport": "platform", "highway": "bus_stop", "aeroway": null, "building": null, "operator": null, "network": null, "centroid_lat": 5.5348332, "centroid_lon": -0.2329717 }, "geometry": { "type": "Point", "coordinates": [ -0.2329717, 5.5348332 ] } },
{ "type": "Feature", "properties": { "osmid": 5022942960, "element": "node", "name": "Total", "hub_type": "bus", "hub_scale": "stop", "amenity": null, "railway": null, "public_transport": "platform", "highway": "bus_stop", "aeroway": null, "building": null, "operator": null, "network": null, "centroid_lat": 5.5356418, "centroid_lon": -0.2289568 }, "geometry": { "type": "Point", "coordinates": [ -0.2289568, 5.5356418 ] } },
{ "type": "Feature", "properties": { "osmid": 5022942961, "element": "node", "name": "Agbogbloshie", "hub_type": "bus", "hub_scale": "stop", "amenity": null, "railway": null, "public_transport": "platform", "highway": "bus_stop", "aeroway": null, "building": null, "operator": null, "network": null, "centroid_lat": 5.5499371, "centroid_lon": -0.2163542 }, "geometry": { "type": "Point", "coordinates": [ -0.2163542, 5.5499371 ] } },
{ "type": "Feature", "properties": { "osmid": 5022957773, "element": "node", "name": null, "hub_type": "bus", "hub_scale": "stop", "amenity": null, "railway": null, "public_transport": "stop_position", "highway": null, "aeroway": null, "building": null, "operator": null, "network": null, "centroid_lat": 5.5496052, "centroid_lon": -0.2573355 }, "geometry": { "type": "Point", "coordinates": [ -0.2573355, 5.5496052 ] } },
{ "type": "Feature", "properties": { "osmid": 5022982313, "element": "node", "name": null, "hub_type": "bus", "hub_scale": "stop", "amenity": null, "railway": null, "public_transport": "platform", "highway": "bus_stop", "aeroway": null, "building": null, "operator": null, "network": null, "centroid_lat": 5.5935897, "centroid_lon": -0.2689553 }, "geometry": { "type": "Point", "coordinates": [ -0.2689553, 5.5935897 ] } },
{ "type": "Feature", "properties": { "osmid": 5022991849, "element": "node", "name": "Kwashieman Junction", "hub_type": "bus", "hub_scale": "stop", "amenity": null, "railway": null, "public_transport": "platform", "highway": "bus_stop", "aeroway": null, "building": null, "operator": null, "network": null, "centroid_lat": 5.5925846, "centroid_lon": -0.2684594 }, "geometry": { "type": "Point", "coordinates": [ -0.2684594, 5.5925846 ] } },
{ "type": "Feature", "properties": { "osmid": 5023043119, "element": "node", "name": "UTC", "hub_type": "bus", "hub_scale": "stop", "amenity": null, "railway": null, "public_transport": "platform", "highway": "bus_stop", "aeroway": null, "building": null, "operator": null, "network": null, "centroid_lat": 5.5380377, "centroid_lon": -0.2183589 }, "geometry": { "type": "Point", "coordinates": [ -0.2183589, 5.5380377 ] } },
{ "type": "Feature", "properties": { "osmid": 5023043120, "element": "node", "name": "Agbado", "hub_type": "bus", "hub_scale": "stop", "amenity": null, "railway": null, "public_transport": "platform", "highway": "bus_stop", "aeroway": null, "building": null, "operator": null, "network": null, "centroid_lat": 5.5385914, "centroid_lon": -0.2159085 }, "geometry": { "type": "Point", "coordinates": [ -0.2159085, 5.5385914 ] } },
{ "type": "Feature", "properties": { "osmid": 5023043421, "element": "node", "name": "Post Office", "hub_type": "bus", "hub_scale": "stop", "amenity": null, "railway": null, "public_transport": "platform", "highway": "bus_stop", "aeroway": null, "building": null, "operator": null, "network": null, "centroid_lat": 5.5422115, "centroid_lon": -0.2085836 }, "geometry": { "type": "Point", "coordinates": [ -0.2085836, 5.5422115 ] } },
{ "type": "Feature", "properties": { "osmid": 5023043422, "element": "node", "name": "Court", "hub_type": "bus", "hub_scale": "stop", "amenity": null, "railway": null, "public_transport": "platform", "highway": "bus_stop", "aeroway": null, "building": null, "operator": null, "network": null, "centroid_lat": 5.5442788, "centroid_lon": -0.2044875 }, "geometry": { "type": "Point", "coordinates": [ -0.2044875, 5.5442788 ] } },
{ "type": "Feature", "properties": { "osmid": 5023043423, "element": "node", "name": "Tema Station Union of GPRTU", "hub_type": "bus", "hub_scale": "stop", "amenity": null, "railway": null, "public_transport": "platform", "highway": "bus_stop", "aeroway": null, "building": null, "operator": null, "network": null, "centroid_lat": 5.5487001, "centroid_lon": -0.2007546 }, "geometry": { "type": "Point", "coordinates": [ -0.2007546, 5.5487001 ] } },
{ "type": "Feature", "properties": { "osmid": 5023055312, "element": "node", "name": null, "hub_type": "bus", "hub_scale": "stop", "amenity": null, "railway": null, "public_transport": "stop_position", "highway": null, "aeroway": null, "building": null, "operator": null, "network": null, "centroid_lat": 5.5417771, "centroid_lon": -0.2548484 }, "geometry": { "type": "Point", "coordinates": [ -0.2548484, 5.5417771 ] } },
{ "type": "Feature", "properties": { "osmid": 5023072580, "element": "node", "name": "Accra Bishop", "hub_type": "bus", "hub_scale": "stop", "amenity": null, "railway": null, "public_transport": "platform", "highway": "bus_stop", "aeroway": null, "building": null, "operator": null, "network": null, "centroid_lat": 5.5439312, "centroid_lon": -0.204513 }, "geometry": { "type": "Point", "coordinates": [ -0.204513, 5.5439312 ] } },
{ "type": "Feature", "properties": { "osmid": 5023072581, "element": "node", "name": "Lighthouse", "hub_type": "bus", "hub_scale": "stop", "amenity": null, "railway": null, "public_transport": "platform", "highway": "bus_stop", "aeroway": null, "building": null, "operator": null, "network": null, "centroid_lat": 5.5335867, "centroid_lon": -0.2117042 }, "geometry": { "type": "Point", "coordinates": [ -0.2117042, 5.5335867 ] } },
{ "type": "Feature", "properties": { "osmid": 5023072582, "element": "node", "name": "New Station", "hub_type": "bus", "hub_scale": "stop", "amenity": null, "railway": null, "public_transport": "platform", "highway": "bus_stop", "aeroway": null, "building": null, "operator": null, "network": null, "centroid_lat": 5.5354204, "centroid_lon": -0.2298012 }, "geometry": { "type": "Point", "coordinates": [ -0.2298012, 5.5354204 ] } },
{ "type": "Feature", "properties": { "osmid": 5023072583, "element": "node", "name": "Plaza", "hub_type": "bus", "hub_scale": "stop", "amenity": null, "railway": null, "public_transport": "platform", "highway": "bus_stop", "aeroway": null, "building": null, "operator": null, "network": null, "centroid_lat": 5.5340333, "centroid_lon": -0.2361789 }, "geometry": { "type": "Point", "coordinates": [ -0.2361789, 5.5340333 ] } },
{ "type": "Feature", "properties": { "osmid": 5023072584, "element": "node", "name": "Rainbow", "hub_type": "bus", "hub_scale": "stop", "amenity": null, "railway": null, "public_transport": "platform", "highway": "bus_stop", "aeroway": null, "building": null, "operator": null, "network": null, "centroid_lat": 5.5339757, "centroid_lon": -0.2400603 }, "geometry": { "type": "Point", "coordinates": [ -0.2400603, 5.5339757 ] } },
{ "type": "Feature", "properties": { "osmid": 5023072585, "element": "node", "name": "Abodwe", "hub_type": "bus", "hub_scale": "stop", "amenity": null, "railway": null, "public_transport": "platform", "highway": "bus_stop", "aeroway": null, "building": null, "operator": null, "network": null, "centroid_lat": 5.5346365, "centroid_lon": -0.2423192 }, "geometry": { "type": "Point", "coordinates": [ -0.2423192, 5.5346365 ] } },
{ "type": "Feature", "properties": { "osmid": 5023072586, "element": "node", "name": "IBE", "hub_type": "bus", "hub_scale": "stop", "amenity": null, "railway": null, "public_transport": "platform", "highway": "bus_stop", "aeroway": null, "building": null, "operator": null, "network": null, "centroid_lat": 5.539031, "centroid_lon": -0.2473816 }, "geometry": { "type": "Point", "coordinates": [ -0.2473816, 5.539031 ] } },
{ "type": "Feature", "properties": { "osmid": 5023072587, "element": "node", "name": "Abodoo Bridge", "hub_type": "bus", "hub_scale": "stop", "amenity": null, "railway": null, "public_transport": "platform", "highway": "bus_stop", "aeroway": null, "building": null, "operator": null, "network": null, "centroid_lat": 5.5396514, "centroid_lon": -0.2511376 }, "geometry": { "type": "Point", "coordinates": [ -0.2511376, 5.5396514 ] } },
{ "type": "Feature", "properties": { "osmid": 5023708438, "element": "node", "name": "Mtn office / Kaneshie Roundabout", "hub_type": "bus", "hub_scale": "stop", "amenity": null, "railway": null, "public_transport": "platform", "highway": "bus_stop", "aeroway": null, "building": null, "operator": null, "network": null, "centroid_lat": 5.5602999, "centroid_lon": -0.2273926 }, "geometry": { "type": "Point", "coordinates": [ -0.2273926, 5.5602999 ] } },
{ "type": "Feature", "properties": { "osmid": 5023708439, "element": "node", "name": "Kaneshie Roundabout", "hub_type": "bus", "hub_scale": "stop", "amenity": null, "railway": null, "public_transport": "platform", "highway": "bus_stop", "aeroway": null, "building": null, "operator": null, "network": null, "centroid_lat": 5.5604129, "centroid_lon": -0.2279677 }, "geometry": { "type": "Point", "coordinates": [ -0.2279677, 5.5604129 ] } },
{ "type": "Feature", "properties": { "osmid": 5023802897, "element": "node", "name": null, "hub_type": "bus", "hub_scale": "stop", "amenity": null, "railway": null, "public_transport": "platform", "highway": "bus_stop", "aeroway": null, "building": null, "operator": null, "network": null, "centroid_lat": 5.5819888, "centroid_lon": -0.2435332 }, "geometry": { "type": "Point", "coordinates": [ -0.2435332, 5.5819888 ] } },
{ "type": "Feature", "properties": { "osmid": 5023802905, "element": "node", "name": null, "hub_type": "bus", "hub_scale": "stop", "amenity": null, "railway": null, "public_transport": "platform", "highway": "bus_stop", "aeroway": null, "building": null, "operator": null, "network": null, "centroid_lat": 5.5834631, "centroid_lon": -0.2517039 }, "geometry": { "type": "Point", "coordinates": [ -0.2517039, 5.5834631 ] } },
{ "type": "Feature", "properties": { "osmid": 5023802907, "element": "node", "name": "Circle Station", "hub_type": "bus", "hub_scale": "stop", "amenity": null, "railway": null, "public_transport": "platform", "highway": "bus_stop", "aeroway": null, "building": null, "operator": null, "network": null, "centroid_lat": 5.5902909, "centroid_lon": -0.251954 }, "geometry": { "type": "Point", "coordinates": [ -0.251954, 5.5902909 ] } },
{ "type": "Feature", "properties": { "osmid": 5023802908, "element": "node", "name": "Alafia", "hub_type": "bus", "hub_scale": "stop", "amenity": null, "railway": null, "public_transport": "platform", "highway": "bus_stop", "aeroway": null, "building": null, "operator": null, "network": null, "centroid_lat": 5.592935, "centroid_lon": -0.2524053 }, "geometry": { "type": "Point", "coordinates": [ -0.2524053, 5.592935 ] } },
{ "type": "Feature", "properties": { "osmid": 5023802909, "element": "node", "name": "Bubuashie", "hub_type": "bus", "hub_scale": "stop", "amenity": null, "railway": null, "public_transport": "platform", "highway": "bus_stop", "aeroway": null, "building": null, "operator": null, "network": null, "centroid_lat": 5.5802895, "centroid_lon": -0.2398851 }, "geometry": { "type": "Point", "coordinates": [ -0.2398851, 5.5802895 ] } },
{ "type": "Feature", "properties": { "osmid": 5023802910, "element": "node", "name": "Pharmacy", "hub_type": "bus", "hub_scale": "stop", "amenity": null, "railway": null, "public_transport": "platform", "highway": "bus_stop", "aeroway": null, "building": null, "operator": null, "network": null, "centroid_lat": 5.5809688, "centroid_lon": -0.2408937 }, "geometry": { "type": "Point", "coordinates": [ -0.2408937, 5.5809688 ] } },
{ "type": "Feature", "properties": { "osmid": 5023802911, "element": "node", "name": "Atico", "hub_type": "bus", "hub_scale": "stop", "amenity": null, "railway": null, "public_transport": "platform", "highway": "bus_stop", "aeroway": null, "building": null, "operator": null, "network": null, "centroid_lat": 5.5807929, "centroid_lon": -0.2460569 }, "geometry": { "type": "Point", "coordinates": [ -0.2460569, 5.5807929 ] } },
{ "type": "Feature", "properties": { "osmid": 5023802913, "element": "node", "name": "Fadama Junction", "hub_type": "bus", "hub_scale": "stop", "amenity": null, "railway": null, "public_transport": "platform", "highway": "bus_stop", "aeroway": null, "building": null, "operator": null, "network": null, "centroid_lat": 5.5975737, "centroid_lon": -0.2541305 }, "geometry": { "type": "Point", "coordinates": [ -0.2541305, 5.5975737 ] } },
{ "type": "Feature", "properties": { "osmid": 5023802914, "element": "node", "name": "Abeka Lapaz", "hub_type": "bus", "hub_scale": "stop", "amenity": null, "railway": null, "public_transport": "platform", "highway": "bus_stop", "aeroway": null, "building": null, "operator": null, "network": null, "centroid_lat": 5.605819, "centroid_lon": -0.2494132 }, "geometry": { "type": "Point", "coordinates": [ -0.2494132, 5.605819 ] } },
{ "type": "Feature", "properties": { "osmid": 5023989055, "element": "node", "name": "Trade Fair (La)", "hub_type": "bus", "hub_scale": "stop", "amenity": null, "railway": null, "public_transport": "platform", "highway": "bus_stop", "aeroway": null, "building": null, "operator": null, "network": null, "centroid_lat": 5.5689028, "centroid_lon": -0.1483209 }, "geometry": { "type": "Point", "coordinates": [ -0.1483209, 5.5689028 ] } },
{ "type": "Feature", "properties": { "osmid": 5023989056, "element": "node", "name": "Akrowa House", "hub_type": "bus", "hub_scale": "stop", "amenity": null, "railway": null, "public_transport": "platform", "highway": "bus_stop", "aeroway": null, "building": null, "operator": null, "network": null, "centroid_lat": 5.5677204, "centroid_lon": -0.1490874 }, "geometry": { "type": "Point", "coordinates": [ -0.1490874, 5.5677204 ] } },
{ "type": "Feature", "properties": { "osmid": 5023989057, "element": "node", "name": "New Life", "hub_type": "bus", "hub_scale": "stop", "amenity": null, "railway": null, "public_transport": "platform", "highway": "bus_stop", "aeroway": null, "building": null, "operator": null, "network": null, "centroid_lat": 5.5663621, "centroid_lon": -0.1499365 }, "geometry": { "type": "Point", "coordinates": [ -0.1499365, 5.5663621 ] } },
{ "type": "Feature", "properties": { "osmid": 5023989058, "element": "node", "name": "Auntie Otsoo", "hub_type": "bus", "hub_scale": "stop", "amenity": null, "railway": null, "public_transport": "platform", "highway": "bus_stop", "aeroway": null, "building": null, "operator": null, "network": null, "centroid_lat": 5.5640919, "centroid_lon": -0.1514542 }, "geometry": { "type": "Point", "coordinates": [ -0.1514542, 5.5640919 ] } },
{ "type": "Feature", "properties": { "osmid": 5023989059, "element": "node", "name": "Agus", "hub_type": "bus", "hub_scale": "stop", "amenity": null, "railway": null, "public_transport": "platform", "highway": "bus_stop", "aeroway": null, "building": null, "operator": null, "network": null, "centroid_lat": 5.5633682, "centroid_lon": -0.1522827 }, "geometry": { "type": "Point", "coordinates": [ -0.1522827, 5.5633682 ] } },
{ "type": "Feature", "properties": { "osmid": 5023989060, "element": "node", "name": "Police Station La", "hub_type": "bus", "hub_scale": "stop", "amenity": null, "railway": null, "public_transport": "platform", "highway": "bus_stop", "aeroway": null, "building": null, "operator": null, "network": null, "centroid_lat": 5.5613583, "centroid_lon": -0.1531135 }, "geometry": { "type": "Point", "coordinates": [ -0.1531135, 5.5613583 ] } },
{ "type": "Feature", "properties": { "osmid": 5023989061, "element": "node", "name": "Nmotsaanaa", "hub_type": "bus", "hub_scale": "stop", "amenity": null, "railway": null, "public_transport": "platform", "highway": "bus_stop", "aeroway": null, "building": null, "operator": null, "network": null, "centroid_lat": 5.5597758, "centroid_lon": -0.1563093 }, "geometry": { "type": "Point", "coordinates": [ -0.1563093, 5.5597758 ] } },
{ "type": "Feature", "properties": { "osmid": 5023989062, "element": "node", "name": "Maami", "hub_type": "bus", "hub_scale": "stop", "amenity": null, "railway": null, "public_transport": "platform", "highway": "bus_stop", "aeroway": null, "building": null, "operator": null, "network": null, "centroid_lat": 5.5626208, "centroid_lon": -0.1494046 }, "geometry": { "type": "Point", "coordinates": [ -0.1494046, 5.5626208 ] } },
{ "type": "Feature", "properties": { "osmid": 5023989063, "element": "node", "name": "Total", "hub_type": "bus", "hub_scale": "stop", "amenity": null, "railway": null, "public_transport": "platform", "highway": "bus_stop", "aeroway": null, "building": null, "operator": null, "network": null, "centroid_lat": 5.5591382, "centroid_lon": -0.1599998 }, "geometry": { "type": "Point", "coordinates": [ -0.1599998, 5.5591382 ] } },
{ "type": "Feature", "properties": { "osmid": 5023989065, "element": "node", "name": "Polyclinic", "hub_type": "bus", "hub_scale": "stop", "amenity": null, "railway": null, "public_transport": "platform", "highway": "bus_stop", "aeroway": null, "building": null, "operator": null, "network": null, "centroid_lat": 5.5563841, "centroid_lon": -0.1666113 }, "geometry": { "type": "Point", "coordinates": [ -0.1666113, 5.5563841 ] } },
{ "type": "Feature", "properties": { "osmid": 5023989066, "element": "node", "name": "Curve", "hub_type": "bus", "hub_scale": "stop", "amenity": null, "railway": null, "public_transport": "platform", "highway": "bus_stop", "aeroway": null, "building": null, "operator": null, "network": null, "centroid_lat": 5.5558937, "centroid_lon": -0.1679298 }, "geometry": { "type": "Point", "coordinates": [ -0.1679298, 5.5558937 ] } },
{ "type": "Feature", "properties": { "osmid": 5023989067, "element": "node", "name": "Ako Adjei", "hub_type": "bus", "hub_scale": "stop", "amenity": null, "railway": null, "public_transport": "platform", "highway": "bus_stop", "aeroway": null, "building": null, "operator": null, "network": null, "centroid_lat": 5.5548222, "centroid_lon": -0.1708001 }, "geometry": { "type": "Point", "coordinates": [ -0.1708001, 5.5548222 ] } },
{ "type": "Feature", "properties": { "osmid": 5023989068, "element": "node", "name": "Rigal Bus stop", "hub_type": "bus", "hub_scale": "stop", "amenity": null, "railway": null, "public_transport": "platform", "highway": "bus_stop", "aeroway": null, "building": null, "operator": null, "network": null, "centroid_lat": 5.5530856, "centroid_lon": -0.1758602 }, "geometry": { "type": "Point", "coordinates": [ -0.1758602, 5.5530856 ] } },
{ "type": "Feature", "properties": { "osmid": 5023989069, "element": "node", "name": "Osu Police Station", "hub_type": "bus", "hub_scale": "stop", "amenity": null, "railway": null, "public_transport": "platform", "highway": "bus_stop", "aeroway": null, "building": null, "operator": null, "network": null, "centroid_lat": 5.5522288, "centroid_lon": -0.1781596 }, "geometry": { "type": "Point", "coordinates": [ -0.1781596, 5.5522288 ] } },
{ "type": "Feature", "properties": { "osmid": 5023989070, "element": "node", "name": "Anoorhor", "hub_type": "bus", "hub_scale": "stop", "amenity": null, "railway": null, "public_transport": "platform", "highway": "bus_stop", "aeroway": null, "building": null, "operator": null, "network": null, "centroid_lat": 5.5507254, "centroid_lon": -0.1822167 }, "geometry": { "type": "Point", "coordinates": [ -0.1822167, 5.5507254 ] } },
{ "type": "Feature", "properties": { "osmid": 5023989071, "element": "node", "name": "Second Stop", "hub_type": "bus", "hub_scale": "stop", "amenity": null, "railway": null, "public_transport": "platform", "highway": "bus_stop", "aeroway": null, "building": null, "operator": null, "network": null, "centroid_lat": 5.5506085, "centroid_lon": -0.1842492 }, "geometry": { "type": "Point", "coordinates": [ -0.1842492, 5.5506085 ] } },
{ "type": "Feature", "properties": { "osmid": 5023989072, "element": "node", "name": "First Stop", "hub_type": "bus", "hub_scale": "stop", "amenity": null, "railway": null, "public_transport": "platform", "highway": "bus_stop", "aeroway": null, "building": null, "operator": null, "network": null, "centroid_lat": 5.5496452, "centroid_lon": -0.18893 }, "geometry": { "type": "Point", "coordinates": [ -0.18893, 5.5496452 ] } },
{ "type": "Feature", "properties": { "osmid": 5024042172, "element": "node", "name": "Masalatsi", "hub_type": "bus", "hub_scale": "stop", "amenity": null, "railway": null, "public_transport": "platform", "highway": "bus_stop", "aeroway": null, "building": null, "operator": null, "network": null, "centroid_lat": 5.5827596, "centroid_lon": -0.2516194 }, "geometry": { "type": "Point", "coordinates": [ -0.2516194, 5.5827596 ] } },
{ "type": "Feature", "properties": { "osmid": 5024042173, "element": "node", "name": "Darkuman Station", "hub_type": "bus", "hub_scale": "stop", "amenity": null, "railway": null, "public_transport": "platform", "highway": "bus_stop", "aeroway": null, "building": null, "operator": null, "network": null, "centroid_lat": 5.5891697, "centroid_lon": -0.251327 }, "geometry": { "type": "Point", "coordinates": [ -0.251327, 5.5891697 ] } },
{ "type": "Feature", "properties": { "osmid": 5024042175, "element": "node", "name": "Fadama Junction", "hub_type": "bus", "hub_scale": "stop", "amenity": null, "railway": null, "public_transport": "platform", "highway": "bus_stop", "aeroway": null, "building": null, "operator": null, "network": null, "centroid_lat": 5.5974485, "centroid_lon": -0.2539859 }, "geometry": { "type": "Point", "coordinates": [ -0.2539859, 5.5974485 ] } },
{ "type": "Feature", "properties": { "osmid": 5024136421, "element": "node", "name": "Agric", "hub_type": "bus", "hub_scale": "stop", "amenity": null, "railway": null, "public_transport": "platform", "highway": "bus_stop", "aeroway": null, "building": null, "operator": null, "network": null, "centroid_lat": 5.5478404, "centroid_lon": -0.1985794 }, "geometry": { "type": "Point", "coordinates": [ -0.1985794, 5.5478404 ] } },
{ "type": "Feature", "properties": { "osmid": 5024136422, "element": "node", "name": "Ministries", "hub_type": "bus", "hub_scale": "stop", "amenity": null, "railway": null, "public_transport": "platform", "highway": "bus_stop", "aeroway": null, "building": null, "operator": null, "network": null, "centroid_lat": 5.5487527, "centroid_lon": -0.1946039 }, "geometry": { "type": "Point", "coordinates": [ -0.1946039, 5.5487527 ] } },
{ "type": "Feature", "properties": { "osmid": 5024136423, "element": "node", "name": "Castle Junction", "hub_type": "bus", "hub_scale": "stop", "amenity": null, "railway": null, "public_transport": "platform", "highway": "bus_stop", "aeroway": null, "building": null, "operator": null, "network": null, "centroid_lat": 5.5496242, "centroid_lon": -0.1895986 }, "geometry": { "type": "Point", "coordinates": [ -0.1895986, 5.5496242 ] } },
{ "type": "Feature", "properties": { "osmid": 5024136424, "element": "node", "name": "Second Stop/Ataa Adjettey", "hub_type": "bus", "hub_scale": "stop", "amenity": null, "railway": null, "public_transport": "platform", "highway": "bus_stop", "aeroway": null, "building": null, "operator": null, "network": null, "centroid_lat": 5.5504446, "centroid_lon": -0.1855936 }, "geometry": { "type": "Point", "coordinates": [ -0.1855936, 5.5504446 ] } },
{ "type": "Feature", "properties": { "osmid": 5024136425, "element": "node", "name": "Anoorhor", "hub_type": "bus", "hub_scale": "stop", "amenity": null, "railway": null, "public_transport": "platform", "highway": "bus_stop", "aeroway": null, "building": null, "operator": null, "network": null, "centroid_lat": 5.5508107, "centroid_lon": -0.1826001 }, "geometry": { "type": "Point", "coordinates": [ -0.1826001, 5.5508107 ] } },
{ "type": "Feature", "properties": { "osmid": 5024136426, "element": "node", "name": "Shell", "hub_type": "bus", "hub_scale": "stop", "amenity": null, "railway": null, "public_transport": "platform", "highway": "bus_stop", "aeroway": null, "building": null, "operator": null, "network": null, "centroid_lat": 5.5520707, "centroid_lon": -0.1789361 }, "geometry": { "type": "Point", "coordinates": [ -0.1789361, 5.5520707 ] } },
{ "type": "Feature", "properties": { "osmid": 5024136427, "element": "node", "name": "Rigal Bus stop 2", "hub_type": "bus", "hub_scale": "stop", "amenity": null, "railway": null, "public_transport": "platform", "highway": "bus_stop", "aeroway": null, "building": null, "operator": null, "network": null, "centroid_lat": 5.5531387, "centroid_lon": -0.1761098 }, "geometry": { "type": "Point", "coordinates": [ -0.1761098, 5.5531387 ] } },
{ "type": "Feature", "properties": { "osmid": 5024136428, "element": "node", "name": "Rigal Bus stop", "hub_type": "bus", "hub_scale": "stop", "amenity": null, "railway": null, "public_transport": "platform", "highway": "bus_stop", "aeroway": null, "building": null, "operator": null, "network": null, "centroid_lat": 5.5535776, "centroid_lon": -0.1749579 }, "geometry": { "type": "Point", "coordinates": [ -0.1749579, 5.5535776 ] } },
{ "type": "Feature", "properties": { "osmid": 5024136429, "element": "node", "name": "Ako Adjei", "hub_type": "bus", "hub_scale": "stop", "amenity": null, "railway": null, "public_transport": "platform", "highway": "bus_stop", "aeroway": null, "building": null, "operator": null, "network": null, "centroid_lat": 5.5547508, "centroid_lon": -0.1718619 }, "geometry": { "type": "Point", "coordinates": [ -0.1718619, 5.5547508 ] } },
{ "type": "Feature", "properties": { "osmid": 5024136430, "element": "node", "name": "Vet", "hub_type": "bus", "hub_scale": "stop", "amenity": null, "railway": null, "public_transport": "platform", "highway": "bus_stop", "aeroway": null, "building": null, "operator": null, "network": null, "centroid_lat": 5.5562514, "centroid_lon": -0.1677564 }, "geometry": { "type": "Point", "coordinates": [ -0.1677564, 5.5562514 ] } },
{ "type": "Feature", "properties": { "osmid": 5024136431, "element": "node", "name": "Polyclinic", "hub_type": "bus", "hub_scale": "stop", "amenity": null, "railway": null, "public_transport": "platform", "highway": "bus_stop", "aeroway": null, "building": null, "operator": null, "network": null, "centroid_lat": 5.5574193, "centroid_lon": -0.1646846 }, "geometry": { "type": "Point", "coordinates": [ -0.1646846, 5.5574193 ] } },
{ "type": "Feature", "properties": { "osmid": 5024136432, "element": "node", "name": "Sergeant Adjettey", "hub_type": "bus", "hub_scale": "stop", "amenity": null, "railway": null, "public_transport": "platform", "highway": "bus_stop", "aeroway": null, "building": null, "operator": null, "network": null, "centroid_lat": 5.5585986, "centroid_lon": -0.1611295 }, "geometry": { "type": "Point", "coordinates": [ -0.1611295, 5.5585986 ] } },
{ "type": "Feature", "properties": { "osmid": 5024136433, "element": "node", "name": "Maami", "hub_type": "bus", "hub_scale": "stop", "amenity": null, "railway": null, "public_transport": "platform", "highway": "bus_stop", "aeroway": null, "building": null, "operator": null, "network": null, "centroid_lat": 5.5604517, "centroid_lon": -0.1552892 }, "geometry": { "type": "Point", "coordinates": [ -0.1552892, 5.5604517 ] } },
{ "type": "Feature", "properties": { "osmid": 5024136434, "element": "node", "name": "Nmotsaanaa", "hub_type": "bus", "hub_scale": "stop", "amenity": null, "railway": null, "public_transport": "platform", "highway": "bus_stop", "aeroway": null, "building": null, "operator": null, "network": null, "centroid_lat": 5.560017, "centroid_lon": -0.1557013 }, "geometry": { "type": "Point", "coordinates": [ -0.1557013, 5.560017 ] } },
{ "type": "Feature", "properties": { "osmid": 5024136435, "element": "node", "name": "Police Station La", "hub_type": "bus", "hub_scale": "stop", "amenity": null, "railway": null, "public_transport": "platform", "highway": "bus_stop", "aeroway": null, "building": null, "operator": null, "network": null, "centroid_lat": 5.5614219, "centroid_lon": -0.1531843 }, "geometry": { "type": "Point", "coordinates": [ -0.1531843, 5.5614219 ] } },
{ "type": "Feature", "properties": { "osmid": 5024136436, "element": "node", "name": "Agus", "hub_type": "bus", "hub_scale": "stop", "amenity": null, "railway": null, "public_transport": "platform", "highway": "bus_stop", "aeroway": null, "building": null, "operator": null, "network": null, "centroid_lat": 5.5633526, "centroid_lon": -0.1527762 }, "geometry": { "type": "Point", "coordinates": [ -0.1527762, 5.5633526 ] } },
{ "type": "Feature", "properties": { "osmid": 5024136437, "element": "node", "name": "New life", "hub_type": "bus", "hub_scale": "stop", "amenity": null, "railway": null, "public_transport": "platform", "highway": "bus_stop", "aeroway": null, "building": null, "operator": null, "network": null, "centroid_lat": 5.5663582, "centroid_lon": -0.1500602 }, "geometry": { "type": "Point", "coordinates": [ -0.1500602, 5.5663582 ] } },
{ "type": "Feature", "properties": { "osmid": 5024234901, "element": "node", "name": "Sukura", "hub_type": "bus", "hub_scale": "stop", "amenity": null, "railway": null, "public_transport": "platform", "highway": "bus_stop", "aeroway": null, "building": null, "operator": null, "network": null, "centroid_lat": 5.5506217, "centroid_lon": -0.2492943 }, "geometry": { "type": "Point", "coordinates": [ -0.2492943, 5.5506217 ] } },
{ "type": "Feature", "properties": { "osmid": 5024234902, "element": "node", "name": "Borla Junction", "hub_type": "bus", "hub_scale": "stop", "amenity": null, "railway": null, "public_transport": "platform", "highway": "bus_stop", "aeroway": null, "building": null, "operator": null, "network": null, "centroid_lat": 5.5509311, "centroid_lon": -0.2476184 }, "geometry": { "type": "Point", "coordinates": [ -0.2476184, 5.5509311 ] } },
{ "type": "Feature", "properties": { "osmid": 5024234903, "element": "node", "name": "Banku Junction", "hub_type": "bus", "hub_scale": "stop", "amenity": null, "railway": null, "public_transport": "platform", "highway": "bus_stop", "aeroway": null, "building": null, "operator": null, "network": null, "centroid_lat": 5.5537769, "centroid_lon": -0.2475504 }, "geometry": { "type": "Point", "coordinates": [ -0.2475504, 5.5537769 ] } },
{ "type": "Feature", "properties": { "osmid": 5024234904, "element": "node", "name": "Liberio", "hub_type": "bus", "hub_scale": "stop", "amenity": null, "railway": null, "public_transport": "platform", "highway": "bus_stop", "aeroway": null, "building": null, "operator": null, "network": null, "centroid_lat": 5.5556787, "centroid_lon": -0.2468583 }, "geometry": { "type": "Point", "coordinates": [ -0.2468583, 5.5556787 ] } },
{ "type": "Feature", "properties": { "osmid": 5024234905, "element": "node", "name": "Junction", "hub_type": "bus", "hub_scale": "stop", "amenity": null, "railway": null, "public_transport": "platform", "highway": "bus_stop", "aeroway": null, "building": null, "operator": null, "network": null, "centroid_lat": 5.5561071, "centroid_lon": -0.2432794 }, "geometry": { "type": "Point", "coordinates": [ -0.2432794, 5.5561071 ] } },
{ "type": "Feature", "properties": { "osmid": 5024234906, "element": "node", "name": "Market", "hub_type": "bus", "hub_scale": "stop", "amenity": null, "railway": null, "public_transport": "platform", "highway": "bus_stop", "aeroway": null, "building": null, "operator": null, "network": null, "centroid_lat": 5.5528102, "centroid_lon": -0.2370074 }, "geometry": { "type": "Point", "coordinates": [ -0.2370074, 5.5528102 ] } },
{ "type": "Feature", "properties": { "osmid": 5024303419, "element": "node", "name": "Ussher Fort", "hub_type": "bus", "hub_scale": "stop", "amenity": null, "railway": null, "public_transport": "platform", "highway": "bus_stop", "aeroway": null, "building": null, "operator": null, "network": null, "centroid_lat": 5.5383409, "centroid_lon": -0.208928 }, "geometry": { "type": "Point", "coordinates": [ -0.208928, 5.5383409 ] } },
{ "type": "Feature", "properties": { "osmid": 5024303420, "element": "node", "name": "One Way", "hub_type": "bus", "hub_scale": "stop", "amenity": null, "railway": null, "public_transport": "platform", "highway": "bus_stop", "aeroway": null, "building": null, "operator": null, "network": null, "centroid_lat": 5.5370285, "centroid_lon": -0.2102472 }, "geometry": { "type": "Point", "coordinates": [ -0.2102472, 5.5370285 ] } },
{ "type": "Feature", "properties": { "osmid": 5024320813, "element": "node", "name": "Container", "hub_type": "bus", "hub_scale": "stop", "amenity": null, "railway": null, "public_transport": "platform", "highway": "bus_stop", "aeroway": null, "building": null, "operator": null, "network": null, "centroid_lat": 5.6129948, "centroid_lon": -0.2449816 }, "geometry": { "type": "Point", "coordinates": [ -0.2449816, 5.6129948 ] } },
{ "type": "Feature", "properties": { "osmid": 5024437366, "element": "node", "name": "Tabora Number2", "hub_type": "bus", "hub_scale": "stop", "amenity": null, "railway": null, "public_transport": "platform", "highway": "bus_stop", "aeroway": null, "building": null, "operator": null, "network": null, "centroid_lat": 5.6060211, "centroid_lon": -0.2599497 }, "geometry": { "type": "Point", "coordinates": [ -0.2599497, 5.6060211 ] } },
{ "type": "Feature", "properties": { "osmid": 5024437368, "element": "node", "name": "Ekutu Junction", "hub_type": "bus", "hub_scale": "stop", "amenity": null, "railway": null, "public_transport": "platform", "highway": "bus_stop", "aeroway": null, "building": null, "operator": null, "network": null, "centroid_lat": 5.5684977, "centroid_lon": -0.2370347 }, "geometry": { "type": "Point", "coordinates": [ -0.2370347, 5.5684977 ] } },
{ "type": "Feature", "properties": { "osmid": 5024437369, "element": "node", "name": "Mighty Power", "hub_type": "bus", "hub_scale": "stop", "amenity": null, "railway": null, "public_transport": "platform", "highway": "bus_stop", "aeroway": null, "building": null, "operator": null, "network": null, "centroid_lat": 5.5702616, "centroid_lon": -0.2375234 }, "geometry": { "type": "Point", "coordinates": [ -0.2375234, 5.5702616 ] } },
{ "type": "Feature", "properties": { "osmid": 5024437370, "element": "node", "name": "Bishop", "hub_type": "bus", "hub_scale": "stop", "amenity": null, "railway": null, "public_transport": "platform", "highway": "bus_stop", "aeroway": null, "building": null, "operator": null, "network": null, "centroid_lat": 5.5720977, "centroid_lon": -0.2389246 }, "geometry": { "type": "Point", "coordinates": [ -0.2389246, 5.5720977 ] } },
{ "type": "Feature", "properties": { "osmid": 5024437371, "element": "node", "name": "Post Office", "hub_type": "bus", "hub_scale": "stop", "amenity": null, "railway": null, "public_transport": "platform", "highway": "bus_stop", "aeroway": null, "building": null, "operator": null, "network": null, "centroid_lat": 5.5819757, "centroid_lon": -0.2513445 }, "geometry": { "type": "Point", "coordinates": [ -0.2513445, 5.5819757 ] } },
{ "type": "Feature", "properties": { "osmid": 5024610769, "element": "node", "name": "Tabora Number 4", "hub_type": "bus", "hub_scale": "stop", "amenity": null, "railway": null, "public_transport": "platform", "highway": "bus_stop", "aeroway": null, "building": null, "operator": null, "network": null, "centroid_lat": 5.6088704, "centroid_lon": -0.2603914 }, "geometry": { "type": "Point", "coordinates": [ -0.2603914, 5.6088704 ] } },
{ "type": "Feature", "properties": { "osmid": 5024610770, "element": "node", "name": "Tabora Number 1", "hub_type": "bus", "hub_scale": "stop", "amenity": null, "railway": null, "public_transport": "platform", "highway": "bus_stop", "aeroway": null, "building": null, "operator": null, "network": null, "centroid_lat": 5.6036937, "centroid_lon": -0.2577134 }, "geometry": { "type": "Point", "coordinates": [ -0.2577134, 5.6036937 ] } },
{ "type": "Feature", "properties": { "osmid": 5024610771, "element": "node", "name": "Alafia", "hub_type": "bus", "hub_scale": "stop", "amenity": null, "railway": null, "public_transport": "platform", "highway": "bus_stop", "aeroway": null, "building": null, "operator": null, "network": null, "centroid_lat": 5.5934497, "centroid_lon": -0.252239 }, "geometry": { "type": "Point", "coordinates": [ -0.252239, 5.5934497 ] } },
{ "type": "Feature", "properties": { "osmid": 5024610772, "element": "node", "name": "Circle Station", "hub_type": "bus", "hub_scale": "stop", "amenity": null, "railway": null, "public_transport": "platform", "highway": "bus_stop", "aeroway": null, "building": null, "operator": null, "network": null, "centroid_lat": 5.590927, "centroid_lon": -0.252216 }, "geometry": { "type": "Point", "coordinates": [ -0.252216, 5.590927 ] } },
{ "type": "Feature", "properties": { "osmid": 5024693061, "element": "node", "name": "Arena", "hub_type": "bus", "hub_scale": "stop", "amenity": null, "railway": null, "public_transport": "platform", "highway": "bus_stop", "aeroway": null, "building": null, "operator": null, "network": null, "centroid_lat": 5.5451932, "centroid_lon": -0.2158415 }, "geometry": { "type": "Point", "coordinates": [ -0.2158415, 5.5451932 ] } },
{ "type": "Feature", "properties": { "osmid": 5024693062, "element": "node", "name": "Junction", "hub_type": "bus", "hub_scale": "stop", "amenity": null, "railway": null, "public_transport": "platform", "highway": "bus_stop", "aeroway": null, "building": null, "operator": null, "network": null, "centroid_lat": 5.5417736, "centroid_lon": -0.2177343 }, "geometry": { "type": "Point", "coordinates": [ -0.2177343, 5.5417736 ] } },
{ "type": "Feature", "properties": { "osmid": 5024693063, "element": "node", "name": "Agbado", "hub_type": "bus", "hub_scale": "stop", "amenity": null, "railway": null, "public_transport": "platform", "highway": "bus_stop", "aeroway": null, "building": null, "operator": null, "network": null, "centroid_lat": 5.5387082, "centroid_lon": -0.2163064 }, "geometry": { "type": "Point", "coordinates": [ -0.2163064, 5.5387082 ] } },
{ "type": "Feature", "properties": { "osmid": 5024762423, "element": "node", "name": "SSNIT", "hub_type": "bus", "hub_scale": "stop", "amenity": null, "railway": null, "public_transport": "platform", "highway": "bus_stop", "aeroway": null, "building": null, "operator": null, "network": null, "centroid_lat": 5.5630077, "centroid_lon": -0.1823144 }, "geometry": { "type": "Point", "coordinates": [ -0.1823144, 5.5630077 ] } },
{ "type": "Feature", "properties": { "osmid": 5024762424, "element": "node", "name": "Afridom", "hub_type": "bus", "hub_scale": "stop", "amenity": null, "railway": null, "public_transport": "platform", "highway": "bus_stop", "aeroway": null, "building": null, "operator": null, "network": null, "centroid_lat": 5.5650387, "centroid_lon": -0.1819719 }, "geometry": { "type": "Point", "coordinates": [ -0.1819719, 5.5650387 ] } },
{ "type": "Feature", "properties": { "osmid": 5024762425, "element": "node", "name": "PIWC Accra", "hub_type": "bus", "hub_scale": "stop", "amenity": null, "railway": null, "public_transport": "platform", "highway": "bus_stop", "aeroway": null, "building": null, "operator": null, "network": null, "centroid_lat": 5.5744678, "centroid_lon": -0.2083755 }, "geometry": { "type": "Point", "coordinates": [ -0.2083755, 5.5744678 ] } },
{ "type": "Feature", "properties": { "osmid": 5024762426, "element": "node", "name": "Bayport", "hub_type": "bus", "hub_scale": "stop", "amenity": null, "railway": null, "public_transport": "platform", "highway": "bus_stop", "aeroway": null, "building": null, "operator": null, "network": null, "centroid_lat": 5.5760332, "centroid_lon": -0.2087571 }, "geometry": { "type": "Point", "coordinates": [ -0.2087571, 5.5760332 ] } },
{ "type": "Feature", "properties": { "osmid": 5024785670, "element": "node", "name": "Mental", "hub_type": "bus", "hub_scale": "stop", "amenity": null, "railway": null, "public_transport": "platform", "highway": "bus_stop", "aeroway": null, "building": null, "operator": null, "network": null, "centroid_lat": 5.5626314, "centroid_lon": -0.2045667 }, "geometry": { "type": "Point", "coordinates": [ -0.2045667, 5.5626314 ] } },
{ "type": "Feature", "properties": { "osmid": 5024785671, "element": "node", "name": "Mental", "hub_type": "bus", "hub_scale": "stop", "amenity": null, "railway": null, "public_transport": "platform", "highway": "bus_stop", "aeroway": null, "building": null, "operator": null, "network": null, "centroid_lat": 5.5624636, "centroid_lon": -0.2045165 }, "geometry": { "type": "Point", "coordinates": [ -0.2045165, 5.5624636 ] } },
{ "type": "Feature", "properties": { "osmid": 5024785672, "element": "node", "name": "Pokuase-Amasaman Station", "hub_type": "bus", "hub_scale": "stop", "amenity": null, "railway": null, "public_transport": "platform", "highway": "bus_stop", "aeroway": null, "building": null, "operator": null, "network": null, "centroid_lat": 5.609563, "centroid_lon": -0.2471755 }, "geometry": { "type": "Point", "coordinates": [ -0.2471755, 5.609563 ] } },
{ "type": "Feature", "properties": { "osmid": 5024785673, "element": "node", "name": "Total", "hub_type": "bus", "hub_scale": "stop", "amenity": null, "railway": null, "public_transport": "platform", "highway": "bus_stop", "aeroway": null, "building": null, "operator": null, "network": null, "centroid_lat": 5.6090094, "centroid_lon": -0.2266461 }, "geometry": { "type": "Point", "coordinates": [ -0.2266461, 5.6090094 ] } },
{ "type": "Feature", "properties": { "osmid": 5024785674, "element": "node", "name": "Tesano Police Station", "hub_type": "bus", "hub_scale": "stop", "amenity": null, "railway": null, "public_transport": "platform", "highway": "bus_stop", "aeroway": null, "building": null, "operator": null, "network": null, "centroid_lat": 5.6031436, "centroid_lon": -0.225585 }, "geometry": { "type": "Point", "coordinates": [ -0.225585, 5.6031436 ] } },
{ "type": "Feature", "properties": { "osmid": 5024785675, "element": "node", "name": "Caprice Juntion", "hub_type": "bus", "hub_scale": "stop", "amenity": null, "railway": null, "public_transport": "platform", "highway": "bus_stop", "aeroway": null, "building": null, "operator": null, "network": null, "centroid_lat": 5.5813779, "centroid_lon": -0.2158519 }, "geometry": { "type": "Point", "coordinates": [ -0.2158519, 5.5813779 ] } },
{ "type": "Feature", "properties": { "osmid": 5025015471, "element": "node", "name": "Flamingo", "hub_type": "bus", "hub_scale": "stop", "amenity": null, "railway": null, "public_transport": "platform", "highway": "bus_stop", "aeroway": null, "building": null, "operator": null, "network": null, "centroid_lat": 5.5580445, "centroid_lon": -0.2465146 }, "geometry": { "type": "Point", "coordinates": [ -0.2465146, 5.5580445 ] } },
{ "type": "Feature", "properties": { "osmid": 5025015472, "element": "node", "name": "Zongo Junction", "hub_type": "bus", "hub_scale": "stop", "amenity": null, "railway": null, "public_transport": "platform", "highway": "bus_stop", "aeroway": null, "building": null, "operator": null, "network": null, "centroid_lat": 5.5575898, "centroid_lon": -0.240765 }, "geometry": { "type": "Point", "coordinates": [ -0.240765, 5.5575898 ] } },
{ "type": "Feature", "properties": { "osmid": 5025015473, "element": "node", "name": "Great Lamptey", "hub_type": "bus", "hub_scale": "stop", "amenity": null, "railway": null, "public_transport": "platform", "highway": "bus_stop", "aeroway": null, "building": null, "operator": null, "network": null, "centroid_lat": 5.5567781, "centroid_lon": -0.2372041 }, "geometry": { "type": "Point", "coordinates": [ -0.2372041, 5.5567781 ] } },
{ "type": "Feature", "properties": { "osmid": 5025015474, "element": "node", "name": "Laskia", "hub_type": "bus", "hub_scale": "stop", "amenity": null, "railway": null, "public_transport": "platform", "highway": "bus_stop", "aeroway": null, "building": null, "operator": null, "network": null, "centroid_lat": 5.5563944, "centroid_lon": -0.2355699 }, "geometry": { "type": "Point", "coordinates": [ -0.2355699, 5.5563944 ] } },
{ "type": "Feature", "properties": { "osmid": 5025202269, "element": "node", "name": "Accra Post Office", "hub_type": "bus", "hub_scale": "stop", "amenity": null, "railway": null, "public_transport": "platform", "highway": "bus_stop", "aeroway": null, "building": null, "operator": null, "network": null, "centroid_lat": 5.5405002, "centroid_lon": -0.2089857 }, "geometry": { "type": "Point", "coordinates": [ -0.2089857, 5.5405002 ] } },
{ "type": "Feature", "properties": { "osmid": 5025202270, "element": "node", "name": "Akoto Lante", "hub_type": "bus", "hub_scale": "stop", "amenity": null, "railway": null, "public_transport": "platform", "highway": "bus_stop", "aeroway": null, "building": null, "operator": null, "network": null, "centroid_lat": 5.5388694, "centroid_lon": -0.2131227 }, "geometry": { "type": "Point", "coordinates": [ -0.2131227, 5.5388694 ] } },
{ "type": "Feature", "properties": { "osmid": 5025202271, "element": "node", "name": "Soko", "hub_type": "bus", "hub_scale": "stop", "amenity": null, "railway": null, "public_transport": "platform", "highway": "bus_stop", "aeroway": null, "building": null, "operator": null, "network": null, "centroid_lat": 5.5451638, "centroid_lon": -0.2524844 }, "geometry": { "type": "Point", "coordinates": [ -0.2524844, 5.5451638 ] } },
{ "type": "Feature", "properties": { "osmid": 5025235390, "element": "node", "name": null, "hub_type": "bus", "hub_scale": "stop", "amenity": null, "railway": null, "public_transport": "stop_position", "highway": null, "aeroway": null, "building": null, "operator": null, "network": null, "centroid_lat": 5.540457, "centroid_lon": -0.2089954 }, "geometry": { "type": "Point", "coordinates": [ -0.2089954, 5.540457 ] } },
{ "type": "Feature", "properties": { "osmid": 5025249683, "element": "node", "name": "Soko Junction", "hub_type": "bus", "hub_scale": "stop", "amenity": null, "railway": null, "public_transport": "platform", "highway": "bus_stop", "aeroway": null, "building": null, "operator": null, "network": null, "centroid_lat": 5.5453241, "centroid_lon": -0.2486091 }, "geometry": { "type": "Point", "coordinates": [ -0.2486091, 5.5453241 ] } },
{ "type": "Feature", "properties": { "osmid": 5025249684, "element": "node", "name": "Premier", "hub_type": "bus", "hub_scale": "stop", "amenity": null, "railway": null, "public_transport": "platform", "highway": "bus_stop", "aeroway": null, "building": null, "operator": null, "network": null, "centroid_lat": 5.542919, "centroid_lon": -0.2448234 }, "geometry": { "type": "Point", "coordinates": [ -0.2448234, 5.542919 ] } },
{ "type": "Feature", "properties": { "osmid": 5025314720, "element": "node", "name": "Tudu", "hub_type": "bus", "hub_scale": "stop", "amenity": null, "railway": null, "public_transport": "platform", "highway": "bus_stop", "aeroway": null, "building": null, "operator": null, "network": null, "centroid_lat": 5.5512188, "centroid_lon": -0.2079041 }, "geometry": { "type": "Point", "coordinates": [ -0.2079041, 5.5512188 ] } },
{ "type": "Feature", "properties": { "osmid": 5025315221, "element": "node", "name": "UTC", "hub_type": "bus", "hub_scale": "stop", "amenity": null, "railway": null, "public_transport": "platform", "highway": "bus_stop", "aeroway": null, "building": null, "operator": null, "network": null, "centroid_lat": 5.5379275, "centroid_lon": -0.2179684 }, "geometry": { "type": "Point", "coordinates": [ -0.2179684, 5.5379275 ] } },
{ "type": "Feature", "properties": { "osmid": 5025315234, "element": "node", "name": null, "hub_type": "bus", "hub_scale": "stop", "amenity": null, "railway": null, "public_transport": "platform", "highway": "bus_stop", "aeroway": null, "building": null, "operator": null, "network": null, "centroid_lat": 5.5506876, "centroid_lon": -0.2300155 }, "geometry": { "type": "Point", "coordinates": [ -0.2300155, 5.5506876 ] } },
{ "type": "Feature", "properties": { "osmid": 5025315250, "element": "node", "name": "Kaneshie Foot Bridge", "hub_type": "bus", "hub_scale": "stop", "amenity": null, "railway": null, "public_transport": "platform", "highway": "bus_stop", "aeroway": null, "building": null, "operator": null, "network": null, "centroid_lat": 5.5651668, "centroid_lon": -0.2359506 }, "geometry": { "type": "Point", "coordinates": [ -0.2359506, 5.5651668 ] } },
{ "type": "Feature", "properties": { "osmid": 5025315251, "element": "node", "name": "Makola Tudu", "hub_type": "bus", "hub_scale": "stop", "amenity": null, "railway": null, "public_transport": "platform", "highway": "bus_stop", "aeroway": null, "building": null, "operator": null, "network": null, "centroid_lat": 5.5476549, "centroid_lon": -0.2070851 }, "geometry": { "type": "Point", "coordinates": [ -0.2070851, 5.5476549 ] } },
{ "type": "Feature", "properties": { "osmid": 5025315252, "element": "node", "name": "Market", "hub_type": "bus", "hub_scale": "stop", "amenity": null, "railway": null, "public_transport": "platform", "highway": "bus_stop", "aeroway": null, "building": null, "operator": null, "network": null, "centroid_lat": 5.5446021, "centroid_lon": -0.2067987 }, "geometry": { "type": "Point", "coordinates": [ -0.2067987, 5.5446021 ] } },
{ "type": "Feature", "properties": { "osmid": 5025315253, "element": "node", "name": "Melcom", "hub_type": "bus", "hub_scale": "stop", "amenity": null, "railway": null, "public_transport": "platform", "highway": "bus_stop", "aeroway": null, "building": null, "operator": null, "network": null, "centroid_lat": 5.5431965, "centroid_lon": -0.2070333 }, "geometry": { "type": "Point", "coordinates": [ -0.2070333, 5.5431965 ] } },
{ "type": "Feature", "properties": { "osmid": 5025315254, "element": "node", "name": null, "hub_type": "bus", "hub_scale": "stop", "amenity": null, "railway": null, "public_transport": "platform", "highway": "bus_stop", "aeroway": null, "building": null, "operator": null, "network": null, "centroid_lat": 5.536337, "centroid_lon": -0.2121381 }, "geometry": { "type": "Point", "coordinates": [ -0.2121381, 5.536337 ] } },
{ "type": "Feature", "properties": { "osmid": 5025315255, "element": "node", "name": "Agbado", "hub_type": "bus", "hub_scale": "stop", "amenity": null, "railway": null, "public_transport": "platform", "highway": "bus_stop", "aeroway": null, "building": null, "operator": null, "network": null, "centroid_lat": 5.5385878, "centroid_lon": -0.2151171 }, "geometry": { "type": "Point", "coordinates": [ -0.2151171, 5.5385878 ] } },
{ "type": "Feature", "properties": { "osmid": 5025315256, "element": "node", "name": "Boxing Arena", "hub_type": "bus", "hub_scale": "stop", "amenity": null, "railway": null, "public_transport": "platform", "highway": "bus_stop", "aeroway": null, "building": null, "operator": null, "network": null, "centroid_lat": 5.5373444, "centroid_lon": -0.2206202 }, "geometry": { "type": "Point", "coordinates": [ -0.2206202, 5.5373444 ] } },
{ "type": "Feature", "properties": { "osmid": 5025315895, "element": "node", "name": "Camara (Station)", "hub_type": "bus", "hub_scale": "stop", "amenity": null, "railway": null, "public_transport": "platform", "highway": "bus_stop", "aeroway": null, "building": null, "operator": null, "network": null, "centroid_lat": 5.5366004, "centroid_lon": -0.2552293 }, "geometry": { "type": "Point", "coordinates": [ -0.2552293, 5.5366004 ] } },
{ "type": "Feature", "properties": { "osmid": 5025315896, "element": "node", "name": "Mangoase", "hub_type": "bus", "hub_scale": "stop", "amenity": null, "railway": null, "public_transport": "platform", "highway": "bus_stop", "aeroway": null, "building": null, "operator": null, "network": null, "centroid_lat": 5.5356807, "centroid_lon": -0.2526934 }, "geometry": { "type": "Point", "coordinates": [ -0.2526934, 5.5356807 ] } },
{ "type": "Feature", "properties": { "osmid": 5025315897, "element": "node", "name": "Camara Junction", "hub_type": "bus", "hub_scale": "stop", "amenity": null, "railway": null, "public_transport": "platform", "highway": "bus_stop", "aeroway": null, "building": null, "operator": null, "network": null, "centroid_lat": 5.5356732, "centroid_lon": -0.250495 }, "geometry": { "type": "Point", "coordinates": [ -0.250495, 5.5356732 ] } },
{ "type": "Feature", "properties": { "osmid": 5025315898, "element": "node", "name": "Nku Kpotoi", "hub_type": "bus", "hub_scale": "stop", "amenity": null, "railway": null, "public_transport": "platform", "highway": "bus_stop", "aeroway": null, "building": null, "operator": null, "network": null, "centroid_lat": 5.535621, "centroid_lon": -0.2486018 }, "geometry": { "type": "Point", "coordinates": [ -0.2486018, 5.535621 ] } },
{ "type": "Feature", "properties": { "osmid": 5025315899, "element": "node", "name": "IBE (Camara)", "hub_type": "bus", "hub_scale": "stop", "amenity": null, "railway": null, "public_transport": "platform", "highway": "bus_stop", "aeroway": null, "building": null, "operator": null, "network": null, "centroid_lat": 5.5356405, "centroid_lon": -0.2475464 }, "geometry": { "type": "Point", "coordinates": [ -0.2475464, 5.5356405 ] } },
{ "type": "Feature", "properties": { "osmid": 5025315900, "element": "node", "name": "New Station", "hub_type": "bus", "hub_scale": "stop", "amenity": null, "railway": null, "public_transport": "platform", "highway": "bus_stop", "aeroway": null, "building": null, "operator": null, "network": null, "centroid_lat": 5.5353892, "centroid_lon": -0.2302348 }, "geometry": { "type": "Point", "coordinates": [ -0.2302348, 5.5353892 ] } },
{ "type": "Feature", "properties": { "osmid": 5025315901, "element": "node", "name": "Accra Salaga", "hub_type": "bus", "hub_scale": "stop", "amenity": null, "railway": null, "public_transport": "platform", "highway": "bus_stop", "aeroway": null, "building": null, "operator": null, "network": null, "centroid_lat": 5.5405534, "centroid_lon": -0.2088476 }, "geometry": { "type": "Point", "coordinates": [ -0.2088476, 5.5405534 ] } },
{ "type": "Feature", "properties": { "osmid": 5025334219, "element": "node", "name": "Salaga Market", "hub_type": "bus", "hub_scale": "stop", "amenity": null, "railway": null, "public_transport": "platform", "highway": "bus_stop", "aeroway": null, "building": null, "operator": null, "network": null, "centroid_lat": 5.5397822, "centroid_lon": -0.2090679 }, "geometry": { "type": "Point", "coordinates": [ -0.2090679, 5.5397822 ] } },
{ "type": "Feature", "properties": { "osmid": 5025334220, "element": "node", "name": "IBE (Camara)", "hub_type": "bus", "hub_scale": "stop", "amenity": null, "railway": null, "public_transport": "platform", "highway": "bus_stop", "aeroway": null, "building": null, "operator": null, "network": null, "centroid_lat": 5.5355811, "centroid_lon": -0.2476417 }, "geometry": { "type": "Point", "coordinates": [ -0.2476417, 5.5355811 ] } },
{ "type": "Feature", "properties": { "osmid": 5025335721, "element": "node", "name": "Nku Kpotoi", "hub_type": "bus", "hub_scale": "stop", "amenity": null, "railway": null, "public_transport": "platform", "highway": "bus_stop", "aeroway": null, "building": null, "operator": null, "network": null, "centroid_lat": 5.535594, "centroid_lon": -0.2494062 }, "geometry": { "type": "Point", "coordinates": [ -0.2494062, 5.535594 ] } },
{ "type": "Feature", "properties": { "osmid": 5025335722, "element": "node", "name": "Camara Junction", "hub_type": "bus", "hub_scale": "stop", "amenity": null, "railway": null, "public_transport": "platform", "highway": "bus_stop", "aeroway": null, "building": null, "operator": null, "network": null, "centroid_lat": 5.5356362, "centroid_lon": -0.2507542 }, "geometry": { "type": "Point", "coordinates": [ -0.2507542, 5.5356362 ] } },
{ "type": "Feature", "properties": { "osmid": 5025335723, "element": "node", "name": "Mangoase", "hub_type": "bus", "hub_scale": "stop", "amenity": null, "railway": null, "public_transport": "platform", "highway": "bus_stop", "aeroway": null, "building": null, "operator": null, "network": null, "centroid_lat": 5.5356756, "centroid_lon": -0.2529188 }, "geometry": { "type": "Point", "coordinates": [ -0.2529188, 5.5356756 ] } },
{ "type": "Feature", "properties": { "osmid": 5025335724, "element": "node", "name": "Camara", "hub_type": "bus", "hub_scale": "stop", "amenity": null, "railway": null, "public_transport": "platform", "highway": "bus_stop", "aeroway": null, "building": null, "operator": null, "network": null, "centroid_lat": 5.5370903, "centroid_lon": -0.2568237 }, "geometry": { "type": "Point", "coordinates": [ -0.2568237, 5.5370903 ] } },
{ "type": "Feature", "properties": { "osmid": 5025776030, "element": "node", "name": "Graphic", "hub_type": "bus", "hub_scale": "stop", "amenity": null, "railway": null, "public_transport": "platform", "highway": "bus_stop", "aeroway": null, "building": null, "operator": null, "network": null, "centroid_lat": 5.5555071, "centroid_lon": -0.2197027 }, "geometry": { "type": "Point", "coordinates": [ -0.2197027, 5.5555071 ] } },
{ "type": "Feature", "properties": { "osmid": 5025776031, "element": "node", "name": "Novotel", "hub_type": "bus", "hub_scale": "stop", "amenity": null, "railway": null, "public_transport": "platform", "highway": "bus_stop", "aeroway": null, "building": null, "operator": null, "network": null, "centroid_lat": 5.5533978, "centroid_lon": -0.2019673 }, "geometry": { "type": "Point", "coordinates": [ -0.2019673, 5.5533978 ] } },
{ "type": "Feature", "properties": { "osmid": 5025776032, "element": "node", "name": "Children's Park First", "hub_type": "bus", "hub_scale": "stop", "amenity": null, "railway": null, "public_transport": "platform", "highway": "bus_stop", "aeroway": null, "building": null, "operator": null, "network": null, "centroid_lat": 5.5580075, "centroid_lon": -0.1984362 }, "geometry": { "type": "Point", "coordinates": [ -0.1984362, 5.5580075 ] } },
{ "type": "Feature", "properties": { "osmid": 5025827590, "element": "node", "name": "Kaneshie Foot Bridge", "hub_type": "bus", "hub_scale": "stop", "amenity": null, "railway": null, "public_transport": "platform", "highway": "bus_stop", "aeroway": null, "building": null, "operator": null, "network": null, "centroid_lat": 5.5653237, "centroid_lon": -0.235801 }, "geometry": { "type": "Point", "coordinates": [ -0.235801, 5.5653237 ] } },
{ "type": "Feature", "properties": { "osmid": 5025827612, "element": "node", "name": "Pamprom", "hub_type": "bus", "hub_scale": "stop", "amenity": null, "railway": null, "public_transport": "platform", "highway": "bus_stop", "aeroway": null, "building": null, "operator": null, "network": null, "centroid_lat": 5.5633981, "centroid_lon": -0.2325967 }, "geometry": { "type": "Point", "coordinates": [ -0.2325967, 5.5633981 ] } },
{ "type": "Feature", "properties": { "osmid": 5025827613, "element": "node", "name": "Cold store", "hub_type": "bus", "hub_scale": "stop", "amenity": null, "railway": null, "public_transport": "platform", "highway": "bus_stop", "aeroway": null, "building": null, "operator": null, "network": null, "centroid_lat": 5.5570165, "centroid_lon": -0.2219632 }, "geometry": { "type": "Point", "coordinates": [ -0.2219632, 5.5570165 ] } },
{ "type": "Feature", "properties": { "osmid": 5025827614, "element": "node", "name": "Graphic", "hub_type": "bus", "hub_scale": "stop", "amenity": null, "railway": null, "public_transport": "platform", "highway": "bus_stop", "aeroway": null, "building": null, "operator": null, "network": null, "centroid_lat": 5.5555348, "centroid_lon": -0.2187955 }, "geometry": { "type": "Point", "coordinates": [ -0.2187955, 5.5555348 ] } },
{ "type": "Feature", "properties": { "osmid": 5025827615, "element": "node", "name": "After Dat", "hub_type": "bus", "hub_scale": "stop", "amenity": null, "railway": null, "public_transport": "platform", "highway": "bus_stop", "aeroway": null, "building": null, "operator": null, "network": null, "centroid_lat": 5.5571476, "centroid_lon": -0.2149277 }, "geometry": { "type": "Point", "coordinates": [ -0.2149277, 5.5571476 ] } },
{ "type": "Feature", "properties": { "osmid": 5025972752, "element": "node", "name": "Presby", "hub_type": "bus", "hub_scale": "stop", "amenity": null, "railway": null, "public_transport": "platform", "highway": "bus_stop", "aeroway": null, "building": null, "operator": null, "network": null, "centroid_lat": 5.5592716, "centroid_lon": -0.1840365 }, "geometry": { "type": "Point", "coordinates": [ -0.1840365, 5.5592716 ] } },
{ "type": "Feature", "properties": { "osmid": 5025972753, "element": "node", "name": "Ministries", "hub_type": "bus", "hub_scale": "stop", "amenity": null, "railway": null, "public_transport": "platform", "highway": "bus_stop", "aeroway": null, "building": null, "operator": null, "network": null, "centroid_lat": 5.5512771, "centroid_lon": -0.1951609 }, "geometry": { "type": "Point", "coordinates": [ -0.1951609, 5.5512771 ] } },
{ "type": "Feature", "properties": { "osmid": 5025972754, "element": "node", "name": "Ama", "hub_type": "bus", "hub_scale": "stop", "amenity": null, "railway": null, "public_transport": "platform", "highway": "bus_stop", "aeroway": null, "building": null, "operator": null, "network": null, "centroid_lat": 5.54482, "centroid_lon": -0.2038321 }, "geometry": { "type": "Point", "coordinates": [ -0.2038321, 5.54482 ] } },
{ "type": "Feature", "properties": { "osmid": 5025972755, "element": "node", "name": "Accra Rawlings Park", "hub_type": "bus", "hub_scale": "stop", "amenity": null, "railway": null, "public_transport": "platform", "highway": "bus_stop", "aeroway": null, "building": null, "operator": null, "network": null, "centroid_lat": 5.5458007, "centroid_lon": -0.206812 }, "geometry": { "type": "Point", "coordinates": [ -0.206812, 5.5458007 ] } },
{ "type": "Feature", "properties": { "osmid": 5026060286, "element": "node", "name": null, "hub_type": "bus", "hub_scale": "stop", "amenity": null, "railway": null, "public_transport": "platform", "highway": "bus_stop", "aeroway": null, "building": null, "operator": null, "network": null, "centroid_lat": 5.5443406, "centroid_lon": -0.2064297 }, "geometry": { "type": "Point", "coordinates": [ -0.2064297, 5.5443406 ] } },
{ "type": "Feature", "properties": { "osmid": 5026060287, "element": "node", "name": "Traffic Light", "hub_type": "bus", "hub_scale": "stop", "amenity": null, "railway": null, "public_transport": "platform", "highway": "bus_stop", "aeroway": null, "building": null, "operator": null, "network": null, "centroid_lat": 5.5532313, "centroid_lon": -0.1850427 }, "geometry": { "type": "Point", "coordinates": [ -0.1850427, 5.5532313 ] } },
{ "type": "Feature", "properties": { "osmid": 5026060288, "element": "node", "name": "Shell", "hub_type": "bus", "hub_scale": "stop", "amenity": null, "railway": null, "public_transport": "platform", "highway": "bus_stop", "aeroway": null, "building": null, "operator": null, "network": null, "centroid_lat": 5.5582989, "centroid_lon": -0.1824081 }, "geometry": { "type": "Point", "coordinates": [ -0.1824081, 5.5582989 ] } },
{ "type": "Feature", "properties": { "osmid": 5026060289, "element": "node", "name": "Frankies", "hub_type": "bus", "hub_scale": "stop", "amenity": null, "railway": null, "public_transport": "platform", "highway": "bus_stop", "aeroway": null, "building": null, "operator": null, "network": null, "centroid_lat": 5.5610865, "centroid_lon": -0.1819706 }, "geometry": { "type": "Point", "coordinates": [ -0.1819706, 5.5610865 ] } },
{ "type": "Feature", "properties": { "osmid": 5026060290, "element": "node", "name": "SSNIT", "hub_type": "bus", "hub_scale": "stop", "amenity": null, "railway": null, "public_transport": "platform", "highway": "bus_stop", "aeroway": null, "building": null, "operator": null, "network": null, "centroid_lat": 5.5627294, "centroid_lon": -0.1817012 }, "geometry": { "type": "Point", "coordinates": [ -0.1817012, 5.5627294 ] } },
{ "type": "Feature", "properties": { "osmid": 5026070123, "element": "node", "name": "Social Welfare", "hub_type": "bus", "hub_scale": "stop", "amenity": null, "railway": null, "public_transport": "platform", "highway": "bus_stop", "aeroway": null, "building": null, "operator": null, "network": null, "centroid_lat": 5.5687881, "centroid_lon": -0.2342641 }, "geometry": { "type": "Point", "coordinates": [ -0.2342641, 5.5687881 ] } },
{ "type": "Feature", "properties": { "osmid": 5026070126, "element": "node", "name": "Agya Paye", "hub_type": "bus", "hub_scale": "stop", "amenity": null, "railway": null, "public_transport": "platform", "highway": "bus_stop", "aeroway": null, "building": null, "operator": null, "network": null, "centroid_lat": 5.5947054, "centroid_lon": -0.2403142 }, "geometry": { "type": "Point", "coordinates": [ -0.2403142, 5.5947054 ] } },
{ "type": "Feature", "properties": { "osmid": 5026070127, "element": "node", "name": "Amankwah", "hub_type": "bus", "hub_scale": "stop", "amenity": null, "railway": null, "public_transport": "platform", "highway": "bus_stop", "aeroway": null, "building": null, "operator": null, "network": null, "centroid_lat": 5.5890583, "centroid_lon": -0.2384434 }, "geometry": { "type": "Point", "coordinates": [ -0.2384434, 5.5890583 ] } },
{ "type": "Feature", "properties": { "osmid": 5026070128, "element": "node", "name": "CMB Flats", "hub_type": "bus", "hub_scale": "stop", "amenity": null, "railway": null, "public_transport": "platform", "highway": "bus_stop", "aeroway": null, "building": null, "operator": null, "network": null, "centroid_lat": 5.5896031, "centroid_lon": -0.2373856 }, "geometry": { "type": "Point", "coordinates": [ -0.2373856, 5.5896031 ] } },
{ "type": "Feature", "properties": { "osmid": 5026070129, "element": "node", "name": "Adodo", "hub_type": "bus", "hub_scale": "stop", "amenity": null, "railway": null, "public_transport": "platform", "highway": "bus_stop", "aeroway": null, "building": null, "operator": null, "network": null, "centroid_lat": 5.5886825, "centroid_lon": -0.2361093 }, "geometry": { "type": "Point", "coordinates": [ -0.2361093, 5.5886825 ] } },
{ "type": "Feature", "properties": { "osmid": 5026070130, "element": "node", "name": "Meridian Chemist", "hub_type": "bus", "hub_scale": "stop", "amenity": null, "railway": null, "public_transport": "platform", "highway": "bus_stop", "aeroway": null, "building": null, "operator": null, "network": null, "centroid_lat": 5.5878042, "centroid_lon": -0.2353551 }, "geometry": { "type": "Point", "coordinates": [ -0.2353551, 5.5878042 ] } },
{ "type": "Feature", "properties": { "osmid": 5026070131, "element": "node", "name": "CPP", "hub_type": "bus", "hub_scale": "stop", "amenity": null, "railway": null, "public_transport": "platform", "highway": "bus_stop", "aeroway": null, "building": null, "operator": null, "network": null, "centroid_lat": 5.582812, "centroid_lon": -0.230742 }, "geometry": { "type": "Point", "coordinates": [ -0.230742, 5.582812 ] } },
{ "type": "Feature", "properties": { "osmid": 5026070132, "element": "node", "name": "Obaatanpa", "hub_type": "bus", "hub_scale": "stop", "amenity": null, "railway": null, "public_transport": "platform", "highway": "bus_stop", "aeroway": null, "building": null, "operator": null, "network": null, "centroid_lat": 5.5813092, "centroid_lon": -0.2299383 }, "geometry": { "type": "Point", "coordinates": [ -0.2299383, 5.5813092 ] } },
{ "type": "Feature", "properties": { "osmid": 5026070133, "element": "node", "name": "Dance Bar", "hub_type": "bus", "hub_scale": "stop", "amenity": null, "railway": null, "public_transport": "platform", "highway": "bus_stop", "aeroway": null, "building": null, "operator": null, "network": null, "centroid_lat": 5.5767516, "centroid_lon": -0.2279265 }, "geometry": { "type": "Point", "coordinates": [ -0.2279265, 5.5767516 ] } },
{ "type": "Feature", "properties": { "osmid": 5026151269, "element": "node", "name": "Pentecost", "hub_type": "bus", "hub_scale": "stop", "amenity": null, "railway": null, "public_transport": "platform", "highway": "bus_stop", "aeroway": null, "building": null, "operator": null, "network": null, "centroid_lat": 5.580235, "centroid_lon": -0.2290969 }, "geometry": { "type": "Point", "coordinates": [ -0.2290969, 5.580235 ] } },
{ "type": "Feature", "properties": { "osmid": 5026151270, "element": "node", "name": "Meridian Chemist", "hub_type": "bus", "hub_scale": "stop", "amenity": null, "railway": null, "public_transport": "platform", "highway": "bus_stop", "aeroway": null, "building": null, "operator": null, "network": null, "centroid_lat": 5.5876822, "centroid_lon": -0.2354671 }, "geometry": { "type": "Point", "coordinates": [ -0.2354671, 5.5876822 ] } },
{ "type": "Feature", "properties": { "osmid": 5026151271, "element": "node", "name": "CMB Flats", "hub_type": "bus", "hub_scale": "stop", "amenity": null, "railway": null, "public_transport": "platform", "highway": "bus_stop", "aeroway": null, "building": null, "operator": null, "network": null, "centroid_lat": 5.5896592, "centroid_lon": -0.2371277 }, "geometry": { "type": "Point", "coordinates": [ -0.2371277, 5.5896592 ] } },
{ "type": "Feature", "properties": { "osmid": 5026151272, "element": "node", "name": "Fire Armour", "hub_type": "bus", "hub_scale": "stop", "amenity": null, "railway": null, "public_transport": "platform", "highway": "bus_stop", "aeroway": null, "building": null, "operator": null, "network": null, "centroid_lat": 5.5704179, "centroid_lon": -0.2329568 }, "geometry": { "type": "Point", "coordinates": [ -0.2329568, 5.5704179 ] } },
{ "type": "Feature", "properties": { "osmid": 5026151273, "element": "node", "name": "Big Boss", "hub_type": "bus", "hub_scale": "stop", "amenity": null, "railway": null, "public_transport": "platform", "highway": "bus_stop", "aeroway": null, "building": null, "operator": null, "network": null, "centroid_lat": 5.5709225, "centroid_lon": -0.2324171 }, "geometry": { "type": "Point", "coordinates": [ -0.2324171, 5.5709225 ] } },
{ "type": "Feature", "properties": { "osmid": 5026151274, "element": "node", "name": "Mother's Inn", "hub_type": "bus", "hub_scale": "stop", "amenity": null, "railway": null, "public_transport": "platform", "highway": "bus_stop", "aeroway": null, "building": null, "operator": null, "network": null, "centroid_lat": 5.5733506, "centroid_lon": -0.2312885 }, "geometry": { "type": "Point", "coordinates": [ -0.2312885, 5.5733506 ] } },
{ "type": "Feature", "properties": { "osmid": 5026151275, "element": "node", "name": "Ga Mantse", "hub_type": "bus", "hub_scale": "stop", "amenity": null, "railway": null, "public_transport": "platform", "highway": "bus_stop", "aeroway": null, "building": null, "operator": null, "network": null, "centroid_lat": 5.5755871, "centroid_lon": -0.2292535 }, "geometry": { "type": "Point", "coordinates": [ -0.2292535, 5.5755871 ] } },
{ "type": "Feature", "properties": { "osmid": 5026151277, "element": "node", "name": "Picadilly", "hub_type": "bus", "hub_scale": "stop", "amenity": null, "railway": null, "public_transport": "platform", "highway": "bus_stop", "aeroway": null, "building": null, "operator": null, "network": null, "centroid_lat": 5.5782628, "centroid_lon": -0.2277118 }, "geometry": { "type": "Point", "coordinates": [ -0.2277118, 5.5782628 ] } },
{ "type": "Feature", "properties": { "osmid": 5026151278, "element": "node", "name": "St. Theresa's", "hub_type": "bus", "hub_scale": "stop", "amenity": null, "railway": null, "public_transport": "platform", "highway": "bus_stop", "aeroway": null, "building": null, "operator": null, "network": null, "centroid_lat": 5.5793684, "centroid_lon": -0.2283104 }, "geometry": { "type": "Point", "coordinates": [ -0.2283104, 5.5793684 ] } },
{ "type": "Feature", "properties": { "osmid": 5026151279, "element": "node", "name": "Obaatanpa", "hub_type": "bus", "hub_scale": "stop", "amenity": null, "railway": null, "public_transport": "platform", "highway": "bus_stop", "aeroway": null, "building": null, "operator": null, "network": null, "centroid_lat": 5.5813273, "centroid_lon": -0.2299909 }, "geometry": { "type": "Point", "coordinates": [ -0.2299909, 5.5813273 ] } },
{ "type": "Feature", "properties": { "osmid": 5026151280, "element": "node", "name": "CPP", "hub_type": "bus", "hub_scale": "stop", "amenity": null, "railway": null, "public_transport": "platform", "highway": "bus_stop", "aeroway": null, "building": null, "operator": null, "network": null, "centroid_lat": 5.582718, "centroid_lon": -0.230776 }, "geometry": { "type": "Point", "coordinates": [ -0.230776, 5.582718 ] } },
{ "type": "Feature", "properties": { "osmid": 5026151281, "element": "node", "name": "Swanlake", "hub_type": "bus", "hub_scale": "stop", "amenity": null, "railway": null, "public_transport": "platform", "highway": "bus_stop", "aeroway": null, "building": null, "operator": null, "network": null, "centroid_lat": 5.585988, "centroid_lon": -0.2320659 }, "geometry": { "type": "Point", "coordinates": [ -0.2320659, 5.585988 ] } },
{ "type": "Feature", "properties": { "osmid": 5026151282, "element": "node", "name": "Adodo", "hub_type": "bus", "hub_scale": "stop", "amenity": null, "railway": null, "public_transport": "platform", "highway": "bus_stop", "aeroway": null, "building": null, "operator": null, "network": null, "centroid_lat": 5.5890672, "centroid_lon": -0.2363464 }, "geometry": { "type": "Point", "coordinates": [ -0.2363464, 5.5890672 ] } },
{ "type": "Feature", "properties": { "osmid": 5026151283, "element": "node", "name": "Amankwah", "hub_type": "bus", "hub_scale": "stop", "amenity": null, "railway": null, "public_transport": "platform", "highway": "bus_stop", "aeroway": null, "building": null, "operator": null, "network": null, "centroid_lat": 5.5891114, "centroid_lon": -0.2382594 }, "geometry": { "type": "Point", "coordinates": [ -0.2382594, 5.5891114 ] } },
{ "type": "Feature", "properties": { "osmid": 5026151284, "element": "node", "name": "Assemblies of God", "hub_type": "bus", "hub_scale": "stop", "amenity": null, "railway": null, "public_transport": "platform", "highway": "bus_stop", "aeroway": null, "building": null, "operator": null, "network": null, "centroid_lat": 5.5881403, "centroid_lon": -0.240162 }, "geometry": { "type": "Point", "coordinates": [ -0.240162, 5.5881403 ] } },
{ "type": "Feature", "properties": { "osmid": 5026151285, "element": "node", "name": "Demod", "hub_type": "bus", "hub_scale": "stop", "amenity": null, "railway": null, "public_transport": "platform", "highway": "bus_stop", "aeroway": null, "building": null, "operator": null, "network": null, "centroid_lat": 5.5890142, "centroid_lon": -0.2408005 }, "geometry": { "type": "Point", "coordinates": [ -0.2408005, 5.5890142 ] } },
{ "type": "Feature", "properties": { "osmid": 5026151286, "element": "node", "name": "Ziggy", "hub_type": "bus", "hub_scale": "stop", "amenity": null, "railway": null, "public_transport": "platform", "highway": "bus_stop", "aeroway": null, "building": null, "operator": null, "network": null, "centroid_lat": 5.5906803, "centroid_lon": -0.2416064 }, "geometry": { "type": "Point", "coordinates": [ -0.2416064, 5.5906803 ] } },
{ "type": "Feature", "properties": { "osmid": 5026151287, "element": "node", "name": "Point 4", "hub_type": "bus", "hub_scale": "stop", "amenity": null, "railway": null, "public_transport": "platform", "highway": "bus_stop", "aeroway": null, "building": null, "operator": null, "network": null, "centroid_lat": 5.5923419, "centroid_lon": -0.242188 }, "geometry": { "type": "Point", "coordinates": [ -0.242188, 5.5923419 ] } },
{ "type": "Feature", "properties": { "osmid": 5026151288, "element": "node", "name": "North Last Stop", "hub_type": "bus", "hub_scale": "stop", "amenity": null, "railway": null, "public_transport": "platform", "highway": "bus_stop", "aeroway": null, "building": null, "operator": null, "network": null, "centroid_lat": 5.5948638, "centroid_lon": -0.2425362 }, "geometry": { "type": "Point", "coordinates": [ -0.2425362, 5.5948638 ] } },
{ "type": "Feature", "properties": { "osmid": 5026172579, "element": "node", "name": "Alliance", "hub_type": "bus", "hub_scale": "stop", "amenity": null, "railway": null, "public_transport": "platform", "highway": "bus_stop", "aeroway": null, "building": null, "operator": null, "network": null, "centroid_lat": 5.5979817, "centroid_lon": -0.1759377 }, "geometry": { "type": "Point", "coordinates": [ -0.1759377, 5.5979817 ] } },
{ "type": "Feature", "properties": { "osmid": 5026329347, "element": "node", "name": "New Fadama", "hub_type": "bus", "hub_scale": "stop", "amenity": null, "railway": null, "public_transport": "stop_position", "highway": "bus_stop", "aeroway": null, "building": null, "operator": null, "network": null, "centroid_lat": 5.6000077, "centroid_lon": -0.2480426 }, "geometry": { "type": "Point", "coordinates": [ -0.2480426, 5.6000077 ] } },
{ "type": "Feature", "properties": { "osmid": 5026390735, "element": "node", "name": "Police Headquarters", "hub_type": "bus", "hub_scale": "stop", "amenity": null, "railway": null, "public_transport": "platform", "highway": "bus_stop", "aeroway": null, "building": null, "operator": null, "network": null, "centroid_lat": 5.5712673, "centroid_lon": -0.1884134 }, "geometry": { "type": "Point", "coordinates": [ -0.1884134, 5.5712673 ] } },
{ "type": "Feature", "properties": { "osmid": 5026407991, "element": "node", "name": "New Fadama (Market)", "hub_type": "bus", "hub_scale": "stop", "amenity": null, "railway": null, "public_transport": "platform", "highway": "bus_stop", "aeroway": null, "building": null, "operator": null, "network": null, "centroid_lat": 5.59614, "centroid_lon": -0.2454041 }, "geometry": { "type": "Point", "coordinates": [ -0.2454041, 5.59614 ] } },
{ "type": "Feature", "properties": { "osmid": 5026460153, "element": "node", "name": "Kanda", "hub_type": "bus", "hub_scale": "stop", "amenity": null, "railway": null, "public_transport": "platform", "highway": "bus_stop", "aeroway": null, "building": null, "operator": null, "network": null, "centroid_lat": 5.5728472, "centroid_lon": -0.2018332 }, "geometry": { "type": "Point", "coordinates": [ -0.2018332, 5.5728472 ] } },
{ "type": "Feature", "properties": { "osmid": 5026530809, "element": "node", "name": "North Industrial Area", "hub_type": "bus", "hub_scale": "stop", "amenity": null, "railway": null, "public_transport": "platform", "highway": "bus_stop", "aeroway": null, "building": null, "operator": null, "network": null, "centroid_lat": 5.5855139, "centroid_lon": -0.2314914 }, "geometry": { "type": "Point", "coordinates": [ -0.2314914, 5.5855139 ] } },
{ "type": "Feature", "properties": { "osmid": 5026530816, "element": "node", "name": "Light House", "hub_type": "bus", "hub_scale": "stop", "amenity": null, "railway": null, "public_transport": "platform", "highway": "bus_stop", "aeroway": null, "building": null, "operator": null, "network": null, "centroid_lat": 5.5864284, "centroid_lon": -0.2289623 }, "geometry": { "type": "Point", "coordinates": [ -0.2289623, 5.5864284 ] } },
{ "type": "Feature", "properties": { "osmid": 5026530817, "element": "node", "name": "Melcom", "hub_type": "bus", "hub_scale": "stop", "amenity": null, "railway": null, "public_transport": "platform", "highway": "bus_stop", "aeroway": null, "building": null, "operator": null, "network": null, "centroid_lat": 5.5872987, "centroid_lon": -0.2271317 }, "geometry": { "type": "Point", "coordinates": [ -0.2271317, 5.5872987 ] } },
{ "type": "Feature", "properties": { "osmid": 5026530818, "element": "node", "name": "Access Bank", "hub_type": "bus", "hub_scale": "stop", "amenity": null, "railway": null, "public_transport": "platform", "highway": "bus_stop", "aeroway": null, "building": null, "operator": null, "network": null, "centroid_lat": 5.5842414, "centroid_lon": -0.2245083 }, "geometry": { "type": "Point", "coordinates": [ -0.2245083, 5.5842414 ] } },
{ "type": "Feature", "properties": { "osmid": 5026530819, "element": "node", "name": "Ashfoam", "hub_type": "bus", "hub_scale": "stop", "amenity": null, "railway": null, "public_transport": "platform", "highway": "bus_stop", "aeroway": null, "building": null, "operator": null, "network": null, "centroid_lat": 5.5788208, "centroid_lon": -0.2233723 }, "geometry": { "type": "Point", "coordinates": [ -0.2233723, 5.5788208 ] } },
{ "type": "Feature", "properties": { "osmid": 5026574422, "element": "node", "name": "Cottage", "hub_type": "bus", "hub_scale": "stop", "amenity": null, "railway": null, "public_transport": "platform", "highway": "bus_stop", "aeroway": null, "building": null, "operator": null, "network": null, "centroid_lat": 5.5739364, "centroid_lon": -0.238096 }, "geometry": { "type": "Point", "coordinates": [ -0.238096, 5.5739364 ] } },
{ "type": "Feature", "properties": { "osmid": 5026574423, "element": "node", "name": "Ola Balm", "hub_type": "bus", "hub_scale": "stop", "amenity": null, "railway": null, "public_transport": "platform", "highway": "bus_stop", "aeroway": null, "building": null, "operator": null, "network": null, "centroid_lat": 5.5760083, "centroid_lon": -0.2384366 }, "geometry": { "type": "Point", "coordinates": [ -0.2384366, 5.5760083 ] } },
{ "type": "Feature", "properties": { "osmid": 5026574424, "element": "node", "name": "Cemetry", "hub_type": "bus", "hub_scale": "stop", "amenity": null, "railway": null, "public_transport": "platform", "highway": "bus_stop", "aeroway": null, "building": null, "operator": null, "network": null, "centroid_lat": 5.5778617, "centroid_lon": -0.2387462 }, "geometry": { "type": "Point", "coordinates": [ -0.2387462, 5.5778617 ] } },
{ "type": "Feature", "properties": { "osmid": 5026574425, "element": "node", "name": "Obeyeyie", "hub_type": "bus", "hub_scale": "stop", "amenity": null, "railway": null, "public_transport": "platform", "highway": "bus_stop", "aeroway": null, "building": null, "operator": null, "network": null, "centroid_lat": 5.5791172, "centroid_lon": -0.2390148 }, "geometry": { "type": "Point", "coordinates": [ -0.2390148, 5.5791172 ] } },
{ "type": "Feature", "properties": { "osmid": 5026574426, "element": "node", "name": "Ayigbe Town Old Station", "hub_type": "bus", "hub_scale": "stop", "amenity": null, "railway": null, "public_transport": "platform", "highway": "bus_stop", "aeroway": null, "building": null, "operator": null, "network": null, "centroid_lat": 5.5804387, "centroid_lon": -0.2398133 }, "geometry": { "type": "Point", "coordinates": [ -0.2398133, 5.5804387 ] } },
{ "type": "Feature", "properties": { "osmid": 5026574427, "element": "node", "name": "Fita", "hub_type": "bus", "hub_scale": "stop", "amenity": null, "railway": null, "public_transport": "platform", "highway": "bus_stop", "aeroway": null, "building": null, "operator": null, "network": null, "centroid_lat": 5.5813456, "centroid_lon": -0.2390496 }, "geometry": { "type": "Point", "coordinates": [ -0.2390496, 5.5813456 ] } },
{ "type": "Feature", "properties": { "osmid": 5026574428, "element": "node", "name": "Ayigbe town", "hub_type": "bus", "hub_scale": "stop", "amenity": null, "railway": null, "public_transport": "platform", "highway": "bus_stop", "aeroway": null, "building": null, "operator": null, "network": null, "centroid_lat": 5.5834266, "centroid_lon": -0.2399984 }, "geometry": { "type": "Point", "coordinates": [ -0.2399984, 5.5834266 ] } },
{ "type": "Feature", "properties": { "osmid": 5026574429, "element": "node", "name": "Awony3", "hub_type": "bus", "hub_scale": "stop", "amenity": null, "railway": null, "public_transport": "platform", "highway": "bus_stop", "aeroway": null, "building": null, "operator": null, "network": null, "centroid_lat": 5.5852883, "centroid_lon": -0.2390748 }, "geometry": { "type": "Point", "coordinates": [ -0.2390748, 5.5852883 ] } },
{ "type": "Feature", "properties": { "osmid": 5026574430, "element": "node", "name": "Orgle-Road", "hub_type": "bus", "hub_scale": "stop", "amenity": null, "railway": null, "public_transport": "platform", "highway": "bus_stop", "aeroway": null, "building": null, "operator": null, "network": null, "centroid_lat": 5.5864599, "centroid_lon": -0.237113 }, "geometry": { "type": "Point", "coordinates": [ -0.237113, 5.5864599 ] } },
{ "type": "Feature", "properties": { "osmid": 5026586961, "element": "node", "name": null, "hub_type": "bus", "hub_scale": "stop", "amenity": null, "railway": null, "public_transport": "stop_position", "highway": null, "aeroway": null, "building": null, "operator": null, "network": null, "centroid_lat": 5.5864543, "centroid_lon": -0.2371224 }, "geometry": { "type": "Point", "coordinates": [ -0.2371224, 5.5864543 ] } },
{ "type": "Feature", "properties": { "osmid": 5026603965, "element": "node", "name": "washing bay", "hub_type": "bus", "hub_scale": "stop", "amenity": null, "railway": null, "public_transport": "platform", "highway": "bus_stop", "aeroway": null, "building": null, "operator": null, "network": null, "centroid_lat": 5.5860245, "centroid_lon": -0.2368888 }, "geometry": { "type": "Point", "coordinates": [ -0.2368888, 5.5860245 ] } },
{ "type": "Feature", "properties": { "osmid": 5026603966, "element": "node", "name": "Station", "hub_type": "bus", "hub_scale": "stop", "amenity": null, "railway": null, "public_transport": "platform", "highway": "bus_stop", "aeroway": null, "building": null, "operator": null, "network": null, "centroid_lat": 5.5852828, "centroid_lon": -0.2362965 }, "geometry": { "type": "Point", "coordinates": [ -0.2362965, 5.5852828 ] } },
{ "type": "Feature", "properties": { "osmid": 5026603967, "element": "node", "name": "Down", "hub_type": "bus", "hub_scale": "stop", "amenity": null, "railway": null, "public_transport": "platform", "highway": "bus_stop", "aeroway": null, "building": null, "operator": null, "network": null, "centroid_lat": 5.5851152, "centroid_lon": -0.2349948 }, "geometry": { "type": "Point", "coordinates": [ -0.2349948, 5.5851152 ] } },
{ "type": "Feature", "properties": { "osmid": 5026603968, "element": "node", "name": "Peps", "hub_type": "bus", "hub_scale": "stop", "amenity": null, "railway": null, "public_transport": "platform", "highway": "bus_stop", "aeroway": null, "building": null, "operator": null, "network": null, "centroid_lat": 5.5840627, "centroid_lon": -0.2362985 }, "geometry": { "type": "Point", "coordinates": [ -0.2362985, 5.5840627 ] } },
{ "type": "Feature", "properties": { "osmid": 5026603969, "element": "node", "name": "Awonye", "hub_type": "bus", "hub_scale": "stop", "amenity": null, "railway": null, "public_transport": "platform", "highway": "bus_stop", "aeroway": null, "building": null, "operator": null, "network": null, "centroid_lat": 5.5826842, "centroid_lon": -0.2363299 }, "geometry": { "type": "Point", "coordinates": [ -0.2363299, 5.5826842 ] } },
{ "type": "Feature", "properties": { "osmid": 5026603970, "element": "node", "name": "St. Johns", "hub_type": "bus", "hub_scale": "stop", "amenity": null, "railway": null, "public_transport": "platform", "highway": "bus_stop", "aeroway": null, "building": null, "operator": null, "network": null, "centroid_lat": 5.5822919, "centroid_lon": -0.2350597 }, "geometry": { "type": "Point", "coordinates": [ -0.2350597, 5.5822919 ] } },
{ "type": "Feature", "properties": { "osmid": 5026603971, "element": "node", "name": "Been to", "hub_type": "bus", "hub_scale": "stop", "amenity": null, "railway": null, "public_transport": "platform", "highway": "bus_stop", "aeroway": null, "building": null, "operator": null, "network": null, "centroid_lat": 5.5814187, "centroid_lon": -0.2354614 }, "geometry": { "type": "Point", "coordinates": [ -0.2354614, 5.5814187 ] } },
{ "type": "Feature", "properties": { "osmid": 5026603972, "element": "node", "name": "Mangoase", "hub_type": "bus", "hub_scale": "stop", "amenity": null, "railway": null, "public_transport": "platform", "highway": "bus_stop", "aeroway": null, "building": null, "operator": null, "network": null, "centroid_lat": 5.5802719, "centroid_lon": -0.234703 }, "geometry": { "type": "Point", "coordinates": [ -0.234703, 5.5802719 ] } },
{ "type": "Feature", "properties": { "osmid": 5026603973, "element": "node", "name": "Sakora", "hub_type": "bus", "hub_scale": "stop", "amenity": null, "railway": null, "public_transport": "platform", "highway": "bus_stop", "aeroway": null, "building": null, "operator": null, "network": null, "centroid_lat": 5.5790784, "centroid_lon": -0.2341018 }, "geometry": { "type": "Point", "coordinates": [ -0.2341018, 5.5790784 ] } },
{ "type": "Feature", "properties": { "osmid": 5026603974, "element": "node", "name": "Tsofi", "hub_type": "bus", "hub_scale": "stop", "amenity": null, "railway": null, "public_transport": "platform", "highway": "bus_stop", "aeroway": null, "building": null, "operator": null, "network": null, "centroid_lat": 5.5786, "centroid_lon": -0.2346773 }, "geometry": { "type": "Point", "coordinates": [ -0.2346773, 5.5786 ] } },
{ "type": "Feature", "properties": { "osmid": 5026603975, "element": "node", "name": "Council", "hub_type": "bus", "hub_scale": "stop", "amenity": null, "railway": null, "public_transport": "platform", "highway": "bus_stop", "aeroway": null, "building": null, "operator": null, "network": null, "centroid_lat": 5.5761723, "centroid_lon": -0.2363719 }, "geometry": { "type": "Point", "coordinates": [ -0.2363719, 5.5761723 ] } },
{ "type": "Feature", "properties": { "osmid": 5026603976, "element": "node", "name": "Five Five", "hub_type": "bus", "hub_scale": "stop", "amenity": null, "railway": null, "public_transport": "platform", "highway": "bus_stop", "aeroway": null, "building": null, "operator": null, "network": null, "centroid_lat": 5.57281, "centroid_lon": -0.2356854 }, "geometry": { "type": "Point", "coordinates": [ -0.2356854, 5.57281 ] } },
{ "type": "Feature", "properties": { "osmid": 5026603977, "element": "node", "name": "Cocoa Clinic", "hub_type": "bus", "hub_scale": "stop", "amenity": null, "railway": null, "public_transport": "platform", "highway": "bus_stop", "aeroway": null, "building": null, "operator": null, "network": null, "centroid_lat": 5.5713871, "centroid_lon": -0.2366278 }, "geometry": { "type": "Point", "coordinates": [ -0.2366278, 5.5713871 ] } },
{ "type": "Feature", "properties": { "osmid": 5026822852, "element": "node", "name": "Electricity", "hub_type": "bus", "hub_scale": "stop", "amenity": null, "railway": null, "public_transport": "platform", "highway": "bus_stop", "aeroway": null, "building": null, "operator": null, "network": null, "centroid_lat": 5.534641, "centroid_lon": -0.2334234 }, "geometry": { "type": "Point", "coordinates": [ -0.2334234, 5.534641 ] } },
{ "type": "Feature", "properties": { "osmid": 5027186817, "element": "node", "name": "Agege", "hub_type": "bus", "hub_scale": "stop", "amenity": null, "railway": null, "public_transport": "platform", "highway": "bus_stop", "aeroway": null, "building": null, "operator": null, "network": null, "centroid_lat": 5.5317228, "centroid_lon": -0.2551931 }, "geometry": { "type": "Point", "coordinates": [ -0.2551931, 5.5317228 ] } },
{ "type": "Feature", "properties": { "osmid": 5027186818, "element": "node", "name": "Opetekwei", "hub_type": "bus", "hub_scale": "stop", "amenity": null, "railway": null, "public_transport": "platform", "highway": "bus_stop", "aeroway": null, "building": null, "operator": null, "network": null, "centroid_lat": 5.5276577, "centroid_lon": -0.2736525 }, "geometry": { "type": "Point", "coordinates": [ -0.2736525, 5.5276577 ] } },
{ "type": "Feature", "properties": { "osmid": 5027216642, "element": "node", "name": "Exhibition", "hub_type": "bus", "hub_scale": "stop", "amenity": null, "railway": null, "public_transport": "platform", "highway": "bus_stop", "aeroway": null, "building": null, "operator": null, "network": null, "centroid_lat": 5.5373987, "centroid_lon": -0.2642468 }, "geometry": { "type": "Point", "coordinates": [ -0.2642468, 5.5373987 ] } },
{ "type": "Feature", "properties": { "osmid": 5027216643, "element": "node", "name": "Mr Mensah", "hub_type": "bus", "hub_scale": "stop", "amenity": null, "railway": null, "public_transport": "platform", "highway": "bus_stop", "aeroway": null, "building": null, "operator": null, "network": null, "centroid_lat": 5.539017, "centroid_lon": -0.2614854 }, "geometry": { "type": "Point", "coordinates": [ -0.2614854, 5.539017 ] } },
{ "type": "Feature", "properties": { "osmid": 5027216644, "element": "node", "name": "Banana Inn", "hub_type": "bus", "hub_scale": "stop", "amenity": null, "railway": null, "public_transport": "platform", "highway": "bus_stop", "aeroway": null, "building": null, "operator": null, "network": null, "centroid_lat": 5.541648, "centroid_lon": -0.2548831 }, "geometry": { "type": "Point", "coordinates": [ -0.2548831, 5.541648 ] } },
{ "type": "Feature", "properties": { "osmid": 5027248833, "element": "node", "name": "Abodwe", "hub_type": "bus", "hub_scale": "stop", "amenity": null, "railway": null, "public_transport": "platform", "highway": "bus_stop", "aeroway": null, "building": null, "operator": null, "network": null, "centroid_lat": 5.5351291, "centroid_lon": -0.2422987 }, "geometry": { "type": "Point", "coordinates": [ -0.2422987, 5.5351291 ] } },
{ "type": "Feature", "properties": { "osmid": 5027248834, "element": "node", "name": "Sempe Second", "hub_type": "bus", "hub_scale": "stop", "amenity": null, "railway": null, "public_transport": "platform", "highway": "bus_stop", "aeroway": null, "building": null, "operator": null, "network": null, "centroid_lat": 5.5378518, "centroid_lon": -0.239819 }, "geometry": { "type": "Point", "coordinates": [ -0.239819, 5.5378518 ] } },
{ "type": "Feature", "properties": { "osmid": 5027248836, "element": "node", "name": "Lantemaamill", "hub_type": "bus", "hub_scale": "stop", "amenity": null, "railway": null, "public_transport": "platform", "highway": "bus_stop", "aeroway": null, "building": null, "operator": null, "network": null, "centroid_lat": 5.5265448, "centroid_lon": -0.2461495 }, "geometry": { "type": "Point", "coordinates": [ -0.2461495, 5.5265448 ] } },
{ "type": "Feature", "properties": { "osmid": 5027248837, "element": "node", "name": "Alomo Junction", "hub_type": "bus", "hub_scale": "stop", "amenity": null, "railway": null, "public_transport": "platform", "highway": "bus_stop", "aeroway": null, "building": null, "operator": null, "network": null, "centroid_lat": 5.5268044, "centroid_lon": -0.2437244 }, "geometry": { "type": "Point", "coordinates": [ -0.2437244, 5.5268044 ] } },
{ "type": "Feature", "properties": { "osmid": 5027248838, "element": "node", "name": "Tea Garden", "hub_type": "bus", "hub_scale": "stop", "amenity": null, "railway": null, "public_transport": "platform", "highway": "bus_stop", "aeroway": null, "building": null, "operator": null, "network": null, "centroid_lat": 5.5276379, "centroid_lon": -0.2422749 }, "geometry": { "type": "Point", "coordinates": [ -0.2422749, 5.5276379 ] } },
{ "type": "Feature", "properties": { "osmid": 5027248839, "element": "node", "name": "Kakalika", "hub_type": "bus", "hub_scale": "stop", "amenity": null, "railway": null, "public_transport": "platform", "highway": "bus_stop", "aeroway": null, "building": null, "operator": null, "network": null, "centroid_lat": 5.531008, "centroid_lon": -0.2425509 }, "geometry": { "type": "Point", "coordinates": [ -0.2425509, 5.531008 ] } },
{ "type": "Feature", "properties": { "osmid": 5027248840, "element": "node", "name": "Girl School", "hub_type": "bus", "hub_scale": "stop", "amenity": null, "railway": null, "public_transport": "platform", "highway": "bus_stop", "aeroway": null, "building": null, "operator": null, "network": null, "centroid_lat": 5.5319185, "centroid_lon": -0.2426232 }, "geometry": { "type": "Point", "coordinates": [ -0.2426232, 5.5319185 ] } },
{ "type": "Feature", "properties": { "osmid": 5027264670, "element": "node", "name": "Liju", "hub_type": "bus", "hub_scale": "stop", "amenity": null, "railway": null, "public_transport": "platform", "highway": "bus_stop", "aeroway": null, "building": null, "operator": null, "network": null, "centroid_lat": 5.5362127, "centroid_lon": -0.2412274 }, "geometry": { "type": "Point", "coordinates": [ -0.2412274, 5.5362127 ] } },
{ "type": "Feature", "properties": { "osmid": 5027264671, "element": "node", "name": "Girl School", "hub_type": "bus", "hub_scale": "stop", "amenity": null, "railway": null, "public_transport": "platform", "highway": "bus_stop", "aeroway": null, "building": null, "operator": null, "network": null, "centroid_lat": 5.5318558, "centroid_lon": -0.2425715 }, "geometry": { "type": "Point", "coordinates": [ -0.2425715, 5.5318558 ] } },
{ "type": "Feature", "properties": { "osmid": 5027264672, "element": "node", "name": "Kakalika", "hub_type": "bus", "hub_scale": "stop", "amenity": null, "railway": null, "public_transport": "platform", "highway": "bus_stop", "aeroway": null, "building": null, "operator": null, "network": null, "centroid_lat": 5.5309921, "centroid_lon": -0.2425133 }, "geometry": { "type": "Point", "coordinates": [ -0.2425133, 5.5309921 ] } },
{ "type": "Feature", "properties": { "osmid": 5027264673, "element": "node", "name": "Anna Larbi", "hub_type": "bus", "hub_scale": "stop", "amenity": null, "railway": null, "public_transport": "platform", "highway": "bus_stop", "aeroway": null, "building": null, "operator": null, "network": null, "centroid_lat": 5.5296554, "centroid_lon": -0.2423989 }, "geometry": { "type": "Point", "coordinates": [ -0.2423989, 5.5296554 ] } },
{ "type": "Feature", "properties": { "osmid": 5027264674, "element": "node", "name": "Extra O", "hub_type": "bus", "hub_scale": "stop", "amenity": null, "railway": null, "public_transport": "platform", "highway": "bus_stop", "aeroway": null, "building": null, "operator": null, "network": null, "centroid_lat": 5.5290841, "centroid_lon": -0.2423556 }, "geometry": { "type": "Point", "coordinates": [ -0.2423556, 5.5290841 ] } },
{ "type": "Feature", "properties": { "osmid": 5027264675, "element": "node", "name": "Tea Garden", "hub_type": "bus", "hub_scale": "stop", "amenity": null, "railway": null, "public_transport": "platform", "highway": "bus_stop", "aeroway": null, "building": null, "operator": null, "network": null, "centroid_lat": 5.527449, "centroid_lon": -0.2422238 }, "geometry": { "type": "Point", "coordinates": [ -0.2422238, 5.527449 ] } },
{ "type": "Feature", "properties": { "osmid": 5027274332, "element": "node", "name": "Official Town", "hub_type": "bus", "hub_scale": "stop", "amenity": null, "railway": null, "public_transport": "platform", "highway": "bus_stop", "aeroway": null, "building": null, "operator": null, "network": null, "centroid_lat": 5.5949885, "centroid_lon": -0.2587949 }, "geometry": { "type": "Point", "coordinates": [ -0.2587949, 5.5949885 ] } },
{ "type": "Feature", "properties": { "osmid": 5027274333, "element": "node", "name": "Mangoase", "hub_type": "bus", "hub_scale": "stop", "amenity": null, "railway": null, "public_transport": "platform", "highway": "bus_stop", "aeroway": null, "building": null, "operator": null, "network": null, "centroid_lat": 5.5941284, "centroid_lon": -0.2587421 }, "geometry": { "type": "Point", "coordinates": [ -0.2587421, 5.5941284 ] } },
{ "type": "Feature", "properties": { "osmid": 5027274334, "element": "node", "name": "Blue Kiosk", "hub_type": "bus", "hub_scale": "stop", "amenity": null, "railway": null, "public_transport": "platform", "highway": "bus_stop", "aeroway": null, "building": null, "operator": null, "network": null, "centroid_lat": 5.5922352, "centroid_lon": -0.2592586 }, "geometry": { "type": "Point", "coordinates": [ -0.2592586, 5.5922352 ] } },
{ "type": "Feature", "properties": { "osmid": 5027274335, "element": "node", "name": "Macedonia", "hub_type": "bus", "hub_scale": "stop", "amenity": null, "railway": null, "public_transport": "platform", "highway": "bus_stop", "aeroway": null, "building": null, "operator": null, "network": null, "centroid_lat": 5.5910936, "centroid_lon": -0.2597169 }, "geometry": { "type": "Point", "coordinates": [ -0.2597169, 5.5910936 ] } },
{ "type": "Feature", "properties": { "osmid": 5027274336, "element": "node", "name": "Market", "hub_type": "bus", "hub_scale": "stop", "amenity": null, "railway": null, "public_transport": "platform", "highway": "bus_stop", "aeroway": null, "building": null, "operator": null, "network": null, "centroid_lat": 5.5887803, "centroid_lon": -0.2605736 }, "geometry": { "type": "Point", "coordinates": [ -0.2605736, 5.5887803 ] } },
{ "type": "Feature", "properties": { "osmid": 5027285551, "element": "node", "name": null, "hub_type": "bus", "hub_scale": "stop", "amenity": null, "railway": null, "public_transport": "stop_position", "highway": null, "aeroway": null, "building": null, "operator": null, "network": null, "centroid_lat": 5.5647838, "centroid_lon": -0.2371355 }, "geometry": { "type": "Point", "coordinates": [ -0.2371355, 5.5647838 ] } },
{ "type": "Feature", "properties": { "osmid": 5027285555, "element": "node", "name": "New Russia Last Stop", "hub_type": "bus", "hub_scale": "stop", "amenity": null, "railway": null, "public_transport": "platform", "highway": "bus_stop", "aeroway": null, "building": null, "operator": null, "network": null, "centroid_lat": 5.5582129, "centroid_lon": -0.2569765 }, "geometry": { "type": "Point", "coordinates": [ -0.2569765, 5.5582129 ] } },
{ "type": "Feature", "properties": { "osmid": 5027285556, "element": "node", "name": "Slow Down", "hub_type": "bus", "hub_scale": "stop", "amenity": null, "railway": null, "public_transport": "platform", "highway": "bus_stop", "aeroway": null, "building": null, "operator": null, "network": null, "centroid_lat": 5.5584066, "centroid_lon": -0.256926 }, "geometry": { "type": "Point", "coordinates": [ -0.256926, 5.5584066 ] } },
{ "type": "Feature", "properties": { "osmid": 5027285557, "element": "node", "name": "Okwahu Motors", "hub_type": "bus", "hub_scale": "stop", "amenity": null, "railway": null, "public_transport": "platform", "highway": "bus_stop", "aeroway": null, "building": null, "operator": null, "network": null, "centroid_lat": 5.5586842, "centroid_lon": -0.2557587 }, "geometry": { "type": "Point", "coordinates": [ -0.2557587, 5.5586842 ] } },
{ "type": "Feature", "properties": { "osmid": 5027285558, "element": "node", "name": "Mars Junction", "hub_type": "bus", "hub_scale": "stop", "amenity": null, "railway": null, "public_transport": "platform", "highway": "bus_stop", "aeroway": null, "building": null, "operator": null, "network": null, "centroid_lat": 5.5591466, "centroid_lon": -0.2537154 }, "geometry": { "type": "Point", "coordinates": [ -0.2537154, 5.5591466 ] } },
{ "type": "Feature", "properties": { "osmid": 5027285559, "element": "node", "name": "Paa Willie", "hub_type": "bus", "hub_scale": "stop", "amenity": null, "railway": null, "public_transport": "platform", "highway": "bus_stop", "aeroway": null, "building": null, "operator": null, "network": null, "centroid_lat": 5.5596539, "centroid_lon": -0.2521092 }, "geometry": { "type": "Point", "coordinates": [ -0.2521092, 5.5596539 ] } },
{ "type": "Feature", "properties": { "osmid": 5027285560, "element": "node", "name": "Ashtown", "hub_type": "bus", "hub_scale": "stop", "amenity": null, "railway": null, "public_transport": "platform", "highway": "bus_stop", "aeroway": null, "building": null, "operator": null, "network": null, "centroid_lat": 5.559346, "centroid_lon": -0.2490471 }, "geometry": { "type": "Point", "coordinates": [ -0.2490471, 5.559346 ] } },
{ "type": "Feature", "properties": { "osmid": 5027285561, "element": "node", "name": "Club Corner", "hub_type": "bus", "hub_scale": "stop", "amenity": null, "railway": null, "public_transport": "platform", "highway": "bus_stop", "aeroway": null, "building": null, "operator": null, "network": null, "centroid_lat": 5.5582163, "centroid_lon": -0.2434774 }, "geometry": { "type": "Point", "coordinates": [ -0.2434774, 5.5582163 ] } },
{ "type": "Feature", "properties": { "osmid": 5027298821, "element": "node", "name": "Official Town", "hub_type": "bus", "hub_scale": "stop", "amenity": null, "railway": null, "public_transport": "platform", "highway": "bus_stop", "aeroway": null, "building": null, "operator": null, "network": null, "centroid_lat": 5.5955406, "centroid_lon": -0.2594675 }, "geometry": { "type": "Point", "coordinates": [ -0.2594675, 5.5955406 ] } },
{ "type": "Feature", "properties": { "osmid": 5027303262, "element": "node", "name": "Paa Willie", "hub_type": "bus", "hub_scale": "stop", "amenity": null, "railway": null, "public_transport": "platform", "highway": "bus_stop", "aeroway": null, "building": null, "operator": null, "network": null, "centroid_lat": 5.5595239, "centroid_lon": -0.2523355 }, "geometry": { "type": "Point", "coordinates": [ -0.2523355, 5.5595239 ] } },
{ "type": "Feature", "properties": { "osmid": 5027303263, "element": "node", "name": "Dansoman Trotro Station", "hub_type": "bus", "hub_scale": "stop", "amenity": null, "railway": null, "public_transport": "platform", "highway": "bus_stop", "aeroway": null, "building": null, "operator": null, "network": null, "centroid_lat": 5.5635742, "centroid_lon": -0.2378979 }, "geometry": { "type": "Point", "coordinates": [ -0.2378979, 5.5635742 ] } },
{ "type": "Feature", "properties": { "osmid": 5027303264, "element": "node", "name": "Ashley's", "hub_type": "bus", "hub_scale": "stop", "amenity": null, "railway": null, "public_transport": "platform", "highway": "bus_stop", "aeroway": null, "building": null, "operator": null, "network": null, "centroid_lat": 5.5638015, "centroid_lon": -0.2388469 }, "geometry": { "type": "Point", "coordinates": [ -0.2388469, 5.5638015 ] } },
{ "type": "Feature", "properties": { "osmid": 5027303265, "element": "node", "name": "Kant", "hub_type": "bus", "hub_scale": "stop", "amenity": null, "railway": null, "public_transport": "platform", "highway": "bus_stop", "aeroway": null, "building": null, "operator": null, "network": null, "centroid_lat": 5.564836, "centroid_lon": -0.2405406 }, "geometry": { "type": "Point", "coordinates": [ -0.2405406, 5.564836 ] } },
{ "type": "Feature", "properties": { "osmid": 5027303266, "element": "node", "name": "Central University", "hub_type": "bus", "hub_scale": "stop", "amenity": null, "railway": null, "public_transport": "platform", "highway": "bus_stop", "aeroway": null, "building": null, "operator": null, "network": null, "centroid_lat": 5.5653337, "centroid_lon": -0.2425339 }, "geometry": { "type": "Point", "coordinates": [ -0.2425339, 5.5653337 ] } },
{ "type": "Feature", "properties": { "osmid": 5027303267, "element": "node", "name": "Kateco", "hub_type": "bus", "hub_scale": "stop", "amenity": null, "railway": null, "public_transport": "platform", "highway": "bus_stop", "aeroway": null, "building": null, "operator": null, "network": null, "centroid_lat": 5.5657429, "centroid_lon": -0.2439167 }, "geometry": { "type": "Point", "coordinates": [ -0.2439167, 5.5657429 ] } },
{ "type": "Feature", "properties": { "osmid": 5027303268, "element": "node", "name": "Kembs Hotel", "hub_type": "bus", "hub_scale": "stop", "amenity": null, "railway": null, "public_transport": "platform", "highway": "bus_stop", "aeroway": null, "building": null, "operator": null, "network": null, "centroid_lat": 5.5608413, "centroid_lon": -0.2457711 }, "geometry": { "type": "Point", "coordinates": [ -0.2457711, 5.5608413 ] } },
{ "type": "Feature", "properties": { "osmid": 5027303269, "element": "node", "name": "Flamingo", "hub_type": "bus", "hub_scale": "stop", "amenity": null, "railway": null, "public_transport": "platform", "highway": "bus_stop", "aeroway": null, "building": null, "operator": null, "network": null, "centroid_lat": 5.5588832, "centroid_lon": -0.247327 }, "geometry": { "type": "Point", "coordinates": [ -0.247327, 5.5588832 ] } },
{ "type": "Feature", "properties": { "osmid": 5027303270, "element": "node", "name": "Ashtown", "hub_type": "bus", "hub_scale": "stop", "amenity": null, "railway": null, "public_transport": "platform", "highway": "bus_stop", "aeroway": null, "building": null, "operator": null, "network": null, "centroid_lat": 5.5593251, "centroid_lon": -0.2495177 }, "geometry": { "type": "Point", "coordinates": [ -0.2495177, 5.5593251 ] } },
{ "type": "Feature", "properties": { "osmid": 5027303271, "element": "node", "name": "Mars Junction", "hub_type": "bus", "hub_scale": "stop", "amenity": null, "railway": null, "public_transport": "platform", "highway": "bus_stop", "aeroway": null, "building": null, "operator": null, "network": null, "centroid_lat": 5.558998, "centroid_lon": -0.2540148 }, "geometry": { "type": "Point", "coordinates": [ -0.2540148, 5.558998 ] } },
{ "type": "Feature", "properties": { "osmid": 5027303272, "element": "node", "name": "Okwahu Motors", "hub_type": "bus", "hub_scale": "stop", "amenity": null, "railway": null, "public_transport": "platform", "highway": "bus_stop", "aeroway": null, "building": null, "operator": null, "network": null, "centroid_lat": 5.5587045, "centroid_lon": -0.2553837 }, "geometry": { "type": "Point", "coordinates": [ -0.2553837, 5.5587045 ] } },
{ "type": "Feature", "properties": { "osmid": 5027354802, "element": "node", "name": "Odorkor (Main Bus stop)", "hub_type": "bus", "hub_scale": "stop", "amenity": null, "railway": null, "public_transport": "platform", "highway": "bus_stop", "aeroway": null, "building": null, "operator": null, "network": null, "centroid_lat": 5.5804311, "centroid_lon": -0.2636861 }, "geometry": { "type": "Point", "coordinates": [ -0.2636861, 5.5804311 ] } },
{ "type": "Feature", "properties": { "osmid": 5027365777, "element": "node", "name": "Busia Junction", "hub_type": "bus", "hub_scale": "stop", "amenity": null, "railway": null, "public_transport": "platform", "highway": "bus_stop", "aeroway": null, "building": null, "operator": null, "network": null, "centroid_lat": 5.5789059, "centroid_lon": -0.2679084 }, "geometry": { "type": "Point", "coordinates": [ -0.2679084, 5.5789059 ] } },
{ "type": "Feature", "properties": { "osmid": 5027365778, "element": "node", "name": "Sakaman", "hub_type": "bus", "hub_scale": "stop", "amenity": null, "railway": null, "public_transport": "platform", "highway": "bus_stop", "aeroway": null, "building": null, "operator": null, "network": null, "centroid_lat": 5.5762799, "centroid_lon": -0.2742332 }, "geometry": { "type": "Point", "coordinates": [ -0.2742332, 5.5762799 ] } },
{ "type": "Feature", "properties": { "osmid": 5027390605, "element": "node", "name": "Abeka Lapaz Last Stop", "hub_type": "bus", "hub_scale": "stop", "amenity": null, "railway": null, "public_transport": "platform", "highway": "bus_stop", "aeroway": null, "building": null, "operator": null, "network": null, "centroid_lat": 5.6060986, "centroid_lon": -0.2469156 }, "geometry": { "type": "Point", "coordinates": [ -0.2469156, 5.6060986 ] } },
{ "type": "Feature", "properties": { "osmid": 5027394908, "element": "node", "name": "State Transport", "hub_type": "bus", "hub_scale": "stop", "amenity": null, "railway": null, "public_transport": "platform", "highway": "bus_stop", "aeroway": null, "building": null, "operator": null, "network": null, "centroid_lat": 5.5653891, "centroid_lon": -0.2255141 }, "geometry": { "type": "Point", "coordinates": [ -0.2255141, 5.5653891 ] } },
{ "type": "Feature", "properties": { "osmid": 5028241071, "element": "node", "name": "Zodiac", "hub_type": "bus", "hub_scale": "stop", "amenity": null, "railway": null, "public_transport": "platform", "highway": "bus_stop", "aeroway": null, "building": null, "operator": null, "network": null, "centroid_lat": 5.5601563, "centroid_lon": -0.2622763 }, "geometry": { "type": "Point", "coordinates": [ -0.2622763, 5.5601563 ] } },
{ "type": "Feature", "properties": { "osmid": 5028241072, "element": "node", "name": "Abomatte", "hub_type": "bus", "hub_scale": "stop", "amenity": null, "railway": null, "public_transport": "platform", "highway": "bus_stop", "aeroway": null, "building": null, "operator": null, "network": null, "centroid_lat": 5.5631678, "centroid_lon": -0.260225 }, "geometry": { "type": "Point", "coordinates": [ -0.260225, 5.5631678 ] } },
{ "type": "Feature", "properties": { "osmid": 5028241073, "element": "node", "name": "Kaneshie", "hub_type": "bus", "hub_scale": "stop", "amenity": null, "railway": null, "public_transport": "platform", "highway": "bus_stop", "aeroway": null, "building": null, "operator": null, "network": null, "centroid_lat": 5.564024, "centroid_lon": -0.2378684 }, "geometry": { "type": "Point", "coordinates": [ -0.2378684, 5.564024 ] } },
{ "type": "Feature", "properties": { "osmid": 5028327330, "element": "node", "name": "Circle Last Stop", "hub_type": "bus", "hub_scale": "stop", "amenity": null, "railway": null, "public_transport": "platform", "highway": "bus_stop", "aeroway": null, "building": null, "operator": null, "network": null, "centroid_lat": 5.5690985, "centroid_lon": -0.2171286 }, "geometry": { "type": "Point", "coordinates": [ -0.2171286, 5.5690985 ] } },
{ "type": "Feature", "properties": { "osmid": 5028359226, "element": "node", "name": null, "hub_type": "bus", "hub_scale": "stop", "amenity": null, "railway": null, "public_transport": "stop_position", "highway": null, "aeroway": null, "building": null, "operator": null, "network": null, "centroid_lat": 5.5699658, "centroid_lon": -0.2169858 }, "geometry": { "type": "Point", "coordinates": [ -0.2169858, 5.5699658 ] } },
{ "type": "Feature", "properties": { "osmid": 5028425413, "element": "node", "name": "JT", "hub_type": "bus", "hub_scale": "stop", "amenity": null, "railway": null, "public_transport": "platform", "highway": "bus_stop", "aeroway": null, "building": null, "operator": null, "network": null, "centroid_lat": 5.564454, "centroid_lon": -0.2450339 }, "geometry": { "type": "Point", "coordinates": [ -0.2450339, 5.564454 ] } },
{ "type": "Feature", "properties": { "osmid": 5028425414, "element": "node", "name": "Mataheko Police Quarters", "hub_type": "bus", "hub_scale": "stop", "amenity": null, "railway": null, "public_transport": "platform", "highway": "bus_stop", "aeroway": null, "building": null, "operator": null, "network": null, "centroid_lat": 5.5674059, "centroid_lon": -0.2499014 }, "geometry": { "type": "Point", "coordinates": [ -0.2499014, 5.5674059 ] } },
{ "type": "Feature", "properties": { "osmid": 5028425415, "element": "node", "name": "Mataheko Pharmacy", "hub_type": "bus", "hub_scale": "stop", "amenity": null, "railway": null, "public_transport": "platform", "highway": "bus_stop", "aeroway": null, "building": null, "operator": null, "network": null, "centroid_lat": 5.5684844, "centroid_lon": -0.2514544 }, "geometry": { "type": "Point", "coordinates": [ -0.2514544, 5.5684844 ] } },
{ "type": "Feature", "properties": { "osmid": 5028425416, "element": "node", "name": "1 plus 1", "hub_type": "bus", "hub_scale": "stop", "amenity": null, "railway": null, "public_transport": "platform", "highway": "bus_stop", "aeroway": null, "building": null, "operator": null, "network": null, "centroid_lat": 5.5698766, "centroid_lon": -0.2535626 }, "geometry": { "type": "Point", "coordinates": [ -0.2535626, 5.5698766 ] } },
{ "type": "Feature", "properties": { "osmid": 5028483797, "element": "node", "name": "Tsui Bleoo", "hub_type": "bus", "hub_scale": "stop", "amenity": null, "railway": null, "public_transport": "platform", "highway": "bus_stop", "aeroway": null, "building": null, "operator": null, "network": null, "centroid_lat": 5.606019, "centroid_lon": -0.1154929 }, "geometry": { "type": "Point", "coordinates": [ -0.1154929, 5.606019 ] } },
{ "type": "Feature", "properties": { "osmid": 5028483798, "element": "node", "name": "Boola he", "hub_type": "bus", "hub_scale": "stop", "amenity": null, "railway": null, "public_transport": "platform", "highway": "bus_stop", "aeroway": null, "building": null, "operator": null, "network": null, "centroid_lat": 5.6047662, "centroid_lon": -0.1187405 }, "geometry": { "type": "Point", "coordinates": [ -0.1187405, 5.6047662 ] } },
{ "type": "Feature", "properties": { "osmid": 5028483799, "element": "node", "name": "Lekma", "hub_type": "bus", "hub_scale": "stop", "amenity": null, "railway": null, "public_transport": "platform", "highway": "bus_stop", "aeroway": null, "building": null, "operator": null, "network": null, "centroid_lat": 5.6041248, "centroid_lon": -0.1200311 }, "geometry": { "type": "Point", "coordinates": [ -0.1200311, 5.6041248 ] } },
{ "type": "Feature", "properties": { "osmid": 5028483800, "element": "node", "name": "Lekma Hospital", "hub_type": "bus", "hub_scale": "stop", "amenity": null, "railway": null, "public_transport": "platform", "highway": "bus_stop", "aeroway": null, "building": null, "operator": null, "network": null, "centroid_lat": 5.6022196, "centroid_lon": -0.1206062 }, "geometry": { "type": "Point", "coordinates": [ -0.1206062, 5.6022196 ] } },
{ "type": "Feature", "properties": { "osmid": 5028483801, "element": "node", "name": "ECG", "hub_type": "bus", "hub_scale": "stop", "amenity": null, "railway": null, "public_transport": "platform", "highway": "bus_stop", "aeroway": null, "building": null, "operator": null, "network": null, "centroid_lat": 5.6011943, "centroid_lon": -0.1201833 }, "geometry": { "type": "Point", "coordinates": [ -0.1201833, 5.6011943 ] } },
{ "type": "Feature", "properties": { "osmid": 5028483802, "element": "node", "name": "Junction", "hub_type": "bus", "hub_scale": "stop", "amenity": null, "railway": null, "public_transport": "platform", "highway": "bus_stop", "aeroway": null, "building": null, "operator": null, "network": null, "centroid_lat": 5.5948142, "centroid_lon": -0.1216968 }, "geometry": { "type": "Point", "coordinates": [ -0.1216968, 5.5948142 ] } },
{ "type": "Feature", "properties": { "osmid": 5028483803, "element": "node", "name": "Curve", "hub_type": "bus", "hub_scale": "stop", "amenity": null, "railway": null, "public_transport": "platform", "highway": "bus_stop", "aeroway": null, "building": null, "operator": null, "network": null, "centroid_lat": 5.5967663, "centroid_lon": -0.1259056 }, "geometry": { "type": "Point", "coordinates": [ -0.1259056, 5.5967663 ] } },
{ "type": "Feature", "properties": { "osmid": 5028483804, "element": "node", "name": "Curve", "hub_type": "bus", "hub_scale": "stop", "amenity": null, "railway": null, "public_transport": "platform", "highway": "bus_stop", "aeroway": null, "building": null, "operator": null, "network": null, "centroid_lat": 5.5957384, "centroid_lon": -0.1308059 }, "geometry": { "type": "Point", "coordinates": [ -0.1308059, 5.5957384 ] } },
{ "type": "Feature", "properties": { "osmid": 5028483805, "element": "node", "name": "Rasta", "hub_type": "bus", "hub_scale": "stop", "amenity": null, "railway": null, "public_transport": "platform", "highway": "bus_stop", "aeroway": null, "building": null, "operator": null, "network": null, "centroid_lat": 5.5850886, "centroid_lon": -0.131002 }, "geometry": { "type": "Point", "coordinates": [ -0.131002, 5.5850886 ] } },
{ "type": "Feature", "properties": { "osmid": 5028483806, "element": "node", "name": "Block Factory", "hub_type": "bus", "hub_scale": "stop", "amenity": null, "railway": null, "public_transport": "platform", "highway": "bus_stop", "aeroway": null, "building": null, "operator": null, "network": null, "centroid_lat": 5.5826056, "centroid_lon": -0.1308474 }, "geometry": { "type": "Point", "coordinates": [ -0.1308474, 5.5826056 ] } },
{ "type": "Feature", "properties": { "osmid": 5028483807, "element": "node", "name": "Container", "hub_type": "bus", "hub_scale": "stop", "amenity": null, "railway": null, "public_transport": "platform", "highway": "bus_stop", "aeroway": null, "building": null, "operator": null, "network": null, "centroid_lat": 5.578719, "centroid_lon": -0.1305979 }, "geometry": { "type": "Point", "coordinates": [ -0.1305979, 5.578719 ] } },
{ "type": "Feature", "properties": { "osmid": 5028483808, "element": "node", "name": "Veterinary", "hub_type": "bus", "hub_scale": "stop", "amenity": null, "railway": null, "public_transport": "platform", "highway": "bus_stop", "aeroway": null, "building": null, "operator": null, "network": null, "centroid_lat": 5.5572004, "centroid_lon": -0.1675933 }, "geometry": { "type": "Point", "coordinates": [ -0.1675933, 5.5572004 ] } },
{ "type": "Feature", "properties": { "osmid": 5028514654, "element": "node", "name": null, "hub_type": "bus", "hub_scale": "stop", "amenity": null, "railway": null, "public_transport": "stop_position", "highway": null, "aeroway": null, "building": null, "operator": null, "network": null, "centroid_lat": 5.5697293, "centroid_lon": -0.213184 }, "geometry": { "type": "Point", "coordinates": [ -0.213184, 5.5697293 ] } },
{ "type": "Feature", "properties": { "osmid": 5028514659, "element": "node", "name": null, "hub_type": "bus", "hub_scale": "stop", "amenity": null, "railway": null, "public_transport": "stop_position", "highway": null, "aeroway": null, "building": null, "operator": null, "network": null, "centroid_lat": 5.6057275, "centroid_lon": -0.1153565 }, "geometry": { "type": "Point", "coordinates": [ -0.1153565, 5.6057275 ] } },
{ "type": "Feature", "properties": { "osmid": 5028660321, "element": "node", "name": null, "hub_type": "bus", "hub_scale": "stop", "amenity": null, "railway": null, "public_transport": "stop_position", "highway": null, "aeroway": null, "building": null, "operator": null, "network": null, "centroid_lat": 5.6406264, "centroid_lon": -0.1790388 }, "geometry": { "type": "Point", "coordinates": [ -0.1790388, 5.6406264 ] } },
{ "type": "Feature", "properties": { "osmid": 5028660323, "element": "node", "name": "Legon", "hub_type": "bus", "hub_scale": "stop", "amenity": null, "railway": null, "public_transport": "platform", "highway": "bus_stop", "aeroway": null, "building": null, "operator": null, "network": null, "centroid_lat": 5.6407013, "centroid_lon": -0.1790346 }, "geometry": { "type": "Point", "coordinates": [ -0.1790346, 5.6407013 ] } },
{ "type": "Feature", "properties": { "osmid": 5028660324, "element": "node", "name": "Okponglo Roundabout", "hub_type": "bus", "hub_scale": "stop", "amenity": null, "railway": null, "public_transport": "platform", "highway": "bus_stop", "aeroway": null, "building": null, "operator": null, "network": null, "centroid_lat": 5.6403652, "centroid_lon": -0.1837592 }, "geometry": { "type": "Point", "coordinates": [ -0.1837592, 5.6403652 ] } },
{ "type": "Feature", "properties": { "osmid": 5028660325, "element": "node", "name": "Polo", "hub_type": "bus", "hub_scale": "stop", "amenity": null, "railway": null, "public_transport": "platform", "highway": "bus_stop", "aeroway": null, "building": null, "operator": null, "network": null, "centroid_lat": 5.6316037, "centroid_lon": -0.2182313 }, "geometry": { "type": "Point", "coordinates": [ -0.2182313, 5.6316037 ] } },
{ "type": "Feature", "properties": { "osmid": 5028671589, "element": "node", "name": "Danquah First", "hub_type": "bus", "hub_scale": "stop", "amenity": null, "railway": null, "public_transport": "platform", "highway": "bus_stop", "aeroway": null, "building": null, "operator": null, "network": null, "centroid_lat": 5.5664255, "centroid_lon": -0.1797582 }, "geometry": { "type": "Point", "coordinates": [ -0.1797582, 5.5664255 ] } },
{ "type": "Feature", "properties": { "osmid": 5028671590, "element": "node", "name": "Veterinary", "hub_type": "bus", "hub_scale": "stop", "amenity": null, "railway": null, "public_transport": "platform", "highway": "bus_stop", "aeroway": null, "building": null, "operator": null, "network": null, "centroid_lat": 5.5568449, "centroid_lon": -0.1670759 }, "geometry": { "type": "Point", "coordinates": [ -0.1670759, 5.5568449 ] } },
{ "type": "Feature", "properties": { "osmid": 5028671591, "element": "node", "name": "T-Junction", "hub_type": "bus", "hub_scale": "stop", "amenity": null, "railway": null, "public_transport": "platform", "highway": "bus_stop", "aeroway": null, "building": null, "operator": null, "network": null, "centroid_lat": 5.5641225, "centroid_lon": -0.14122 }, "geometry": { "type": "Point", "coordinates": [ -0.14122, 5.5641225 ] } },
{ "type": "Feature", "properties": { "osmid": 5028671593, "element": "node", "name": "Bush Road Junction", "hub_type": "bus", "hub_scale": "stop", "amenity": null, "railway": null, "public_transport": "platform", "highway": "bus_stop", "aeroway": null, "building": null, "operator": null, "network": null, "centroid_lat": 5.5669273, "centroid_lon": -0.1323806 }, "geometry": { "type": "Point", "coordinates": [ -0.1323806, 5.5669273 ] } },
{ "type": "Feature", "properties": { "osmid": 5028671594, "element": "node", "name": "Rasta", "hub_type": "bus", "hub_scale": "stop", "amenity": null, "railway": null, "public_transport": "platform", "highway": "bus_stop", "aeroway": null, "building": null, "operator": null, "network": null, "centroid_lat": 5.5862527, "centroid_lon": -0.1311761 }, "geometry": { "type": "Point", "coordinates": [ -0.1311761, 5.5862527 ] } },
{ "type": "Feature", "properties": { "osmid": 5028671595, "element": "node", "name": "Sans Hotel", "hub_type": "bus", "hub_scale": "stop", "amenity": null, "railway": null, "public_transport": "platform", "highway": "bus_stop", "aeroway": null, "building": null, "operator": null, "network": null, "centroid_lat": 5.5920728, "centroid_lon": -0.1311575 }, "geometry": { "type": "Point", "coordinates": [ -0.1311575, 5.5920728 ] } },
{ "type": "Feature", "properties": { "osmid": 5028671596, "element": "node", "name": "Junction", "hub_type": "bus", "hub_scale": "stop", "amenity": null, "railway": null, "public_transport": "platform", "highway": "bus_stop", "aeroway": null, "building": null, "operator": null, "network": null, "centroid_lat": 5.5949697, "centroid_lon": -0.1216973 }, "geometry": { "type": "Point", "coordinates": [ -0.1216973, 5.5949697 ] } },
{ "type": "Feature", "properties": { "osmid": 5028671597, "element": "node", "name": "Lekma Hospital", "hub_type": "bus", "hub_scale": "stop", "amenity": null, "railway": null, "public_transport": "platform", "highway": "bus_stop", "aeroway": null, "building": null, "operator": null, "network": null, "centroid_lat": 5.6023091, "centroid_lon": -0.1208416 }, "geometry": { "type": "Point", "coordinates": [ -0.1208416, 5.6023091 ] } },
{ "type": "Feature", "properties": { "osmid": 5028768225, "element": "node", "name": "Achimota Club House", "hub_type": "bus", "hub_scale": "stop", "amenity": null, "railway": null, "public_transport": "platform", "highway": "bus_stop", "aeroway": null, "building": null, "operator": null, "network": null, "centroid_lat": 5.622886, "centroid_lon": -0.2191901 }, "geometry": { "type": "Point", "coordinates": [ -0.2191901, 5.622886 ] } },
{ "type": "Feature", "properties": { "osmid": 5028768226, "element": "node", "name": "Kisseman Junction", "hub_type": "bus", "hub_scale": "stop", "amenity": null, "railway": null, "public_transport": "platform", "highway": "bus_stop", "aeroway": null, "building": null, "operator": null, "network": null, "centroid_lat": 5.637613, "centroid_lon": -0.212952 }, "geometry": { "type": "Point", "coordinates": [ -0.212952, 5.637613 ] } },
{ "type": "Feature", "properties": { "osmid": 5028768227, "element": "node", "name": "Forestry Commission", "hub_type": "bus", "hub_scale": "stop", "amenity": null, "railway": null, "public_transport": "platform", "highway": "bus_stop", "aeroway": null, "building": null, "operator": null, "network": null, "centroid_lat": 5.6394168, "centroid_lon": -0.2084955 }, "geometry": { "type": "Point", "coordinates": [ -0.2084955, 5.6394168 ] } },
{ "type": "Feature", "properties": { "osmid": 5028768228, "element": "node", "name": "Legon Primary School", "hub_type": "bus", "hub_scale": "stop", "amenity": null, "railway": null, "public_transport": "platform", "highway": "bus_stop", "aeroway": null, "building": null, "operator": null, "network": null, "centroid_lat": 5.6437783, "centroid_lon": -0.1880004 }, "geometry": { "type": "Point", "coordinates": [ -0.1880004, 5.6437783 ] } },
{ "type": "Feature", "properties": { "osmid": 5028768230, "element": "node", "name": "Okponglo Roundabout", "hub_type": "bus", "hub_scale": "stop", "amenity": null, "railway": null, "public_transport": "platform", "highway": "bus_stop", "aeroway": null, "building": null, "operator": null, "network": null, "centroid_lat": 5.6407701, "centroid_lon": -0.1837474 }, "geometry": { "type": "Point", "coordinates": [ -0.1837474, 5.6407701 ] } },
{ "type": "Feature", "properties": { "osmid": 5028768231, "element": "node", "name": "Achimota Hospital Curve", "hub_type": "bus", "hub_scale": "stop", "amenity": null, "railway": null, "public_transport": "platform", "highway": "bus_stop", "aeroway": null, "building": null, "operator": null, "network": null, "centroid_lat": 5.6292905, "centroid_lon": -0.2202489 }, "geometry": { "type": "Point", "coordinates": [ -0.2202489, 5.6292905 ] } },
{ "type": "Feature", "properties": { "osmid": 5028768232, "element": "node", "name": "Polo", "hub_type": "bus", "hub_scale": "stop", "amenity": null, "railway": null, "public_transport": "platform", "highway": "bus_stop", "aeroway": null, "building": null, "operator": null, "network": null, "centroid_lat": 5.6319037, "centroid_lon": -0.2179836 }, "geometry": { "type": "Point", "coordinates": [ -0.2179836, 5.6319037 ] } },
{ "type": "Feature", "properties": { "osmid": 5028768233, "element": "node", "name": "Pure Fire", "hub_type": "bus", "hub_scale": "stop", "amenity": null, "railway": null, "public_transport": "platform", "highway": "bus_stop", "aeroway": null, "building": null, "operator": null, "network": null, "centroid_lat": 5.6381219, "centroid_lon": -0.2113158 }, "geometry": { "type": "Point", "coordinates": [ -0.2113158, 5.6381219 ] } },
{ "type": "Feature", "properties": { "osmid": 5028768234, "element": "node", "name": "GIMPA", "hub_type": "bus", "hub_scale": "stop", "amenity": null, "railway": null, "public_transport": "platform", "highway": "bus_stop", "aeroway": null, "building": null, "operator": null, "network": null, "centroid_lat": 5.6415448, "centroid_lon": -0.2051211 }, "geometry": { "type": "Point", "coordinates": [ -0.2051211, 5.6415448 ] } },
{ "type": "Feature", "properties": { "osmid": 5028768235, "element": "node", "name": "Legon Barrier", "hub_type": "bus", "hub_scale": "stop", "amenity": null, "railway": null, "public_transport": "platform", "highway": "bus_stop", "aeroway": null, "building": null, "operator": null, "network": null, "centroid_lat": 5.6414996, "centroid_lon": -0.1974422 }, "geometry": { "type": "Point", "coordinates": [ -0.1974422, 5.6414996 ] } },
{ "type": "Feature", "properties": { "osmid": 5028768236, "element": "node", "name": "Ayido", "hub_type": "bus", "hub_scale": "stop", "amenity": null, "railway": null, "public_transport": "platform", "highway": "bus_stop", "aeroway": null, "building": null, "operator": null, "network": null, "centroid_lat": 5.6413477, "centroid_lon": -0.1924443 }, "geometry": { "type": "Point", "coordinates": [ -0.1924443, 5.6413477 ] } },
{ "type": "Feature", "properties": { "osmid": 5028768237, "element": "node", "name": "University Primary Roundabout", "hub_type": "bus", "hub_scale": "stop", "amenity": null, "railway": null, "public_transport": "platform", "highway": "bus_stop", "aeroway": null, "building": null, "operator": null, "network": null, "centroid_lat": 5.6435866, "centroid_lon": -0.1893731 }, "geometry": { "type": "Point", "coordinates": [ -0.1893731, 5.6435866 ] } },
{ "type": "Feature", "properties": { "osmid": 5028866870, "element": "node", "name": "Nima Overhead", "hub_type": "bus", "hub_scale": "stop", "amenity": null, "railway": null, "public_transport": "platform", "highway": "bus_stop", "aeroway": null, "building": null, "operator": null, "network": null, "centroid_lat": 5.5942367, "centroid_lon": -0.194629 }, "geometry": { "type": "Point", "coordinates": [ -0.194629, 5.5942367 ] } },
{ "type": "Feature", "properties": { "osmid": 5028866871, "element": "node", "name": "Maamobi", "hub_type": "bus", "hub_scale": "stop", "amenity": null, "railway": null, "public_transport": "platform", "highway": "bus_stop", "aeroway": null, "building": null, "operator": null, "network": null, "centroid_lat": 5.5921068, "centroid_lon": -0.1954038 }, "geometry": { "type": "Point", "coordinates": [ -0.1954038, 5.5921068 ] } },
{ "type": "Feature", "properties": { "osmid": 5028866872, "element": "node", "name": "Mawarko", "hub_type": "bus", "hub_scale": "stop", "amenity": null, "railway": null, "public_transport": "platform", "highway": "bus_stop", "aeroway": null, "building": null, "operator": null, "network": null, "centroid_lat": 5.5909155, "centroid_lon": -0.1957807 }, "geometry": { "type": "Point", "coordinates": [ -0.1957807, 5.5909155 ] } },
{ "type": "Feature", "properties": { "osmid": 5028866873, "element": "node", "name": "Gutter", "hub_type": "bus", "hub_scale": "stop", "amenity": null, "railway": null, "public_transport": "platform", "highway": "bus_stop", "aeroway": null, "building": null, "operator": null, "network": null, "centroid_lat": 5.5882138, "centroid_lon": -0.196729 }, "geometry": { "type": "Point", "coordinates": [ -0.196729, 5.5882138 ] } },
{ "type": "Feature", "properties": { "osmid": 5028866874, "element": "node", "name": "Nima Roundabout", "hub_type": "bus", "hub_scale": "stop", "amenity": null, "railway": null, "public_transport": "platform", "highway": "bus_stop", "aeroway": null, "building": null, "operator": null, "network": null, "centroid_lat": 5.5781224, "centroid_lon": -0.2005471 }, "geometry": { "type": "Point", "coordinates": [ -0.2005471, 5.5781224 ] } },
{ "type": "Feature", "properties": { "osmid": 5028942307, "element": "node", "name": "Nima Roundabout", "hub_type": "bus", "hub_scale": "stop", "amenity": null, "railway": null, "public_transport": "platform", "highway": "bus_stop", "aeroway": null, "building": null, "operator": null, "network": null, "centroid_lat": 5.5774841, "centroid_lon": -0.2008583 }, "geometry": { "type": "Point", "coordinates": [ -0.2008583, 5.5774841 ] } },
{ "type": "Feature", "properties": { "osmid": 5028942308, "element": "node", "name": "Traffic", "hub_type": "bus", "hub_scale": "stop", "amenity": null, "railway": null, "public_transport": "platform", "highway": "bus_stop", "aeroway": null, "building": null, "operator": null, "network": null, "centroid_lat": 5.5826358, "centroid_lon": -0.1982492 }, "geometry": { "type": "Point", "coordinates": [ -0.1982492, 5.5826358 ] } },
{ "type": "Feature", "properties": { "osmid": 5028942309, "element": "node", "name": "Nima Gutter", "hub_type": "bus", "hub_scale": "stop", "amenity": null, "railway": null, "public_transport": "platform", "highway": "bus_stop", "aeroway": null, "building": null, "operator": null, "network": null, "centroid_lat": 5.5884974, "centroid_lon": -0.1965863 }, "geometry": { "type": "Point", "coordinates": [ -0.1965863, 5.5884974 ] } },
{ "type": "Feature", "properties": { "osmid": 5028942310, "element": "node", "name": "Mawarko", "hub_type": "bus", "hub_scale": "stop", "amenity": null, "railway": null, "public_transport": "platform", "highway": "bus_stop", "aeroway": null, "building": null, "operator": null, "network": null, "centroid_lat": 5.5909772, "centroid_lon": -0.195839 }, "geometry": { "type": "Point", "coordinates": [ -0.195839, 5.5909772 ] } },
{ "type": "Feature", "properties": { "osmid": 5028942311, "element": "node", "name": "Maamobi", "hub_type": "bus", "hub_scale": "stop", "amenity": null, "railway": null, "public_transport": "platform", "highway": "bus_stop", "aeroway": null, "building": null, "operator": null, "network": null, "centroid_lat": 5.5922093, "centroid_lon": -0.1954532 }, "geometry": { "type": "Point", "coordinates": [ -0.1954532, 5.5922093 ] } },
{ "type": "Feature", "properties": { "osmid": 5028998323, "element": "node", "name": "Agblezaa", "hub_type": "bus", "hub_scale": "stop", "amenity": null, "railway": null, "public_transport": "platform", "highway": "bus_stop", "aeroway": null, "building": null, "operator": null, "network": null, "centroid_lat": 5.6169173, "centroid_lon": -0.1246237 }, "geometry": { "type": "Point", "coordinates": [ -0.1246237, 5.6169173 ] } },
{ "type": "Feature", "properties": { "osmid": 5028998324, "element": "node", "name": "Lekma", "hub_type": "bus", "hub_scale": "stop", "amenity": null, "railway": null, "public_transport": "platform", "highway": "bus_stop", "aeroway": null, "building": null, "operator": null, "network": null, "centroid_lat": 5.6038838, "centroid_lon": -0.1212936 }, "geometry": { "type": "Point", "coordinates": [ -0.1212936, 5.6038838 ] } },
{ "type": "Feature", "properties": { "osmid": 5028998325, "element": "node", "name": "Tsui Bleoo", "hub_type": "bus", "hub_scale": "stop", "amenity": null, "railway": null, "public_transport": "platform", "highway": "bus_stop", "aeroway": null, "building": null, "operator": null, "network": null, "centroid_lat": 5.6060354, "centroid_lon": -0.1159864 }, "geometry": { "type": "Point", "coordinates": [ -0.1159864, 5.6060354 ] } },
{ "type": "Feature", "properties": { "osmid": 5029038073, "element": "node", "name": null, "hub_type": "bus", "hub_scale": "stop", "amenity": null, "railway": null, "public_transport": "stop_position", "highway": null, "aeroway": null, "building": null, "operator": null, "network": null, "centroid_lat": 5.5673386, "centroid_lon": -0.2171342 }, "geometry": { "type": "Point", "coordinates": [ -0.2171342, 5.5673386 ] } },
{ "type": "Feature", "properties": { "osmid": 5029108940, "element": "node", "name": "Bridge", "hub_type": "bus", "hub_scale": "stop", "amenity": null, "railway": null, "public_transport": "platform", "highway": "bus_stop", "aeroway": null, "building": null, "operator": null, "network": null, "centroid_lat": 5.5649713, "centroid_lon": -0.1771379 }, "geometry": { "type": "Point", "coordinates": [ -0.1771379, 5.5649713 ] } },
{ "type": "Feature", "properties": { "osmid": 5029108941, "element": "node", "name": "Roundabout", "hub_type": "bus", "hub_scale": "stop", "amenity": null, "railway": null, "public_transport": "platform", "highway": "bus_stop", "aeroway": null, "building": null, "operator": null, "network": null, "centroid_lat": 5.5944969, "centroid_lon": -0.1282944 }, "geometry": { "type": "Point", "coordinates": [ -0.1282944, 5.5944969 ] } },
{ "type": "Feature", "properties": { "osmid": 5029108942, "element": "node", "name": "Agblezah", "hub_type": "bus", "hub_scale": "stop", "amenity": null, "railway": null, "public_transport": "platform", "highway": "bus_stop", "aeroway": null, "building": null, "operator": null, "network": null, "centroid_lat": 5.6172828, "centroid_lon": -0.1249769 }, "geometry": { "type": "Point", "coordinates": [ -0.1249769, 5.6172828 ] } },
{ "type": "Feature", "properties": { "osmid": 5029234101, "element": "node", "name": "Cantonments", "hub_type": "bus", "hub_scale": "stop", "amenity": null, "railway": null, "public_transport": "platform", "highway": "bus_stop", "aeroway": null, "building": null, "operator": null, "network": null, "centroid_lat": 5.577606, "centroid_lon": -0.1707852 }, "geometry": { "type": "Point", "coordinates": [ -0.1707852, 5.577606 ] } },
{ "type": "Feature", "properties": { "osmid": 5029234102, "element": "node", "name": "IGP", "hub_type": "bus", "hub_scale": "stop", "amenity": null, "railway": null, "public_transport": "platform", "highway": "bus_stop", "aeroway": null, "building": null, "operator": null, "network": null, "centroid_lat": 5.5788707, "centroid_lon": -0.1712403 }, "geometry": { "type": "Point", "coordinates": [ -0.1712403, 5.5788707 ] } },
{ "type": "Feature", "properties": { "osmid": 5029234103, "element": "node", "name": "Junction", "hub_type": "bus", "hub_scale": "stop", "amenity": null, "railway": null, "public_transport": "platform", "highway": "bus_stop", "aeroway": null, "building": null, "operator": null, "network": null, "centroid_lat": 5.5788369, "centroid_lon": -0.1745985 }, "geometry": { "type": "Point", "coordinates": [ -0.1745985, 5.5788369 ] } },
{ "type": "Feature", "properties": { "osmid": 5029234104, "element": "node", "name": "SSNIT", "hub_type": "bus", "hub_scale": "stop", "amenity": null, "railway": null, "public_transport": "platform", "highway": "bus_stop", "aeroway": null, "building": null, "operator": null, "network": null, "centroid_lat": 5.5621365, "centroid_lon": -0.1824172 }, "geometry": { "type": "Point", "coordinates": [ -0.1824172, 5.5621365 ] } },
{ "type": "Feature", "properties": { "osmid": 5029234105, "element": "node", "name": "Five Junction", "hub_type": "bus", "hub_scale": "stop", "amenity": null, "railway": null, "public_transport": "platform", "highway": "bus_stop", "aeroway": null, "building": null, "operator": null, "network": null, "centroid_lat": 5.5522416, "centroid_lon": -0.18441 }, "geometry": { "type": "Point", "coordinates": [ -0.18441, 5.5522416 ] } },
{ "type": "Feature", "properties": { "osmid": 5029234106, "element": "node", "name": "Second Stop", "hub_type": "bus", "hub_scale": "stop", "amenity": null, "railway": null, "public_transport": "platform", "highway": "bus_stop", "aeroway": null, "building": null, "operator": null, "network": null, "centroid_lat": 5.5503945, "centroid_lon": -0.1854512 }, "geometry": { "type": "Point", "coordinates": [ -0.1854512, 5.5503945 ] } },
{ "type": "Feature", "properties": { "osmid": 5029234107, "element": "node", "name": "Ministries", "hub_type": "bus", "hub_scale": "stop", "amenity": null, "railway": null, "public_transport": "platform", "highway": "bus_stop", "aeroway": null, "building": null, "operator": null, "network": null, "centroid_lat": 5.5485659, "centroid_lon": -0.19469 }, "geometry": { "type": "Point", "coordinates": [ -0.19469, 5.5485659 ] } },
{ "type": "Feature", "properties": { "osmid": 5029264392, "element": "node", "name": null, "hub_type": "bus", "hub_scale": "stop", "amenity": null, "railway": null, "public_transport": "stop_position", "highway": null, "aeroway": null, "building": null, "operator": null, "network": null, "centroid_lat": 5.5775955, "centroid_lon": -0.1707863 }, "geometry": { "type": "Point", "coordinates": [ -0.1707863, 5.5775955 ] } },
{ "type": "Feature", "properties": { "osmid": 5029276337, "element": "node", "name": "Five junction", "hub_type": "bus", "hub_scale": "stop", "amenity": null, "railway": null, "public_transport": "platform", "highway": "bus_stop", "aeroway": null, "building": null, "operator": null, "network": null, "centroid_lat": 5.552308, "centroid_lon": -0.1844207 }, "geometry": { "type": "Point", "coordinates": [ -0.1844207, 5.552308 ] } },
{ "type": "Feature", "properties": { "osmid": 5029644470, "element": "node", "name": null, "hub_type": "bus", "hub_scale": "stop", "amenity": null, "railway": null, "public_transport": "stop_position", "highway": null, "aeroway": null, "building": null, "operator": null, "network": null, "centroid_lat": 5.5805499, "centroid_lon": -0.1983856 }, "geometry": { "type": "Point", "coordinates": [ -0.1983856, 5.5805499 ] } },
{ "type": "Feature", "properties": { "osmid": 5029644471, "element": "node", "name": "Nima", "hub_type": "bus", "hub_scale": "stop", "amenity": null, "railway": null, "public_transport": "platform", "highway": "bus_stop", "aeroway": null, "building": null, "operator": null, "network": null, "centroid_lat": 5.5805666, "centroid_lon": -0.1983761 }, "geometry": { "type": "Point", "coordinates": [ -0.1983761, 5.5805666 ] } },
{ "type": "Feature", "properties": { "osmid": 5029644472, "element": "node", "name": "Nima Mamobi", "hub_type": "bus", "hub_scale": "stop", "amenity": null, "railway": null, "public_transport": "platform", "highway": "bus_stop", "aeroway": null, "building": null, "operator": null, "network": null, "centroid_lat": 5.5800754, "centroid_lon": -0.1977842 }, "geometry": { "type": "Point", "coordinates": [ -0.1977842, 5.5800754 ] } },
{ "type": "Feature", "properties": { "osmid": 5029644473, "element": "node", "name": "Frankies Hotel Junction", "hub_type": "bus", "hub_scale": "stop", "amenity": null, "railway": null, "public_transport": "platform", "highway": "bus_stop", "aeroway": null, "building": null, "operator": null, "network": null, "centroid_lat": 5.5776692, "centroid_lon": -0.1986836 }, "geometry": { "type": "Point", "coordinates": [ -0.1986836, 5.5776692 ] } },
{ "type": "Feature", "properties": { "osmid": 5029644474, "element": "node", "name": "Kanda Roundabout Junction", "hub_type": "bus", "hub_scale": "stop", "amenity": null, "railway": null, "public_transport": "platform", "highway": "bus_stop", "aeroway": null, "building": null, "operator": null, "network": null, "centroid_lat": 5.5760993, "centroid_lon": -0.1966583 }, "geometry": { "type": "Point", "coordinates": [ -0.1966583, 5.5760993 ] } },
{ "type": "Feature", "properties": { "osmid": 5029644475, "element": "node", "name": "Accra High School", "hub_type": "bus", "hub_scale": "stop", "amenity": null, "railway": null, "public_transport": "platform", "highway": "bus_stop", "aeroway": null, "building": null, "operator": null, "network": null, "centroid_lat": 5.5693914, "centroid_lon": -0.200385 }, "geometry": { "type": "Point", "coordinates": [ -0.200385, 5.5693914 ] } },
{ "type": "Feature", "properties": { "osmid": 5029644476, "element": "node", "name": "National Theatre", "hub_type": "bus", "hub_scale": "stop", "amenity": null, "railway": null, "public_transport": "platform", "highway": "bus_stop", "aeroway": null, "building": null, "operator": null, "network": null, "centroid_lat": 5.5542962, "centroid_lon": -0.201016 }, "geometry": { "type": "Point", "coordinates": [ -0.201016, 5.5542962 ] } },
{ "type": "Feature", "properties": { "osmid": 5030249495, "element": "node", "name": "Kinbu", "hub_type": "bus", "hub_scale": "stop", "amenity": null, "railway": null, "public_transport": "platform", "highway": "bus_stop", "aeroway": null, "building": null, "operator": null, "network": null, "centroid_lat": 5.5512835, "centroid_lon": -0.2041888 }, "geometry": { "type": "Point", "coordinates": [ -0.2041888, 5.5512835 ] } },
{ "type": "Feature", "properties": { "osmid": 5030249496, "element": "node", "name": "Accra Technical University", "hub_type": "bus", "hub_scale": "stop", "amenity": null, "railway": null, "public_transport": "platform", "highway": "bus_stop", "aeroway": null, "building": null, "operator": null, "network": null, "centroid_lat": 5.5554124, "centroid_lon": -0.2054038 }, "geometry": { "type": "Point", "coordinates": [ -0.2054038, 5.5554124 ] } },
{ "type": "Feature", "properties": { "osmid": 5030249497, "element": "node", "name": "OXL Junction", "hub_type": "bus", "hub_scale": "stop", "amenity": null, "railway": null, "public_transport": "platform", "highway": "bus_stop", "aeroway": null, "building": null, "operator": null, "network": null, "centroid_lat": 5.5565289, "centroid_lon": -0.2024014 }, "geometry": { "type": "Point", "coordinates": [ -0.2024014, 5.5565289 ] } },
{ "type": "Feature", "properties": { "osmid": 5030249498, "element": "node", "name": "Accra High", "hub_type": "bus", "hub_scale": "stop", "amenity": null, "railway": null, "public_transport": "platform", "highway": "bus_stop", "aeroway": null, "building": null, "operator": null, "network": null, "centroid_lat": 5.5600736, "centroid_lon": -0.2016021 }, "geometry": { "type": "Point", "coordinates": [ -0.2016021, 5.5600736 ] } },
{ "type": "Feature", "properties": { "osmid": 5030249499, "element": "node", "name": "Ridge", "hub_type": "bus", "hub_scale": "stop", "amenity": null, "railway": null, "public_transport": "platform", "highway": "bus_stop", "aeroway": null, "building": null, "operator": null, "network": null, "centroid_lat": 5.5616616, "centroid_lon": -0.2002185 }, "geometry": { "type": "Point", "coordinates": [ -0.2002185, 5.5616616 ] } },
{ "type": "Feature", "properties": { "osmid": 5030249500, "element": "node", "name": "Second Gate", "hub_type": "bus", "hub_scale": "stop", "amenity": null, "railway": null, "public_transport": "platform", "highway": "bus_stop", "aeroway": null, "building": null, "operator": null, "network": null, "centroid_lat": 5.5648661, "centroid_lon": -0.2021079 }, "geometry": { "type": "Point", "coordinates": [ -0.2021079, 5.5648661 ] } },
{ "type": "Feature", "properties": { "osmid": 5030249501, "element": "node", "name": "Sunny FM", "hub_type": "bus", "hub_scale": "stop", "amenity": null, "railway": null, "public_transport": "platform", "highway": "bus_stop", "aeroway": null, "building": null, "operator": null, "network": null, "centroid_lat": 5.5703307, "centroid_lon": -0.2000659 }, "geometry": { "type": "Point", "coordinates": [ -0.2000659, 5.5703307 ] } },
{ "type": "Feature", "properties": { "osmid": 5030249502, "element": "node", "name": "Nima Market", "hub_type": "bus", "hub_scale": "stop", "amenity": null, "railway": null, "public_transport": "platform", "highway": "bus_stop", "aeroway": null, "building": null, "operator": null, "network": null, "centroid_lat": 5.5801218, "centroid_lon": -0.199501 }, "geometry": { "type": "Point", "coordinates": [ -0.199501, 5.5801218 ] } },
{ "type": "Feature", "properties": { "osmid": 5030423318, "element": "node", "name": "Brewa", "hub_type": "bus", "hub_scale": "stop", "amenity": null, "railway": null, "public_transport": "platform", "highway": "bus_stop", "aeroway": null, "building": null, "operator": null, "network": null, "centroid_lat": 5.6425071, "centroid_lon": -0.161235 }, "geometry": { "type": "Point", "coordinates": [ -0.161235, 5.6425071 ] } },
{ "type": "Feature", "properties": { "osmid": 5030650715, "element": "node", "name": "Nyaho", "hub_type": "bus", "hub_scale": "stop", "amenity": null, "railway": null, "public_transport": "platform", "highway": "bus_stop", "aeroway": null, "building": null, "operator": null, "network": null, "centroid_lat": 5.6148991, "centroid_lon": -0.1850166 }, "geometry": { "type": "Point", "coordinates": [ -0.1850166, 5.6148991 ] } },
{ "type": "Feature", "properties": { "osmid": 5030650716, "element": "node", "name": "Jack and Jill", "hub_type": "bus", "hub_scale": "stop", "amenity": null, "railway": null, "public_transport": "platform", "highway": "bus_stop", "aeroway": null, "building": null, "operator": null, "network": null, "centroid_lat": 5.6019885, "centroid_lon": -0.1897591 }, "geometry": { "type": "Point", "coordinates": [ -0.1897591, 5.6019885 ] } },
{ "type": "Feature", "properties": { "osmid": 5030650717, "element": "node", "name": "Alaska", "hub_type": "bus", "hub_scale": "stop", "amenity": null, "railway": null, "public_transport": "platform", "highway": "bus_stop", "aeroway": null, "building": null, "operator": null, "network": null, "centroid_lat": 5.5862518, "centroid_lon": -0.1971293 }, "geometry": { "type": "Point", "coordinates": [ -0.1971293, 5.5862518 ] } },
{ "type": "Feature", "properties": { "osmid": 5030650718, "element": "node", "name": "Nima Station", "hub_type": "bus", "hub_scale": "stop", "amenity": null, "railway": null, "public_transport": "platform", "highway": "bus_stop", "aeroway": null, "building": null, "operator": null, "network": null, "centroid_lat": 5.5815141, "centroid_lon": -0.1987605 }, "geometry": { "type": "Point", "coordinates": [ -0.1987605, 5.5815141 ] } },
{ "type": "Feature", "properties": { "osmid": 5030747554, "element": "node", "name": "Borla", "hub_type": "bus", "hub_scale": "stop", "amenity": null, "railway": null, "public_transport": "platform", "highway": "bus_stop", "aeroway": null, "building": null, "operator": null, "network": null, "centroid_lat": 5.5838624, "centroid_lon": -0.1978956 }, "geometry": { "type": "Point", "coordinates": [ -0.1978956, 5.5838624 ] } },
{ "type": "Feature", "properties": { "osmid": 5030747555, "element": "node", "name": "Nima Overhead", "hub_type": "bus", "hub_scale": "stop", "amenity": null, "railway": null, "public_transport": "platform", "highway": "bus_stop", "aeroway": null, "building": null, "operator": null, "network": null, "centroid_lat": 5.5941233, "centroid_lon": -0.1947363 }, "geometry": { "type": "Point", "coordinates": [ -0.1947363, 5.5941233 ] } },
{ "type": "Feature", "properties": { "osmid": 5030747556, "element": "node", "name": "Konka", "hub_type": "bus", "hub_scale": "stop", "amenity": null, "railway": null, "public_transport": "platform", "highway": "bus_stop", "aeroway": null, "building": null, "operator": null, "network": null, "centroid_lat": 5.5966298, "centroid_lon": -0.1949648 }, "geometry": { "type": "Point", "coordinates": [ -0.1949648, 5.5966298 ] } },
{ "type": "Feature", "properties": { "osmid": 5030747557, "element": "node", "name": "Accra Girls", "hub_type": "bus", "hub_scale": "stop", "amenity": null, "railway": null, "public_transport": "platform", "highway": "bus_stop", "aeroway": null, "building": null, "operator": null, "network": null, "centroid_lat": 5.5981938, "centroid_lon": -0.194041 }, "geometry": { "type": "Point", "coordinates": [ -0.194041, 5.5981938 ] } },
{ "type": "Feature", "properties": { "osmid": 5030747558, "element": "node", "name": "Power House", "hub_type": "bus", "hub_scale": "stop", "amenity": null, "railway": null, "public_transport": "platform", "highway": "bus_stop", "aeroway": null, "building": null, "operator": null, "network": null, "centroid_lat": 5.5997701, "centroid_lon": -0.1942808 }, "geometry": { "type": "Point", "coordinates": [ -0.1942808, 5.5997701 ] } },
{ "type": "Feature", "properties": { "osmid": 5030747559, "element": "node", "name": "French School", "hub_type": "bus", "hub_scale": "stop", "amenity": null, "railway": null, "public_transport": "platform", "highway": "bus_stop", "aeroway": null, "building": null, "operator": null, "network": null, "centroid_lat": 5.6018069, "centroid_lon": -0.1933949 }, "geometry": { "type": "Point", "coordinates": [ -0.1933949, 5.6018069 ] } },
{ "type": "Feature", "properties": { "osmid": 5030747560, "element": "node", "name": "SGS", "hub_type": "bus", "hub_scale": "stop", "amenity": null, "railway": null, "public_transport": "platform", "highway": "bus_stop", "aeroway": null, "building": null, "operator": null, "network": null, "centroid_lat": 5.6022405, "centroid_lon": -0.1919126 }, "geometry": { "type": "Point", "coordinates": [ -0.1919126, 5.6022405 ] } },
{ "type": "Feature", "properties": { "osmid": 5030747561, "element": "node", "name": "Jack and Jill", "hub_type": "bus", "hub_scale": "stop", "amenity": null, "railway": null, "public_transport": "platform", "highway": "bus_stop", "aeroway": null, "building": null, "operator": null, "network": null, "centroid_lat": 5.6020175, "centroid_lon": -0.1895495 }, "geometry": { "type": "Point", "coordinates": [ -0.1895495, 5.6020175 ] } },
{ "type": "Feature", "properties": { "osmid": 5030747562, "element": "node", "name": "Sign Board", "hub_type": "bus", "hub_scale": "stop", "amenity": null, "railway": null, "public_transport": "platform", "highway": "bus_stop", "aeroway": null, "building": null, "operator": null, "network": null, "centroid_lat": 5.601947, "centroid_lon": -0.1882673 }, "geometry": { "type": "Point", "coordinates": [ -0.1882673, 5.601947 ] } },
{ "type": "Feature", "properties": { "osmid": 5030747563, "element": "node", "name": "Bostal", "hub_type": "bus", "hub_scale": "stop", "amenity": null, "railway": null, "public_transport": "platform", "highway": "bus_stop", "aeroway": null, "building": null, "operator": null, "network": null, "centroid_lat": 5.6064145, "centroid_lon": -0.1887972 }, "geometry": { "type": "Point", "coordinates": [ -0.1887972, 5.6064145 ] } },
{ "type": "Feature", "properties": { "osmid": 5030747564, "element": "node", "name": "Bostal Second", "hub_type": "bus", "hub_scale": "stop", "amenity": null, "railway": null, "public_transport": "platform", "highway": "bus_stop", "aeroway": null, "building": null, "operator": null, "network": null, "centroid_lat": 5.6072741, "centroid_lon": -0.1882234 }, "geometry": { "type": "Point", "coordinates": [ -0.1882234, 5.6072741 ] } },
{ "type": "Feature", "properties": { "osmid": 5030747565, "element": "node", "name": "Bostal First", "hub_type": "bus", "hub_scale": "stop", "amenity": null, "railway": null, "public_transport": "platform", "highway": "bus_stop", "aeroway": null, "building": null, "operator": null, "network": null, "centroid_lat": 5.6083209, "centroid_lon": -0.1875321 }, "geometry": { "type": "Point", "coordinates": [ -0.1875321, 5.6083209 ] } },
{ "type": "Feature", "properties": { "osmid": 5030747566, "element": "node", "name": "High Flow", "hub_type": "bus", "hub_scale": "stop", "amenity": null, "railway": null, "public_transport": "platform", "highway": "bus_stop", "aeroway": null, "building": null, "operator": null, "network": null, "centroid_lat": 5.61024, "centroid_lon": -0.186271 }, "geometry": { "type": "Point", "coordinates": [ -0.186271, 5.61024 ] } },
{ "type": "Feature", "properties": { "osmid": 5030747567, "element": "node", "name": "Chinese Curve", "hub_type": "bus", "hub_scale": "stop", "amenity": null, "railway": null, "public_transport": "platform", "highway": "bus_stop", "aeroway": null, "building": null, "operator": null, "network": null, "centroid_lat": 5.6110061, "centroid_lon": -0.1857613 }, "geometry": { "type": "Point", "coordinates": [ -0.1857613, 5.6110061 ] } },
{ "type": "Feature", "properties": { "osmid": 5030747568, "element": "node", "name": "Chinese", "hub_type": "bus", "hub_scale": "stop", "amenity": null, "railway": null, "public_transport": "platform", "highway": "bus_stop", "aeroway": null, "building": null, "operator": null, "network": null, "centroid_lat": 5.6119828, "centroid_lon": -0.1866637 }, "geometry": { "type": "Point", "coordinates": [ -0.1866637, 5.6119828 ] } },
{ "type": "Feature", "properties": { "osmid": 5030747569, "element": "node", "name": "T Junction", "hub_type": "bus", "hub_scale": "stop", "amenity": null, "railway": null, "public_transport": "platform", "highway": "bus_stop", "aeroway": null, "building": null, "operator": null, "network": null, "centroid_lat": 5.6133414, "centroid_lon": -0.1875397 }, "geometry": { "type": "Point", "coordinates": [ -0.1875397, 5.6133414 ] } },
{ "type": "Feature", "properties": { "osmid": 5030747570, "element": "node", "name": "Nyaho", "hub_type": "bus", "hub_scale": "stop", "amenity": null, "railway": null, "public_transport": "platform", "highway": "bus_stop", "aeroway": null, "building": null, "operator": null, "network": null, "centroid_lat": 5.6148627, "centroid_lon": -0.1851741 }, "geometry": { "type": "Point", "coordinates": [ -0.1851741, 5.6148627 ] } },
{ "type": "Feature", "properties": { "osmid": 5030747571, "element": "node", "name": "School Junction", "hub_type": "bus", "hub_scale": "stop", "amenity": null, "railway": null, "public_transport": "platform", "highway": "bus_stop", "aeroway": null, "building": null, "operator": null, "network": null, "centroid_lat": 5.6155257, "centroid_lon": -0.1841419 }, "geometry": { "type": "Point", "coordinates": [ -0.1841419, 5.6155257 ] } },
{ "type": "Feature", "properties": { "osmid": 5030747572, "element": "node", "name": "Second Container", "hub_type": "bus", "hub_scale": "stop", "amenity": null, "railway": null, "public_transport": "platform", "highway": "bus_stop", "aeroway": null, "building": null, "operator": null, "network": null, "centroid_lat": 5.6163772, "centroid_lon": -0.1828252 }, "geometry": { "type": "Point", "coordinates": [ -0.1828252, 5.6163772 ] } },
{ "type": "Feature", "properties": { "osmid": 5030747573, "element": "node", "name": "Container First", "hub_type": "bus", "hub_scale": "stop", "amenity": null, "railway": null, "public_transport": "platform", "highway": "bus_stop", "aeroway": null, "building": null, "operator": null, "network": null, "centroid_lat": 5.6169509, "centroid_lon": -0.1819397 }, "geometry": { "type": "Point", "coordinates": [ -0.1819397, 5.6169509 ] } },
{ "type": "Feature", "properties": { "osmid": 5030857588, "element": "node", "name": "Darkuman Junction", "hub_type": "bus", "hub_scale": "stop", "amenity": null, "railway": null, "public_transport": "platform", "highway": "bus_stop", "aeroway": null, "building": null, "operator": null, "network": null, "centroid_lat": 5.5775541, "centroid_lon": -0.2545564 }, "geometry": { "type": "Point", "coordinates": [ -0.2545564, 5.5775541 ] } },
{ "type": "Feature", "properties": { "osmid": 5030857589, "element": "node", "name": "Achimota Overhead", "hub_type": "bus", "hub_scale": "stop", "amenity": null, "railway": null, "public_transport": "platform", "highway": "bus_stop", "aeroway": null, "building": null, "operator": null, "network": null, "centroid_lat": 5.6198023, "centroid_lon": -0.2305218 }, "geometry": { "type": "Point", "coordinates": [ -0.2305218, 5.6198023 ] } },
{ "type": "Feature", "properties": { "osmid": 5030894252, "element": "node", "name": "Quarters", "hub_type": "bus", "hub_scale": "stop", "amenity": null, "railway": null, "public_transport": "platform", "highway": "bus_stop", "aeroway": null, "building": null, "operator": null, "network": null, "centroid_lat": 5.5855713, "centroid_lon": -0.2515972 }, "geometry": { "type": "Point", "coordinates": [ -0.2515972, 5.5855713 ] } },
{ "type": "Feature", "properties": { "osmid": 5030894253, "element": "node", "name": "Bombay", "hub_type": "bus", "hub_scale": "stop", "amenity": null, "railway": null, "public_transport": "platform", "highway": "bus_stop", "aeroway": null, "building": null, "operator": null, "network": null, "centroid_lat": 5.5956776, "centroid_lon": -0.2529063 }, "geometry": { "type": "Point", "coordinates": [ -0.2529063, 5.5956776 ] } },
{ "type": "Feature", "properties": { "osmid": 5030924914, "element": "node", "name": "Nima Station (Gutter Station)", "hub_type": "bus", "hub_scale": "stop", "amenity": null, "railway": null, "public_transport": "platform", "highway": "bus_stop", "aeroway": null, "building": null, "operator": null, "network": null, "centroid_lat": 5.5882723, "centroid_lon": -0.1966627 }, "geometry": { "type": "Point", "coordinates": [ -0.1966627, 5.5882723 ] } },
{ "type": "Feature", "properties": { "osmid": 5030980188, "element": "node", "name": "Nima Station", "hub_type": "bus", "hub_scale": "stop", "amenity": null, "railway": null, "public_transport": "platform", "highway": "bus_stop", "aeroway": null, "building": null, "operator": null, "network": null, "centroid_lat": 5.5820394, "centroid_lon": -0.1984252 }, "geometry": { "type": "Point", "coordinates": [ -0.1984252, 5.5820394 ] } },
{ "type": "Feature", "properties": { "osmid": 5030980189, "element": "node", "name": "Alaska (Nima Maamobi)", "hub_type": "bus", "hub_scale": "stop", "amenity": null, "railway": null, "public_transport": "platform", "highway": "bus_stop", "aeroway": null, "building": null, "operator": null, "network": null, "centroid_lat": 5.5861405, "centroid_lon": -0.1972468 }, "geometry": { "type": "Point", "coordinates": [ -0.1972468, 5.5861405 ] } },
{ "type": "Feature", "properties": { "osmid": 5031022750, "element": "node", "name": "Happy Days", "hub_type": "bus", "hub_scale": "stop", "amenity": null, "railway": null, "public_transport": "platform", "highway": "bus_stop", "aeroway": null, "building": null, "operator": null, "network": null, "centroid_lat": 5.5556859, "centroid_lon": -0.2323775 }, "geometry": { "type": "Point", "coordinates": [ -0.2323775, 5.5556859 ] } },
{ "type": "Feature", "properties": { "osmid": 5031022751, "element": "node", "name": "Roundabout", "hub_type": "bus", "hub_scale": "stop", "amenity": null, "railway": null, "public_transport": "platform", "highway": "bus_stop", "aeroway": null, "building": null, "operator": null, "network": null, "centroid_lat": 5.562593, "centroid_lon": -0.2285804 }, "geometry": { "type": "Point", "coordinates": [ -0.2285804, 5.562593 ] } },
{ "type": "Feature", "properties": { "osmid": 5031266296, "element": "node", "name": null, "hub_type": "bus", "hub_scale": "stop", "amenity": null, "railway": null, "public_transport": "platform", "highway": "bus_stop", "aeroway": null, "building": null, "operator": null, "network": null, "centroid_lat": 5.5986171, "centroid_lon": -0.2473258 }, "geometry": { "type": "Point", "coordinates": [ -0.2473258, 5.5986171 ] } },
{ "type": "Feature", "properties": { "osmid": 5031266297, "element": "node", "name": "Musulley", "hub_type": "bus", "hub_scale": "stop", "amenity": null, "railway": null, "public_transport": "platform", "highway": "bus_stop", "aeroway": null, "building": null, "operator": null, "network": null, "centroid_lat": 5.5986871, "centroid_lon": -0.2453377 }, "geometry": { "type": "Point", "coordinates": [ -0.2453377, 5.5986871 ] } },
{ "type": "Feature", "properties": { "osmid": 5031266298, "element": "node", "name": "Market", "hub_type": "bus", "hub_scale": "stop", "amenity": null, "railway": null, "public_transport": "platform", "highway": "bus_stop", "aeroway": null, "building": null, "operator": null, "network": null, "centroid_lat": 5.5958597, "centroid_lon": -0.245294 }, "geometry": { "type": "Point", "coordinates": [ -0.245294, 5.5958597 ] } },
{ "type": "Feature", "properties": { "osmid": 5031266299, "element": "node", "name": "Point 4 (last stop)", "hub_type": "bus", "hub_scale": "stop", "amenity": null, "railway": null, "public_transport": "platform", "highway": "bus_stop", "aeroway": null, "building": null, "operator": null, "network": null, "centroid_lat": 5.5953077, "centroid_lon": -0.242534 }, "geometry": { "type": "Point", "coordinates": [ -0.242534, 5.5953077 ] } },
{ "type": "Feature", "properties": { "osmid": 5031266300, "element": "node", "name": "Demod", "hub_type": "bus", "hub_scale": "stop", "amenity": null, "railway": null, "public_transport": "platform", "highway": "bus_stop", "aeroway": null, "building": null, "operator": null, "network": null, "centroid_lat": 5.588813, "centroid_lon": -0.2406325 }, "geometry": { "type": "Point", "coordinates": [ -0.2406325, 5.588813 ] } },
{ "type": "Feature", "properties": { "osmid": 5031288171, "element": "node", "name": "New Melcom", "hub_type": "bus", "hub_scale": "stop", "amenity": null, "railway": null, "public_transport": "platform", "highway": "bus_stop", "aeroway": null, "building": null, "operator": null, "network": null, "centroid_lat": 5.5851866, "centroid_lon": -0.2214446 }, "geometry": { "type": "Point", "coordinates": [ -0.2214446, 5.5851866 ] } },
{ "type": "Feature", "properties": { "osmid": 5031288172, "element": "node", "name": "North Kaneshie", "hub_type": "bus", "hub_scale": "stop", "amenity": null, "railway": null, "public_transport": "platform", "highway": "bus_stop", "aeroway": null, "building": null, "operator": null, "network": null, "centroid_lat": 5.5896201, "centroid_lon": -0.2366296 }, "geometry": { "type": "Point", "coordinates": [ -0.2366296, 5.5896201 ] } },
{ "type": "Feature", "properties": { "osmid": 5031288173, "element": "node", "name": "Point 4", "hub_type": "bus", "hub_scale": "stop", "amenity": null, "railway": null, "public_transport": "platform", "highway": "bus_stop", "aeroway": null, "building": null, "operator": null, "network": null, "centroid_lat": 5.5927489, "centroid_lon": -0.2422199 }, "geometry": { "type": "Point", "coordinates": [ -0.2422199, 5.5927489 ] } },
{ "type": "Feature", "properties": { "osmid": 5031288174, "element": "node", "name": null, "hub_type": "bus", "hub_scale": "stop", "amenity": null, "railway": null, "public_transport": "platform", "highway": "bus_stop", "aeroway": null, "building": null, "operator": null, "network": null, "centroid_lat": 5.595347, "centroid_lon": -0.2425998 }, "geometry": { "type": "Point", "coordinates": [ -0.2425998, 5.595347 ] } },
{ "type": "Feature", "properties": { "osmid": 5031303659, "element": "node", "name": "Light House", "hub_type": "bus", "hub_scale": "stop", "amenity": null, "railway": null, "public_transport": "platform", "highway": "bus_stop", "aeroway": null, "building": null, "operator": null, "network": null, "centroid_lat": 5.5864409, "centroid_lon": -0.2287267 }, "geometry": { "type": "Point", "coordinates": [ -0.2287267, 5.5864409 ] } },
{ "type": "Feature", "properties": { "osmid": 5031322654, "element": "node", "name": "Tigo Office", "hub_type": "bus", "hub_scale": "stop", "amenity": null, "railway": null, "public_transport": "platform", "highway": "bus_stop", "aeroway": null, "building": null, "operator": null, "network": null, "centroid_lat": 5.5576005, "centroid_lon": -0.205726 }, "geometry": { "type": "Point", "coordinates": [ -0.205726, 5.5576005 ] } },
{ "type": "Feature", "properties": { "osmid": 5031322662, "element": "node", "name": null, "hub_type": "bus", "hub_scale": "stop", "amenity": null, "railway": null, "public_transport": "stop_position", "highway": null, "aeroway": null, "building": null, "operator": null, "network": null, "centroid_lat": 5.5688388, "centroid_lon": -0.2160406 }, "geometry": { "type": "Point", "coordinates": [ -0.2160406, 5.5688388 ] } },
{ "type": "Feature", "properties": { "osmid": 5031322663, "element": "node", "name": "Novotel", "hub_type": "bus", "hub_scale": "stop", "amenity": null, "railway": null, "public_transport": "platform", "highway": "bus_stop", "aeroway": null, "building": null, "operator": null, "network": null, "centroid_lat": 5.5499807, "centroid_lon": -0.1995555 }, "geometry": { "type": "Point", "coordinates": [ -0.1995555, 5.5499807 ] } },
{ "type": "Feature", "properties": { "osmid": 5031322664, "element": "node", "name": "Circle", "hub_type": "bus", "hub_scale": "stop", "amenity": null, "railway": null, "public_transport": "platform", "highway": "bus_stop", "aeroway": null, "building": null, "operator": null, "network": null, "centroid_lat": 5.5688494, "centroid_lon": -0.2159517 }, "geometry": { "type": "Point", "coordinates": [ -0.2159517, 5.5688494 ] } },
{ "type": "Feature", "properties": { "osmid": 5031328607, "element": "node", "name": "Museum", "hub_type": "bus", "hub_scale": "stop", "amenity": null, "railway": null, "public_transport": "platform", "highway": "bus_stop", "aeroway": null, "building": null, "operator": null, "network": null, "centroid_lat": 5.5611891, "centroid_lon": -0.2061224 }, "geometry": { "type": "Point", "coordinates": [ -0.2061224, 5.5611891 ] } },
{ "type": "Feature", "properties": { "osmid": 5031633792, "element": "node", "name": "Stadium", "hub_type": "bus", "hub_scale": "stop", "amenity": null, "railway": null, "public_transport": "platform", "highway": "bus_stop", "aeroway": null, "building": null, "operator": null, "network": null, "centroid_lat": 5.5535574, "centroid_lon": -0.1906769 }, "geometry": { "type": "Point", "coordinates": [ -0.1906769, 5.5535574 ] } },
{ "type": "Feature", "properties": { "osmid": 5031633793, "element": "node", "name": "Ridge Hospital", "hub_type": "bus", "hub_scale": "stop", "amenity": null, "railway": null, "public_transport": "platform", "highway": "bus_stop", "aeroway": null, "building": null, "operator": null, "network": null, "centroid_lat": 5.5612813, "centroid_lon": -0.199435 }, "geometry": { "type": "Point", "coordinates": [ -0.199435, 5.5612813 ] } },
{ "type": "Feature", "properties": { "osmid": 5031643334, "element": "node", "name": "Total", "hub_type": "bus", "hub_scale": "stop", "amenity": null, "railway": null, "public_transport": "platform", "highway": "bus_stop", "aeroway": null, "building": null, "operator": null, "network": null, "centroid_lat": 5.5652032, "centroid_lon": -0.2077946 }, "geometry": { "type": "Point", "coordinates": [ -0.2077946, 5.5652032 ] } },
{ "type": "Feature", "properties": { "osmid": 5031643335, "element": "node", "name": "Roundabout Ridge", "hub_type": "bus", "hub_scale": "stop", "amenity": null, "railway": null, "public_transport": "platform", "highway": "bus_stop", "aeroway": null, "building": null, "operator": null, "network": null, "centroid_lat": 5.5599174, "centroid_lon": -0.1976165 }, "geometry": { "type": "Point", "coordinates": [ -0.1976165, 5.5599174 ] } },
{ "type": "Feature", "properties": { "osmid": 5031643336, "element": "node", "name": "Stadium", "hub_type": "bus", "hub_scale": "stop", "amenity": null, "railway": null, "public_transport": "platform", "highway": "bus_stop", "aeroway": null, "building": null, "operator": null, "network": null, "centroid_lat": 5.5534727, "centroid_lon": -0.1904382 }, "geometry": { "type": "Point", "coordinates": [ -0.1904382, 5.5534727 ] } },
{ "type": "Feature", "properties": { "osmid": 5033271029, "element": "node", "name": "Last stop", "hub_type": "bus", "hub_scale": "stop", "amenity": null, "railway": null, "public_transport": "platform", "highway": "bus_stop", "aeroway": null, "building": null, "operator": null, "network": null, "centroid_lat": 5.5533493, "centroid_lon": -0.1837006 }, "geometry": { "type": "Point", "coordinates": [ -0.1837006, 5.5533493 ] } },
{ "type": "Feature", "properties": { "osmid": 5033271030, "element": "node", "name": "Christian Council", "hub_type": "bus", "hub_scale": "stop", "amenity": null, "railway": null, "public_transport": "platform", "highway": "bus_stop", "aeroway": null, "building": null, "operator": null, "network": null, "centroid_lat": 5.5533827, "centroid_lon": -0.1828747 }, "geometry": { "type": "Point", "coordinates": [ -0.1828747, 5.5533827 ] } },
{ "type": "Feature", "properties": { "osmid": 5033271031, "element": "node", "name": "Kelewele", "hub_type": "bus", "hub_scale": "stop", "amenity": null, "railway": null, "public_transport": "platform", "highway": "bus_stop", "aeroway": null, "building": null, "operator": null, "network": null, "centroid_lat": 5.5536435, "centroid_lon": -0.1814955 }, "geometry": { "type": "Point", "coordinates": [ -0.1814955, 5.5536435 ] } },
{ "type": "Feature", "properties": { "osmid": 5033271032, "element": "node", "name": "Zenith", "hub_type": "bus", "hub_scale": "stop", "amenity": null, "railway": null, "public_transport": "platform", "highway": "bus_stop", "aeroway": null, "building": null, "operator": null, "network": null, "centroid_lat": 5.5653136, "centroid_lon": -0.1819222 }, "geometry": { "type": "Point", "coordinates": [ -0.1819222, 5.5653136 ] } },
{ "type": "Feature", "properties": { "osmid": 5033271033, "element": "node", "name": "Mami Dokuno", "hub_type": "bus", "hub_scale": "stop", "amenity": null, "railway": null, "public_transport": "platform", "highway": "bus_stop", "aeroway": null, "building": null, "operator": null, "network": null, "centroid_lat": 5.5701548, "centroid_lon": -0.2126905 }, "geometry": { "type": "Point", "coordinates": [ -0.2126905, 5.5701548 ] } },
{ "type": "Feature", "properties": { "osmid": 5033299214, "element": "node", "name": "Afridom", "hub_type": "bus", "hub_scale": "stop", "amenity": null, "railway": null, "public_transport": "platform", "highway": "bus_stop", "aeroway": null, "building": null, "operator": null, "network": null, "centroid_lat": 5.5650247, "centroid_lon": -0.1819088 }, "geometry": { "type": "Point", "coordinates": [ -0.1819088, 5.5650247 ] } },
{ "type": "Feature", "properties": { "osmid": 5033299215, "element": "node", "name": "Last Stop Odawnaa", "hub_type": "bus", "hub_scale": "stop", "amenity": null, "railway": null, "public_transport": "platform", "highway": "bus_stop", "aeroway": null, "building": null, "operator": null, "network": null, "centroid_lat": 5.5682148, "centroid_lon": -0.2169915 }, "geometry": { "type": "Point", "coordinates": [ -0.2169915, 5.5682148 ] } },
{ "type": "Feature", "properties": { "osmid": 5033299216, "element": "node", "name": "Curve", "hub_type": "bus", "hub_scale": "stop", "amenity": null, "railway": null, "public_transport": "platform", "highway": "bus_stop", "aeroway": null, "building": null, "operator": null, "network": null, "centroid_lat": 5.566837, "centroid_lon": -0.2162135 }, "geometry": { "type": "Point", "coordinates": [ -0.2162135, 5.566837 ] } },
{ "type": "Feature", "properties": { "osmid": 5033299217, "element": "node", "name": "Fire Service", "hub_type": "bus", "hub_scale": "stop", "amenity": null, "railway": null, "public_transport": "platform", "highway": "bus_stop", "aeroway": null, "building": null, "operator": null, "network": null, "centroid_lat": 5.5691276, "centroid_lon": -0.1846421 }, "geometry": { "type": "Point", "coordinates": [ -0.1846421, 5.5691276 ] } },
{ "type": "Feature", "properties": { "osmid": 5033542212, "element": "node", "name": null, "hub_type": "bus", "hub_scale": "stop", "amenity": null, "railway": null, "public_transport": "stop_position", "highway": null, "aeroway": null, "building": null, "operator": null, "network": null, "centroid_lat": 5.5612538, "centroid_lon": -0.199319 }, "geometry": { "type": "Point", "coordinates": [ -0.199319, 5.5612538 ] } },
{ "type": "Feature", "properties": { "osmid": 5033542213, "element": "node", "name": "Cathedral", "hub_type": "bus", "hub_scale": "stop", "amenity": null, "railway": null, "public_transport": "platform", "highway": "bus_stop", "aeroway": null, "building": null, "operator": null, "network": null, "centroid_lat": 5.563355, "centroid_lon": -0.2062407 }, "geometry": { "type": "Point", "coordinates": [ -0.2062407, 5.563355 ] } },
{ "type": "Feature", "properties": { "osmid": 5033571649, "element": "node", "name": null, "hub_type": "bus", "hub_scale": "stop", "amenity": null, "railway": null, "public_transport": "stop_position", "highway": null, "aeroway": null, "building": null, "operator": null, "network": null, "centroid_lat": 5.5612017, "centroid_lon": -0.1990896 }, "geometry": { "type": "Point", "coordinates": [ -0.1990896, 5.5612017 ] } },
{ "type": "Feature", "properties": { "osmid": 5033861588, "element": "node", "name": "Teachers Hall", "hub_type": "bus", "hub_scale": "stop", "amenity": null, "railway": null, "public_transport": "platform", "highway": "bus_stop", "aeroway": null, "building": null, "operator": null, "network": null, "centroid_lat": 5.5576823, "centroid_lon": -0.2079485 }, "geometry": { "type": "Point", "coordinates": [ -0.2079485, 5.5576823 ] } },
{ "type": "Feature", "properties": { "osmid": 5034072897, "element": "node", "name": "Railway", "hub_type": "bus", "hub_scale": "stop", "amenity": null, "railway": null, "public_transport": "platform", "highway": "bus_stop", "aeroway": null, "building": null, "operator": null, "network": null, "centroid_lat": 5.6078213, "centroid_lon": -0.2081505 }, "geometry": { "type": "Point", "coordinates": [ -0.2081505, 5.6078213 ] } },
{ "type": "Feature", "properties": { "osmid": 5034072898, "element": "node", "name": "Forestry", "hub_type": "bus", "hub_scale": "stop", "amenity": null, "railway": null, "public_transport": "platform", "highway": "bus_stop", "aeroway": null, "building": null, "operator": null, "network": null, "centroid_lat": 5.6173255, "centroid_lon": -0.2159547 }, "geometry": { "type": "Point", "coordinates": [ -0.2159547, 5.6173255 ] } },
{ "type": "Feature", "properties": { "osmid": 5034486676, "element": "node", "name": "Nima Mamobi", "hub_type": "bus", "hub_scale": "stop", "amenity": null, "railway": null, "public_transport": "platform", "highway": "bus_stop", "aeroway": null, "building": null, "operator": null, "network": null, "centroid_lat": 5.5801275, "centroid_lon": -0.1978462 }, "geometry": { "type": "Point", "coordinates": [ -0.1978462, 5.5801275 ] } },
{ "type": "Feature", "properties": { "osmid": 5034539524, "element": "node", "name": "Nima Roundabout", "hub_type": "bus", "hub_scale": "stop", "amenity": null, "railway": null, "public_transport": "platform", "highway": "bus_stop", "aeroway": null, "building": null, "operator": null, "network": null, "centroid_lat": 5.5782776, "centroid_lon": -0.2005797 }, "geometry": { "type": "Point", "coordinates": [ -0.2005797, 5.5782776 ] } },
{ "type": "Feature", "properties": { "osmid": 5035412446, "element": "node", "name": "Darkuman", "hub_type": "bus", "hub_scale": "stop", "amenity": null, "railway": null, "public_transport": "platform", "highway": "bus_stop", "aeroway": null, "building": null, "operator": null, "network": null, "centroid_lat": 5.5889506, "centroid_lon": -0.2510034 }, "geometry": { "type": "Point", "coordinates": [ -0.2510034, 5.5889506 ] } },
{ "type": "Feature", "properties": { "osmid": 5035412447, "element": "node", "name": "Quarters", "hub_type": "bus", "hub_scale": "stop", "amenity": null, "railway": null, "public_transport": "platform", "highway": "bus_stop", "aeroway": null, "building": null, "operator": null, "network": null, "centroid_lat": 5.5863014, "centroid_lon": -0.2510772 }, "geometry": { "type": "Point", "coordinates": [ -0.2510772, 5.5863014 ] } },
{ "type": "Feature", "properties": { "osmid": 5035412448, "element": "node", "name": "Police Station", "hub_type": "bus", "hub_scale": "stop", "amenity": null, "railway": null, "public_transport": "platform", "highway": "bus_stop", "aeroway": null, "building": null, "operator": null, "network": null, "centroid_lat": 5.5862798, "centroid_lon": -0.2449772 }, "geometry": { "type": "Point", "coordinates": [ -0.2449772, 5.5862798 ] } },
{ "type": "Feature", "properties": { "osmid": 5035412449, "element": "node", "name": "Asoredanho", "hub_type": "bus", "hub_scale": "stop", "amenity": null, "railway": null, "public_transport": "platform", "highway": "bus_stop", "aeroway": null, "building": null, "operator": null, "network": null, "centroid_lat": 5.5863055, "centroid_lon": -0.2422683 }, "geometry": { "type": "Point", "coordinates": [ -0.2422683, 5.5863055 ] } },
{ "type": "Feature", "properties": { "osmid": 5035412450, "element": "node", "name": "Washing Bay", "hub_type": "bus", "hub_scale": "stop", "amenity": null, "railway": null, "public_transport": "platform", "highway": "bus_stop", "aeroway": null, "building": null, "operator": null, "network": null, "centroid_lat": 5.586302, "centroid_lon": -0.2395313 }, "geometry": { "type": "Point", "coordinates": [ -0.2395313, 5.586302 ] } },
{ "type": "Feature", "properties": { "osmid": 5035412451, "element": "node", "name": "Alhadji", "hub_type": "bus", "hub_scale": "stop", "amenity": null, "railway": null, "public_transport": "platform", "highway": "bus_stop", "aeroway": null, "building": null, "operator": null, "network": null, "centroid_lat": 5.5846894, "centroid_lon": -0.2389863 }, "geometry": { "type": "Point", "coordinates": [ -0.2389863, 5.5846894 ] } },
{ "type": "Feature", "properties": { "osmid": 5035412452, "element": "node", "name": "Presby", "hub_type": "bus", "hub_scale": "stop", "amenity": null, "railway": null, "public_transport": "platform", "highway": "bus_stop", "aeroway": null, "building": null, "operator": null, "network": null, "centroid_lat": 5.574691, "centroid_lon": -0.2329899 }, "geometry": { "type": "Point", "coordinates": [ -0.2329899, 5.574691 ] } },
{ "type": "Feature", "properties": { "osmid": 5035412453, "element": "node", "name": "Mother's Inn", "hub_type": "bus", "hub_scale": "stop", "amenity": null, "railway": null, "public_transport": "platform", "highway": "bus_stop", "aeroway": null, "building": null, "operator": null, "network": null, "centroid_lat": 5.5734313, "centroid_lon": -0.2312539 }, "geometry": { "type": "Point", "coordinates": [ -0.2312539, 5.5734313 ] } },
{ "type": "Feature", "properties": { "osmid": 5035412454, "element": "node", "name": "Accra", "hub_type": "bus", "hub_scale": "stop", "amenity": null, "railway": null, "public_transport": "platform", "highway": "bus_stop", "aeroway": null, "building": null, "operator": null, "network": null, "centroid_lat": 5.552383, "centroid_lon": -0.2140185 }, "geometry": { "type": "Point", "coordinates": [ -0.2140185, 5.552383 ] } },
{ "type": "Feature", "properties": { "osmid": 5035473840, "element": "node", "name": "Gate", "hub_type": "bus", "hub_scale": "stop", "amenity": null, "railway": null, "public_transport": "platform", "highway": "bus_stop", "aeroway": null, "building": null, "operator": null, "network": null, "centroid_lat": 5.5526127, "centroid_lon": -0.2146609 }, "geometry": { "type": "Point", "coordinates": [ -0.2146609, 5.5526127 ] } },
{ "type": "Feature", "properties": { "osmid": 5035473841, "element": "node", "name": "Cold store", "hub_type": "bus", "hub_scale": "stop", "amenity": null, "railway": null, "public_transport": "platform", "highway": "bus_stop", "aeroway": null, "building": null, "operator": null, "network": null, "centroid_lat": 5.5569473, "centroid_lon": -0.2222051 }, "geometry": { "type": "Point", "coordinates": [ -0.2222051, 5.5569473 ] } },
{ "type": "Feature", "properties": { "osmid": 5035473842, "element": "node", "name": "Rana Motors", "hub_type": "bus", "hub_scale": "stop", "amenity": null, "railway": null, "public_transport": "platform", "highway": "bus_stop", "aeroway": null, "building": null, "operator": null, "network": null, "centroid_lat": 5.5596173, "centroid_lon": -0.2235948 }, "geometry": { "type": "Point", "coordinates": [ -0.2235948, 5.5596173 ] } },
{ "type": "Feature", "properties": { "osmid": 5035473843, "element": "node", "name": "STC", "hub_type": "bus", "hub_scale": "stop", "amenity": null, "railway": null, "public_transport": "platform", "highway": "bus_stop", "aeroway": null, "building": null, "operator": null, "network": null, "centroid_lat": 5.5640063, "centroid_lon": -0.2263827 }, "geometry": { "type": "Point", "coordinates": [ -0.2263827, 5.5640063 ] } },
{ "type": "Feature", "properties": { "osmid": 5035473844, "element": "node", "name": "Awudome", "hub_type": "bus", "hub_scale": "stop", "amenity": null, "railway": null, "public_transport": "platform", "highway": "bus_stop", "aeroway": null, "building": null, "operator": null, "network": null, "centroid_lat": 5.5691974, "centroid_lon": -0.2281886 }, "geometry": { "type": "Point", "coordinates": [ -0.2281886, 5.5691974 ] } },
{ "type": "Feature", "properties": { "osmid": 5035473845, "element": "node", "name": "Roundabout", "hub_type": "bus", "hub_scale": "stop", "amenity": null, "railway": null, "public_transport": "platform", "highway": "bus_stop", "aeroway": null, "building": null, "operator": null, "network": null, "centroid_lat": 5.5719333, "centroid_lon": -0.2306175 }, "geometry": { "type": "Point", "coordinates": [ -0.2306175, 5.5719333 ] } },
{ "type": "Feature", "properties": { "osmid": 5035473846, "element": "node", "name": "Presby", "hub_type": "bus", "hub_scale": "stop", "amenity": null, "railway": null, "public_transport": "platform", "highway": "bus_stop", "aeroway": null, "building": null, "operator": null, "network": null, "centroid_lat": 5.5750403, "centroid_lon": -0.2333187 }, "geometry": { "type": "Point", "coordinates": [ -0.2333187, 5.5750403 ] } },
{ "type": "Feature", "properties": { "osmid": 5035473847, "element": "node", "name": "School Junction", "hub_type": "bus", "hub_scale": "stop", "amenity": null, "railway": null, "public_transport": "platform", "highway": "bus_stop", "aeroway": null, "building": null, "operator": null, "network": null, "centroid_lat": 5.5809249, "centroid_lon": -0.2354238 }, "geometry": { "type": "Point", "coordinates": [ -0.2354238, 5.5809249 ] } },
{ "type": "Feature", "properties": { "osmid": 5035473848, "element": "node", "name": "Washingbay", "hub_type": "bus", "hub_scale": "stop", "amenity": null, "railway": null, "public_transport": "platform", "highway": "bus_stop", "aeroway": null, "building": null, "operator": null, "network": null, "centroid_lat": 5.5862349, "centroid_lon": -0.2395381 }, "geometry": { "type": "Point", "coordinates": [ -0.2395381, 5.5862349 ] } },
{ "type": "Feature", "properties": { "osmid": 5035473849, "element": "node", "name": "Asoredanho", "hub_type": "bus", "hub_scale": "stop", "amenity": null, "railway": null, "public_transport": "platform", "highway": "bus_stop", "aeroway": null, "building": null, "operator": null, "network": null, "centroid_lat": 5.5862426, "centroid_lon": -0.2421474 }, "geometry": { "type": "Point", "coordinates": [ -0.2421474, 5.5862426 ] } },
{ "type": "Feature", "properties": { "osmid": 5035473850, "element": "node", "name": "Mangoase", "hub_type": "bus", "hub_scale": "stop", "amenity": null, "railway": null, "public_transport": "platform", "highway": "bus_stop", "aeroway": null, "building": null, "operator": null, "network": null, "centroid_lat": 5.5862522, "centroid_lon": -0.248224 }, "geometry": { "type": "Point", "coordinates": [ -0.248224, 5.5862522 ] } },
{ "type": "Feature", "properties": { "osmid": 5035473851, "element": "node", "name": "Quarters", "hub_type": "bus", "hub_scale": "stop", "amenity": null, "railway": null, "public_transport": "platform", "highway": "bus_stop", "aeroway": null, "building": null, "operator": null, "network": null, "centroid_lat": 5.5862553, "centroid_lon": -0.2499908 }, "geometry": { "type": "Point", "coordinates": [ -0.2499908, 5.5862553 ] } },
{ "type": "Feature", "properties": { "osmid": 5035642551, "element": "node", "name": null, "hub_type": "bus", "hub_scale": "stop", "amenity": null, "railway": null, "public_transport": "stop_position", "highway": null, "aeroway": null, "building": null, "operator": null, "network": null, "centroid_lat": 5.6219758, "centroid_lon": -0.225901 }, "geometry": { "type": "Point", "coordinates": [ -0.225901, 5.6219758 ] } },
{ "type": "Feature", "properties": { "osmid": 5035642554, "element": "node", "name": "Achimota Overhead", "hub_type": "bus", "hub_scale": "stop", "amenity": null, "railway": null, "public_transport": "platform", "highway": "bus_stop", "aeroway": null, "building": null, "operator": null, "network": null, "centroid_lat": 5.6210766, "centroid_lon": -0.2314396 }, "geometry": { "type": "Point", "coordinates": [ -0.2314396, 5.6210766 ] } },
{ "type": "Feature", "properties": { "osmid": 5035697844, "element": "node", "name": "Legon Police Station", "hub_type": "bus", "hub_scale": "stop", "amenity": null, "railway": null, "public_transport": "platform", "highway": "bus_stop", "aeroway": null, "building": null, "operator": null, "network": null, "centroid_lat": 5.6512919, "centroid_lon": -0.1796585 }, "geometry": { "type": "Point", "coordinates": [ -0.1796585, 5.6512919 ] } },
{ "type": "Feature", "properties": { "osmid": 5035697845, "element": "node", "name": "18", "hub_type": "bus", "hub_scale": "stop", "amenity": null, "railway": null, "public_transport": "platform", "highway": "bus_stop", "aeroway": null, "building": null, "operator": null, "network": null, "centroid_lat": 5.6408729, "centroid_lon": -0.1951143 }, "geometry": { "type": "Point", "coordinates": [ -0.1951143, 5.6408729 ] } },
{ "type": "Feature", "properties": { "osmid": 5035706410, "element": "node", "name": "Precious Minerals", "hub_type": "bus", "hub_scale": "stop", "amenity": null, "railway": null, "public_transport": "platform", "highway": "bus_stop", "aeroway": null, "building": null, "operator": null, "network": null, "centroid_lat": 5.5506797, "centroid_lon": -0.2006711 }, "geometry": { "type": "Point", "coordinates": [ -0.2006711, 5.5506797 ] } },
{ "type": "Feature", "properties": { "osmid": 5035725207, "element": "node", "name": "Achimota Police Station Curve", "hub_type": "bus", "hub_scale": "stop", "amenity": null, "railway": null, "public_transport": "platform", "highway": "bus_stop", "aeroway": null, "building": null, "operator": null, "network": null, "centroid_lat": 5.6213604, "centroid_lon": -0.2203081 }, "geometry": { "type": "Point", "coordinates": [ -0.2203081, 5.6213604 ] } },
{ "type": "Feature", "properties": { "osmid": 5035725208, "element": "node", "name": "PWD", "hub_type": "bus", "hub_scale": "stop", "amenity": null, "railway": null, "public_transport": "platform", "highway": "bus_stop", "aeroway": null, "building": null, "operator": null, "network": null, "centroid_lat": 5.6244635, "centroid_lon": -0.2188227 }, "geometry": { "type": "Point", "coordinates": [ -0.2188227, 5.6244635 ] } },
{ "type": "Feature", "properties": { "osmid": 5035725209, "element": "node", "name": "Golf Park", "hub_type": "bus", "hub_scale": "stop", "amenity": null, "railway": null, "public_transport": "platform", "highway": "bus_stop", "aeroway": null, "building": null, "operator": null, "network": null, "centroid_lat": 5.6308895, "centroid_lon": -0.2189561 }, "geometry": { "type": "Point", "coordinates": [ -0.2189561, 5.6308895 ] } },
{ "type": "Feature", "properties": { "osmid": 5035725210, "element": "node", "name": "Okponglo", "hub_type": "bus", "hub_scale": "stop", "amenity": null, "railway": null, "public_transport": "platform", "highway": "bus_stop", "aeroway": null, "building": null, "operator": null, "network": null, "centroid_lat": 5.6394944, "centroid_lon": -0.1780997 }, "geometry": { "type": "Point", "coordinates": [ -0.1780997, 5.6394944 ] } },
{ "type": "Feature", "properties": { "osmid": 5035775005, "element": "node", "name": "Old Tema Station", "hub_type": "bus", "hub_scale": "stop", "amenity": null, "railway": null, "public_transport": "platform", "highway": "bus_stop", "aeroway": null, "building": null, "operator": null, "network": null, "centroid_lat": 5.5499452, "centroid_lon": -0.1996262 }, "geometry": { "type": "Point", "coordinates": [ -0.1996262, 5.5499452 ] } },
{ "type": "Feature", "properties": { "osmid": 5035796880, "element": "node", "name": "CAT", "hub_type": "bus", "hub_scale": "stop", "amenity": null, "railway": null, "public_transport": "platform", "highway": "bus_stop", "aeroway": null, "building": null, "operator": null, "network": null, "centroid_lat": 5.5957329, "centroid_lon": -0.2220479 }, "geometry": { "type": "Point", "coordinates": [ -0.2220479, 5.5957329 ] } },
{ "type": "Feature", "properties": { "osmid": 5035796881, "element": "node", "name": "Alajo", "hub_type": "bus", "hub_scale": "stop", "amenity": null, "railway": null, "public_transport": "platform", "highway": "bus_stop", "aeroway": null, "building": null, "operator": null, "network": null, "centroid_lat": 5.5891483, "centroid_lon": -0.2179266 }, "geometry": { "type": "Point", "coordinates": [ -0.2179266, 5.5891483 ] } },
{ "type": "Feature", "properties": { "osmid": 5035796883, "element": "node", "name": "Circle Post Office", "hub_type": "bus", "hub_scale": "stop", "amenity": null, "railway": null, "public_transport": "platform", "highway": "bus_stop", "aeroway": null, "building": null, "operator": null, "network": null, "centroid_lat": 5.5719954, "centroid_lon": -0.2160183 }, "geometry": { "type": "Point", "coordinates": [ -0.2160183, 5.5719954 ] } },
{ "type": "Feature", "properties": { "osmid": 5035800237, "element": "node", "name": "Fitting Shop", "hub_type": "bus", "hub_scale": "stop", "amenity": null, "railway": null, "public_transport": "platform", "highway": "bus_stop", "aeroway": null, "building": null, "operator": null, "network": null, "centroid_lat": 5.5991751, "centroid_lon": -0.2262795 }, "geometry": { "type": "Point", "coordinates": [ -0.2262795, 5.5991751 ] } },
{ "type": "Feature", "properties": { "osmid": 5035800238, "element": "node", "name": "Tesano Gardens", "hub_type": "bus", "hub_scale": "stop", "amenity": null, "railway": null, "public_transport": "platform", "highway": "bus_stop", "aeroway": null, "building": null, "operator": null, "network": null, "centroid_lat": 5.5982905, "centroid_lon": -0.2311306 }, "geometry": { "type": "Point", "coordinates": [ -0.2311306, 5.5982905 ] } },
{ "type": "Feature", "properties": { "osmid": 5035800239, "element": "node", "name": "Abeka Bcos Junction", "hub_type": "bus", "hub_scale": "stop", "amenity": null, "railway": null, "public_transport": "platform", "highway": "bus_stop", "aeroway": null, "building": null, "operator": null, "network": null, "centroid_lat": 5.5988017, "centroid_lon": -0.2348019 }, "geometry": { "type": "Point", "coordinates": [ -0.2348019, 5.5988017 ] } },
{ "type": "Feature", "properties": { "osmid": 5035800240, "element": "node", "name": "Abotare", "hub_type": "bus", "hub_scale": "stop", "amenity": null, "railway": null, "public_transport": "platform", "highway": "bus_stop", "aeroway": null, "building": null, "operator": null, "network": null, "centroid_lat": 5.6051606, "centroid_lon": -0.2454483 }, "geometry": { "type": "Point", "coordinates": [ -0.2454483, 5.6051606 ] } },
{ "type": "Feature", "properties": { "osmid": 5036505671, "element": "node", "name": "Westlands junction", "hub_type": "bus", "hub_scale": "stop", "amenity": null, "railway": null, "public_transport": "platform", "highway": "bus_stop", "aeroway": null, "building": null, "operator": null, "network": null, "centroid_lat": 5.6502525, "centroid_lon": -0.2097508 }, "geometry": { "type": "Point", "coordinates": [ -0.2097508, 5.6502525 ] } },
{ "type": "Feature", "properties": { "osmid": 5036565835, "element": "node", "name": "Airways Junction", "hub_type": "bus", "hub_scale": "stop", "amenity": null, "railway": null, "public_transport": "platform", "highway": "bus_stop", "aeroway": null, "building": null, "operator": null, "network": null, "centroid_lat": 5.6382956, "centroid_lon": -0.2106421 }, "geometry": { "type": "Point", "coordinates": [ -0.2106421, 5.6382956 ] } },
{ "type": "Feature", "properties": { "osmid": 5036565836, "element": "node", "name": "Gimpa Junction", "hub_type": "bus", "hub_scale": "stop", "amenity": null, "railway": null, "public_transport": "platform", "highway": "bus_stop", "aeroway": null, "building": null, "operator": null, "network": null, "centroid_lat": 5.6389743, "centroid_lon": -0.2094225 }, "geometry": { "type": "Point", "coordinates": [ -0.2094225, 5.6389743 ] } },
{ "type": "Feature", "properties": { "osmid": 5036565837, "element": "node", "name": "2nd curve", "hub_type": "bus", "hub_scale": "stop", "amenity": null, "railway": null, "public_transport": "platform", "highway": "bus_stop", "aeroway": null, "building": null, "operator": null, "network": null, "centroid_lat": 5.6419199, "centroid_lon": -0.2109272 }, "geometry": { "type": "Point", "coordinates": [ -0.2109272, 5.6419199 ] } },
{ "type": "Feature", "properties": { "osmid": 5036565838, "element": "node", "name": "1st curve", "hub_type": "bus", "hub_scale": "stop", "amenity": null, "railway": null, "public_transport": "platform", "highway": "bus_stop", "aeroway": null, "building": null, "operator": null, "network": null, "centroid_lat": 5.6426671, "centroid_lon": -0.2099649 }, "geometry": { "type": "Point", "coordinates": [ -0.2099649, 5.6426671 ] } },
{ "type": "Feature", "properties": { "osmid": 5036565839, "element": "node", "name": "Bridge", "hub_type": "bus", "hub_scale": "stop", "amenity": null, "railway": null, "public_transport": "platform", "highway": "bus_stop", "aeroway": null, "building": null, "operator": null, "network": null, "centroid_lat": 5.6451381, "centroid_lon": -0.2105643 }, "geometry": { "type": "Point", "coordinates": [ -0.2105643, 5.6451381 ] } },
{ "type": "Feature", "properties": { "osmid": 5036565840, "element": "node", "name": "Westlands junction", "hub_type": "bus", "hub_scale": "stop", "amenity": null, "railway": null, "public_transport": "platform", "highway": "bus_stop", "aeroway": null, "building": null, "operator": null, "network": null, "centroid_lat": 5.6500751, "centroid_lon": -0.2099058 }, "geometry": { "type": "Point", "coordinates": [ -0.2099058, 5.6500751 ] } },
{ "type": "Feature", "properties": { "osmid": 5036565841, "element": "node", "name": "Sign board", "hub_type": "bus", "hub_scale": "stop", "amenity": null, "railway": null, "public_transport": "platform", "highway": "bus_stop", "aeroway": null, "building": null, "operator": null, "network": null, "centroid_lat": 5.6521095, "centroid_lon": -0.2093378 }, "geometry": { "type": "Point", "coordinates": [ -0.2093378, 5.6521095 ] } },
{ "type": "Feature", "properties": { "osmid": 5036565842, "element": "node", "name": "Communication", "hub_type": "bus", "hub_scale": "stop", "amenity": null, "railway": null, "public_transport": "platform", "highway": "bus_stop", "aeroway": null, "building": null, "operator": null, "network": null, "centroid_lat": 5.6542123, "centroid_lon": -0.2086187 }, "geometry": { "type": "Point", "coordinates": [ -0.2086187, 5.6542123 ] } },
{ "type": "Feature", "properties": { "osmid": 5036565843, "element": "node", "name": "Clinic/ police container", "hub_type": "bus", "hub_scale": "stop", "amenity": null, "railway": null, "public_transport": "platform", "highway": "bus_stop", "aeroway": null, "building": null, "operator": null, "network": null, "centroid_lat": 5.6571738, "centroid_lon": -0.2077138 }, "geometry": { "type": "Point", "coordinates": [ -0.2077138, 5.6571738 ] } },
{ "type": "Feature", "properties": { "osmid": 5036565844, "element": "node", "name": "Flower pot", "hub_type": "bus", "hub_scale": "stop", "amenity": null, "railway": null, "public_transport": "platform", "highway": "bus_stop", "aeroway": null, "building": null, "operator": null, "network": null, "centroid_lat": 5.6589029, "centroid_lon": -0.2069005 }, "geometry": { "type": "Point", "coordinates": [ -0.2069005, 5.6589029 ] } },
{ "type": "Feature", "properties": { "osmid": 5036565850, "element": "node", "name": "Atomic Junction", "hub_type": "bus", "hub_scale": "stop", "amenity": null, "railway": null, "public_transport": "platform", "highway": "bus_stop", "aeroway": null, "building": null, "operator": null, "network": null, "centroid_lat": 5.6673058, "centroid_lon": -0.1779022 }, "geometry": { "type": "Point", "coordinates": [ -0.1779022, 5.6673058 ] } },
{ "type": "Feature", "properties": { "osmid": 5036738887, "element": "node", "name": "Mallam Attah", "hub_type": "bus", "hub_scale": "stop", "amenity": null, "railway": null, "public_transport": "platform", "highway": "bus_stop", "aeroway": null, "building": null, "operator": null, "network": null, "centroid_lat": 5.5793931, "centroid_lon": -0.2097888 }, "geometry": { "type": "Point", "coordinates": [ -0.2097888, 5.5793931 ] } },
{ "type": "Feature", "properties": { "osmid": 5036738888, "element": "node", "name": "College", "hub_type": "bus", "hub_scale": "stop", "amenity": null, "railway": null, "public_transport": "platform", "highway": "bus_stop", "aeroway": null, "building": null, "operator": null, "network": null, "centroid_lat": 5.58326, "centroid_lon": -0.2084037 }, "geometry": { "type": "Point", "coordinates": [ -0.2084037, 5.58326 ] } },
{ "type": "Feature", "properties": { "osmid": 5036738889, "element": "node", "name": "Lapaz Station", "hub_type": "bus", "hub_scale": "stop", "amenity": null, "railway": null, "public_transport": "platform", "highway": "bus_stop", "aeroway": null, "building": null, "operator": null, "network": null, "centroid_lat": 5.5840866, "centroid_lon": -0.2082377 }, "geometry": { "type": "Point", "coordinates": [ -0.2082377, 5.5840866 ] } },
{ "type": "Feature", "properties": { "osmid": 5036738890, "element": "node", "name": "New Town Total", "hub_type": "bus", "hub_scale": "stop", "amenity": null, "railway": null, "public_transport": "platform", "highway": "bus_stop", "aeroway": null, "building": null, "operator": null, "network": null, "centroid_lat": 5.5857666, "centroid_lon": -0.2079115 }, "geometry": { "type": "Point", "coordinates": [ -0.2079115, 5.5857666 ] } },
{ "type": "Feature", "properties": { "osmid": 5036738891, "element": "node", "name": "Accra New Town (37 Station)", "hub_type": "bus", "hub_scale": "stop", "amenity": null, "railway": null, "public_transport": "platform", "highway": "bus_stop", "aeroway": null, "building": null, "operator": null, "network": null, "centroid_lat": 5.5867746, "centroid_lon": -0.2077006 }, "geometry": { "type": "Point", "coordinates": [ -0.2077006, 5.5867746 ] } },
{ "type": "Feature", "properties": { "osmid": 5036738892, "element": "node", "name": "Agbadinar", "hub_type": "bus", "hub_scale": "stop", "amenity": null, "railway": null, "public_transport": "platform", "highway": "bus_stop", "aeroway": null, "building": null, "operator": null, "network": null, "centroid_lat": 5.5882485, "centroid_lon": -0.2074913 }, "geometry": { "type": "Point", "coordinates": [ -0.2074913, 5.5882485 ] } },
{ "type": "Feature", "properties": { "osmid": 5036738893, "element": "node", "name": "Master Chef", "hub_type": "bus", "hub_scale": "stop", "amenity": null, "railway": null, "public_transport": "platform", "highway": "bus_stop", "aeroway": null, "building": null, "operator": null, "network": null, "centroid_lat": 5.588822, "centroid_lon": -0.2074167 }, "geometry": { "type": "Point", "coordinates": [ -0.2074167, 5.588822 ] } },
{ "type": "Feature", "properties": { "osmid": 5036738894, "element": "node", "name": "Five five", "hub_type": "bus", "hub_scale": "stop", "amenity": null, "railway": null, "public_transport": "platform", "highway": "bus_stop", "aeroway": null, "building": null, "operator": null, "network": null, "centroid_lat": 5.5897724, "centroid_lon": -0.2072625 }, "geometry": { "type": "Point", "coordinates": [ -0.2072625, 5.5897724 ] } },
{ "type": "Feature", "properties": { "osmid": 5036738895, "element": "node", "name": "Nkansah Gyan", "hub_type": "bus", "hub_scale": "stop", "amenity": null, "railway": null, "public_transport": "platform", "highway": "bus_stop", "aeroway": null, "building": null, "operator": null, "network": null, "centroid_lat": 5.5911473, "centroid_lon": -0.2062694 }, "geometry": { "type": "Point", "coordinates": [ -0.2062694, 5.5911473 ] } },
{ "type": "Feature", "properties": { "osmid": 5036738896, "element": "node", "name": "Taxi Rank", "hub_type": "bus", "hub_scale": "stop", "amenity": null, "railway": null, "public_transport": "platform", "highway": "bus_stop", "aeroway": null, "building": null, "operator": null, "network": null, "centroid_lat": 5.592146, "centroid_lon": -0.205397 }, "geometry": { "type": "Point", "coordinates": [ -0.205397, 5.592146 ] } },
{ "type": "Feature", "properties": { "osmid": 5036738897, "element": "node", "name": "Kotobabi Police Station", "hub_type": "bus", "hub_scale": "stop", "amenity": null, "railway": null, "public_transport": "platform", "highway": "bus_stop", "aeroway": null, "building": null, "operator": null, "network": null, "centroid_lat": 5.5923915, "centroid_lon": -0.204254 }, "geometry": { "type": "Point", "coordinates": [ -0.204254, 5.5923915 ] } },
{ "type": "Feature", "properties": { "osmid": 5036738898, "element": "node", "name": "Abavana", "hub_type": "bus", "hub_scale": "stop", "amenity": null, "railway": null, "public_transport": "platform", "highway": "bus_stop", "aeroway": null, "building": null, "operator": null, "network": null, "centroid_lat": 5.5944284, "centroid_lon": -0.2024678 }, "geometry": { "type": "Point", "coordinates": [ -0.2024678, 5.5944284 ] } },
{ "type": "Feature", "properties": { "osmid": 5036738899, "element": "node", "name": "Club 1000", "hub_type": "bus", "hub_scale": "stop", "amenity": null, "railway": null, "public_transport": "platform", "highway": "bus_stop", "aeroway": null, "building": null, "operator": null, "network": null, "centroid_lat": 5.596089, "centroid_lon": -0.200338 }, "geometry": { "type": "Point", "coordinates": [ -0.200338, 5.596089 ] } },
{ "type": "Feature", "properties": { "osmid": 5036738900, "element": "node", "name": "Top Class", "hub_type": "bus", "hub_scale": "stop", "amenity": null, "railway": null, "public_transport": "platform", "highway": "bus_stop", "aeroway": null, "building": null, "operator": null, "network": null, "centroid_lat": 5.5970686, "centroid_lon": -0.1990851 }, "geometry": { "type": "Point", "coordinates": [ -0.1990851, 5.5970686 ] } },
{ "type": "Feature", "properties": { "osmid": 5036738901, "element": "node", "name": "Pig Farm", "hub_type": "bus", "hub_scale": "stop", "amenity": null, "railway": null, "public_transport": "platform", "highway": "bus_stop", "aeroway": null, "building": null, "operator": null, "network": null, "centroid_lat": 5.5987602, "centroid_lon": -0.1979953 }, "geometry": { "type": "Point", "coordinates": [ -0.1979953, 5.5987602 ] } },
{ "type": "Feature", "properties": { "osmid": 5036738902, "element": "node", "name": "Roman Ridge 1st", "hub_type": "bus", "hub_scale": "stop", "amenity": null, "railway": null, "public_transport": "platform", "highway": "bus_stop", "aeroway": null, "building": null, "operator": null, "network": null, "centroid_lat": 5.6032245, "centroid_lon": -0.201056 }, "geometry": { "type": "Point", "coordinates": [ -0.201056, 5.6032245 ] } },
{ "type": "Feature", "properties": { "osmid": 5036738903, "element": "node", "name": "Abelemkpe Junction", "hub_type": "bus", "hub_scale": "stop", "amenity": null, "railway": null, "public_transport": "platform", "highway": "bus_stop", "aeroway": null, "building": null, "operator": null, "network": null, "centroid_lat": 5.6092504, "centroid_lon": -0.2102279 }, "geometry": { "type": "Point", "coordinates": [ -0.2102279, 5.6092504 ] } },
{ "type": "Feature", "properties": { "osmid": 5036738904, "element": "node", "name": "Abelenkpe Curve", "hub_type": "bus", "hub_scale": "stop", "amenity": null, "railway": null, "public_transport": "platform", "highway": "bus_stop", "aeroway": null, "building": null, "operator": null, "network": null, "centroid_lat": 5.6073843, "centroid_lon": -0.2152195 }, "geometry": { "type": "Point", "coordinates": [ -0.2152195, 5.6073843 ] } },
{ "type": "Feature", "properties": { "osmid": 5036784354, "element": "node", "name": "Presby School", "hub_type": "bus", "hub_scale": "stop", "amenity": null, "railway": null, "public_transport": "platform", "highway": "bus_stop", "aeroway": null, "building": null, "operator": null, "network": null, "centroid_lat": 5.6177376, "centroid_lon": -0.2244774 }, "geometry": { "type": "Point", "coordinates": [ -0.2244774, 5.6177376 ] } },
{ "type": "Feature", "properties": { "osmid": 5036784355, "element": "node", "name": "Abofu Market", "hub_type": "bus", "hub_scale": "stop", "amenity": null, "railway": null, "public_transport": "platform", "highway": "bus_stop", "aeroway": null, "building": null, "operator": null, "network": null, "centroid_lat": 5.6160622, "centroid_lon": -0.2251228 }, "geometry": { "type": "Point", "coordinates": [ -0.2251228, 5.6160622 ] } },
{ "type": "Feature", "properties": { "osmid": 5036784356, "element": "node", "name": "Abofu Overhead", "hub_type": "bus", "hub_scale": "stop", "amenity": null, "railway": null, "public_transport": "platform", "highway": "bus_stop", "aeroway": null, "building": null, "operator": null, "network": null, "centroid_lat": 5.6137127, "centroid_lon": -0.2251567 }, "geometry": { "type": "Point", "coordinates": [ -0.2251567, 5.6137127 ] } },
{ "type": "Feature", "properties": { "osmid": 5036784357, "element": "node", "name": "Marwako", "hub_type": "bus", "hub_scale": "stop", "amenity": null, "railway": null, "public_transport": "platform", "highway": "bus_stop", "aeroway": null, "building": null, "operator": null, "network": null, "centroid_lat": 5.6121625, "centroid_lon": -0.2250436 }, "geometry": { "type": "Point", "coordinates": [ -0.2250436, 5.6121625 ] } },
{ "type": "Feature", "properties": { "osmid": 5036784358, "element": "node", "name": "AMA", "hub_type": "bus", "hub_scale": "stop", "amenity": null, "railway": null, "public_transport": "platform", "highway": "bus_stop", "aeroway": null, "building": null, "operator": null, "network": null, "centroid_lat": 5.6129989, "centroid_lon": -0.2210195 }, "geometry": { "type": "Point", "coordinates": [ -0.2210195, 5.6129989 ] } },
{ "type": "Feature", "properties": { "osmid": 5036784359, "element": "node", "name": "Village Inn", "hub_type": "bus", "hub_scale": "stop", "amenity": null, "railway": null, "public_transport": "platform", "highway": "bus_stop", "aeroway": null, "building": null, "operator": null, "network": null, "centroid_lat": 5.6130612, "centroid_lon": -0.2188412 }, "geometry": { "type": "Point", "coordinates": [ -0.2188412, 5.6130612 ] } },
{ "type": "Feature", "properties": { "osmid": 5036784360, "element": "node", "name": "White House", "hub_type": "bus", "hub_scale": "stop", "amenity": null, "railway": null, "public_transport": "platform", "highway": "bus_stop", "aeroway": null, "building": null, "operator": null, "network": null, "centroid_lat": 5.6098505, "centroid_lon": -0.2169396 }, "geometry": { "type": "Point", "coordinates": [ -0.2169396, 5.6098505 ] } },
{ "type": "Feature", "properties": { "osmid": 5036784361, "element": "node", "name": "Lotto Kiosk Abelenkpe", "hub_type": "bus", "hub_scale": "stop", "amenity": null, "railway": null, "public_transport": "platform", "highway": "bus_stop", "aeroway": null, "building": null, "operator": null, "network": null, "centroid_lat": 5.6087462, "centroid_lon": -0.2163878 }, "geometry": { "type": "Point", "coordinates": [ -0.2163878, 5.6087462 ] } },
{ "type": "Feature", "properties": { "osmid": 5036784362, "element": "node", "name": "Pig Farm", "hub_type": "bus", "hub_scale": "stop", "amenity": null, "railway": null, "public_transport": "platform", "highway": "bus_stop", "aeroway": null, "building": null, "operator": null, "network": null, "centroid_lat": 5.5981141, "centroid_lon": -0.1983215 }, "geometry": { "type": "Point", "coordinates": [ -0.1983215, 5.5981141 ] } },
{ "type": "Feature", "properties": { "osmid": 5036784363, "element": "node", "name": "Abavana", "hub_type": "bus", "hub_scale": "stop", "amenity": null, "railway": null, "public_transport": "platform", "highway": "bus_stop", "aeroway": null, "building": null, "operator": null, "network": null, "centroid_lat": 5.5940064, "centroid_lon": -0.202741 }, "geometry": { "type": "Point", "coordinates": [ -0.202741, 5.5940064 ] } },
{ "type": "Feature", "properties": { "osmid": 5036784364, "element": "node", "name": "Kotobabi Police Station", "hub_type": "bus", "hub_scale": "stop", "amenity": null, "railway": null, "public_transport": "platform", "highway": "bus_stop", "aeroway": null, "building": null, "operator": null, "network": null, "centroid_lat": 5.5920743, "centroid_lon": -0.2044636 }, "geometry": { "type": "Point", "coordinates": [ -0.2044636, 5.5920743 ] } },
{ "type": "Feature", "properties": { "osmid": 5036784365, "element": "node", "name": "Accra New Town (37 Station)", "hub_type": "bus", "hub_scale": "stop", "amenity": null, "railway": null, "public_transport": "platform", "highway": "bus_stop", "aeroway": null, "building": null, "operator": null, "network": null, "centroid_lat": 5.5867356, "centroid_lon": -0.2076612 }, "geometry": { "type": "Point", "coordinates": [ -0.2076612, 5.5867356 ] } },
{ "type": "Feature", "properties": { "osmid": 5036784366, "element": "node", "name": "Ghana Commercial Bank", "hub_type": "bus", "hub_scale": "stop", "amenity": null, "railway": null, "public_transport": "platform", "highway": "bus_stop", "aeroway": null, "building": null, "operator": null, "network": null, "centroid_lat": 5.5848356, "centroid_lon": -0.2080453 }, "geometry": { "type": "Point", "coordinates": [ -0.2080453, 5.5848356 ] } },
{ "type": "Feature", "properties": { "osmid": 5036784367, "element": "node", "name": "Nima Junction", "hub_type": "bus", "hub_scale": "stop", "amenity": null, "railway": null, "public_transport": "platform", "highway": "bus_stop", "aeroway": null, "building": null, "operator": null, "network": null, "centroid_lat": 5.5822317, "centroid_lon": -0.2085833 }, "geometry": { "type": "Point", "coordinates": [ -0.2085833, 5.5822317 ] } },
{ "type": "Feature", "properties": { "osmid": 5037177372, "element": "node", "name": "Ayigbe Town", "hub_type": "bus", "hub_scale": "stop", "amenity": null, "railway": null, "public_transport": "platform", "highway": "bus_stop", "aeroway": null, "building": null, "operator": null, "network": null, "centroid_lat": 5.553742, "centroid_lon": -0.231189 }, "geometry": { "type": "Point", "coordinates": [ -0.231189, 5.553742 ] } },
{ "type": "Feature", "properties": { "osmid": 5037177373, "element": "node", "name": null, "hub_type": "bus", "hub_scale": "stop", "amenity": null, "railway": null, "public_transport": "platform", "highway": "bus_stop", "aeroway": null, "building": null, "operator": null, "network": null, "centroid_lat": 5.5498313, "centroid_lon": -0.22941 }, "geometry": { "type": "Point", "coordinates": [ -0.22941, 5.5498313 ] } },
{ "type": "Feature", "properties": { "osmid": 5037296277, "element": "node", "name": "Caprice Juntion", "hub_type": "bus", "hub_scale": "stop", "amenity": null, "railway": null, "public_transport": "platform", "highway": "bus_stop", "aeroway": null, "building": null, "operator": null, "network": null, "centroid_lat": 5.5812521, "centroid_lon": -0.2159004 }, "geometry": { "type": "Point", "coordinates": [ -0.2159004, 5.5812521 ] } },
{ "type": "Feature", "properties": { "osmid": 5037296278, "element": "node", "name": "Circle (Alajo Station)", "hub_type": "bus", "hub_scale": "stop", "amenity": null, "railway": null, "public_transport": "platform", "highway": "bus_stop", "aeroway": null, "building": null, "operator": null, "network": null, "centroid_lat": 5.5711437, "centroid_lon": -0.2142356 }, "geometry": { "type": "Point", "coordinates": [ -0.2142356, 5.5711437 ] } },
{ "type": "Feature", "properties": { "osmid": 5037296279, "element": "node", "name": "Caprice", "hub_type": "bus", "hub_scale": "stop", "amenity": null, "railway": null, "public_transport": "platform", "highway": "bus_stop", "aeroway": null, "building": null, "operator": null, "network": null, "centroid_lat": 5.5844613, "centroid_lon": -0.2166102 }, "geometry": { "type": "Point", "coordinates": [ -0.2166102, 5.5844613 ] } },
{ "type": "Feature", "properties": { "osmid": 5037296280, "element": "node", "name": "Alajo Market", "hub_type": "bus", "hub_scale": "stop", "amenity": null, "railway": null, "public_transport": "platform", "highway": "bus_stop", "aeroway": null, "building": null, "operator": null, "network": null, "centroid_lat": 5.5910678, "centroid_lon": -0.2170806 }, "geometry": { "type": "Point", "coordinates": [ -0.2170806, 5.5910678 ] } },
{ "type": "Feature", "properties": { "osmid": 5037296281, "element": "node", "name": "Filling Station", "hub_type": "bus", "hub_scale": "stop", "amenity": null, "railway": null, "public_transport": "platform", "highway": "bus_stop", "aeroway": null, "building": null, "operator": null, "network": null, "centroid_lat": 5.5940542, "centroid_lon": -0.2167639 }, "geometry": { "type": "Point", "coordinates": [ -0.2167639, 5.5940542 ] } },
{ "type": "Feature", "properties": { "osmid": 5037296282, "element": "node", "name": "Pele", "hub_type": "bus", "hub_scale": "stop", "amenity": null, "railway": null, "public_transport": "platform", "highway": "bus_stop", "aeroway": null, "building": null, "operator": null, "network": null, "centroid_lat": 5.597308, "centroid_lon": -0.2170081 }, "geometry": { "type": "Point", "coordinates": [ -0.2170081, 5.597308 ] } },
{ "type": "Feature", "properties": { "osmid": 5037296283, "element": "node", "name": "Taxi Rank Alajo", "hub_type": "bus", "hub_scale": "stop", "amenity": null, "railway": null, "public_transport": "platform", "highway": "bus_stop", "aeroway": null, "building": null, "operator": null, "network": null, "centroid_lat": 5.5960336, "centroid_lon": -0.2169013 }, "geometry": { "type": "Point", "coordinates": [ -0.2169013, 5.5960336 ] } },
{ "type": "Feature", "properties": { "osmid": 5037296284, "element": "node", "name": "Alajo T-Junction", "hub_type": "bus", "hub_scale": "stop", "amenity": null, "railway": null, "public_transport": "platform", "highway": "bus_stop", "aeroway": null, "building": null, "operator": null, "network": null, "centroid_lat": 5.5985897, "centroid_lon": -0.2170403 }, "geometry": { "type": "Point", "coordinates": [ -0.2170403, 5.5985897 ] } },
{ "type": "Feature", "properties": { "osmid": 5037350643, "element": "node", "name": "Pele", "hub_type": "bus", "hub_scale": "stop", "amenity": null, "railway": null, "public_transport": "platform", "highway": "bus_stop", "aeroway": null, "building": null, "operator": null, "network": null, "centroid_lat": 5.5970786, "centroid_lon": -0.2169196 }, "geometry": { "type": "Point", "coordinates": [ -0.2169196, 5.5970786 ] } },
{ "type": "Feature", "properties": { "osmid": 5037350644, "element": "node", "name": "Filling Station", "hub_type": "bus", "hub_scale": "stop", "amenity": null, "railway": null, "public_transport": "platform", "highway": "bus_stop", "aeroway": null, "building": null, "operator": null, "network": null, "centroid_lat": 5.5940268, "centroid_lon": -0.2167225 }, "geometry": { "type": "Point", "coordinates": [ -0.2167225, 5.5940268 ] } },
{ "type": "Feature", "properties": { "osmid": 5037350645, "element": "node", "name": "Taxi Rank Alajo", "hub_type": "bus", "hub_scale": "stop", "amenity": null, "railway": null, "public_transport": "platform", "highway": "bus_stop", "aeroway": null, "building": null, "operator": null, "network": null, "centroid_lat": 5.5958552, "centroid_lon": -0.2168285 }, "geometry": { "type": "Point", "coordinates": [ -0.2168285, 5.5958552 ] } },
{ "type": "Feature", "properties": { "osmid": 5037350646, "element": "node", "name": "Alajo Market", "hub_type": "bus", "hub_scale": "stop", "amenity": null, "railway": null, "public_transport": "platform", "highway": "bus_stop", "aeroway": null, "building": null, "operator": null, "network": null, "centroid_lat": 5.5907303, "centroid_lon": -0.2173704 }, "geometry": { "type": "Point", "coordinates": [ -0.2173704, 5.5907303 ] } },
{ "type": "Feature", "properties": { "osmid": 5037452745, "element": "node", "name": "Apapa", "hub_type": "bus", "hub_scale": "stop", "amenity": null, "railway": null, "public_transport": "platform", "highway": "bus_stop", "aeroway": null, "building": null, "operator": null, "network": null, "centroid_lat": 5.5673541, "centroid_lon": -0.1637852 }, "geometry": { "type": "Point", "coordinates": [ -0.1637852, 5.5673541 ] } },
{ "type": "Feature", "properties": { "osmid": 5037547602, "element": "node", "name": "Labone", "hub_type": "bus", "hub_scale": "stop", "amenity": null, "railway": null, "public_transport": "platform", "highway": "bus_stop", "aeroway": null, "building": null, "operator": null, "network": null, "centroid_lat": 5.5635724, "centroid_lon": -0.1723943 }, "geometry": { "type": "Point", "coordinates": [ -0.1723943, 5.5635724 ] } },
{ "type": "Feature", "properties": { "osmid": 5037547646, "element": "node", "name": "Amelia", "hub_type": "bus", "hub_scale": "stop", "amenity": null, "railway": null, "public_transport": "platform", "highway": "bus_stop", "aeroway": null, "building": null, "operator": null, "network": null, "centroid_lat": 5.5680127, "centroid_lon": -0.1663714 }, "geometry": { "type": "Point", "coordinates": [ -0.1663714, 5.5680127 ] } },
{ "type": "Feature", "properties": { "osmid": 5037547647, "element": "node", "name": "Coffee Shop", "hub_type": "bus", "hub_scale": "stop", "amenity": null, "railway": null, "public_transport": "platform", "highway": "bus_stop", "aeroway": null, "building": null, "operator": null, "network": null, "centroid_lat": 5.5682166, "centroid_lon": -0.1690218 }, "geometry": { "type": "Point", "coordinates": [ -0.1690218, 5.5682166 ] } },
{ "type": "Feature", "properties": { "osmid": 5037547648, "element": "node", "name": "Labone", "hub_type": "bus", "hub_scale": "stop", "amenity": null, "railway": null, "public_transport": "platform", "highway": "bus_stop", "aeroway": null, "building": null, "operator": null, "network": null, "centroid_lat": 5.5634649, "centroid_lon": -0.1723326 }, "geometry": { "type": "Point", "coordinates": [ -0.1723326, 5.5634649 ] } },
{ "type": "Feature", "properties": { "osmid": 5037648958, "element": "node", "name": "Atico", "hub_type": "bus", "hub_scale": "stop", "amenity": null, "railway": null, "public_transport": "platform", "highway": "bus_stop", "aeroway": null, "building": null, "operator": null, "network": null, "centroid_lat": 5.5756907, "centroid_lon": -0.2485788 }, "geometry": { "type": "Point", "coordinates": [ -0.2485788, 5.5756907 ] } },
{ "type": "Feature", "properties": { "osmid": 5037690448, "element": "node", "name": "Ola Balm", "hub_type": "bus", "hub_scale": "stop", "amenity": null, "railway": null, "public_transport": "platform", "highway": "bus_stop", "aeroway": null, "building": null, "operator": null, "network": null, "centroid_lat": 5.5757402, "centroid_lon": -0.2383156 }, "geometry": { "type": "Point", "coordinates": [ -0.2383156, 5.5757402 ] } },
{ "type": "Feature", "properties": { "osmid": 5037690452, "element": "node", "name": "Atico", "hub_type": "bus", "hub_scale": "stop", "amenity": null, "railway": null, "public_transport": "platform", "highway": "bus_stop", "aeroway": null, "building": null, "operator": null, "network": null, "centroid_lat": 5.5797996, "centroid_lon": -0.247009 }, "geometry": { "type": "Point", "coordinates": [ -0.247009, 5.5797996 ] } },
{ "type": "Feature", "properties": { "osmid": 5037690453, "element": "node", "name": "Vulcanizer", "hub_type": "bus", "hub_scale": "stop", "amenity": null, "railway": null, "public_transport": "platform", "highway": "bus_stop", "aeroway": null, "building": null, "operator": null, "network": null, "centroid_lat": 5.5820379, "centroid_lon": -0.244496 }, "geometry": { "type": "Point", "coordinates": [ -0.244496, 5.5820379 ] } },
{ "type": "Feature", "properties": { "osmid": 5037690454, "element": "node", "name": "Datus", "hub_type": "bus", "hub_scale": "stop", "amenity": null, "railway": null, "public_transport": "platform", "highway": "bus_stop", "aeroway": null, "building": null, "operator": null, "network": null, "centroid_lat": 5.5820319, "centroid_lon": -0.2426672 }, "geometry": { "type": "Point", "coordinates": [ -0.2426672, 5.5820319 ] } },
{ "type": "Feature", "properties": { "osmid": 5037690455, "element": "node", "name": "Bubuashie", "hub_type": "bus", "hub_scale": "stop", "amenity": null, "railway": null, "public_transport": "platform", "highway": "bus_stop", "aeroway": null, "building": null, "operator": null, "network": null, "centroid_lat": 5.5803725, "centroid_lon": -0.2399217 }, "geometry": { "type": "Point", "coordinates": [ -0.2399217, 5.5803725 ] } },
{ "type": "Feature", "properties": { "osmid": 5037690456, "element": "node", "name": "Cemetry", "hub_type": "bus", "hub_scale": "stop", "amenity": null, "railway": null, "public_transport": "platform", "highway": "bus_stop", "aeroway": null, "building": null, "operator": null, "network": null, "centroid_lat": 5.5772673, "centroid_lon": -0.2385545 }, "geometry": { "type": "Point", "coordinates": [ -0.2385545, 5.5772673 ] } },
{ "type": "Feature", "properties": { "osmid": 5037690457, "element": "node", "name": "Bazaza", "hub_type": "bus", "hub_scale": "stop", "amenity": null, "railway": null, "public_transport": "platform", "highway": "bus_stop", "aeroway": null, "building": null, "operator": null, "network": null, "centroid_lat": 5.5716519, "centroid_lon": -0.2385435 }, "geometry": { "type": "Point", "coordinates": [ -0.2385435, 5.5716519 ] } },
{ "type": "Feature", "properties": { "osmid": 5037792707, "element": "node", "name": "Nima School Junction", "hub_type": "bus", "hub_scale": "stop", "amenity": null, "railway": null, "public_transport": "platform", "highway": "bus_stop", "aeroway": null, "building": null, "operator": null, "network": null, "centroid_lat": 5.5762751, "centroid_lon": -0.2008325 }, "geometry": { "type": "Point", "coordinates": [ -0.2008325, 5.5762751 ] } },
{ "type": "Feature", "properties": { "osmid": 5037808481, "element": "node", "name": "Equip", "hub_type": "bus", "hub_scale": "stop", "amenity": null, "railway": null, "public_transport": "platform", "highway": "bus_stop", "aeroway": null, "building": null, "operator": null, "network": null, "centroid_lat": 5.5705834, "centroid_lon": -0.210878 }, "geometry": { "type": "Point", "coordinates": [ -0.210878, 5.5705834 ] } },
{ "type": "Feature", "properties": { "osmid": 5037823182, "element": "node", "name": "Nima Roundabout", "hub_type": "bus", "hub_scale": "stop", "amenity": null, "railway": null, "public_transport": "platform", "highway": "bus_stop", "aeroway": null, "building": null, "operator": null, "network": null, "centroid_lat": 5.5778718, "centroid_lon": -0.2004745 }, "geometry": { "type": "Point", "coordinates": [ -0.2004745, 5.5778718 ] } },
{ "type": "Feature", "properties": { "osmid": 5037835927, "element": "node", "name": "New Town", "hub_type": "bus", "hub_scale": "stop", "amenity": null, "railway": null, "public_transport": "platform", "highway": "bus_stop", "aeroway": null, "building": null, "operator": null, "network": null, "centroid_lat": 5.5826008, "centroid_lon": -0.2086509 }, "geometry": { "type": "Point", "coordinates": [ -0.2086509, 5.5826008 ] } },
{ "type": "Feature", "properties": { "osmid": 5037881466, "element": "node", "name": "Cemetary", "hub_type": "bus", "hub_scale": "stop", "amenity": null, "railway": null, "public_transport": "platform", "highway": "bus_stop", "aeroway": null, "building": null, "operator": null, "network": null, "centroid_lat": 5.6402781, "centroid_lon": -0.2200199 }, "geometry": { "type": "Point", "coordinates": [ -0.2200199, 5.6402781 ] } },
{ "type": "Feature", "properties": { "osmid": 5037881467, "element": "node", "name": "Village Second", "hub_type": "bus", "hub_scale": "stop", "amenity": null, "railway": null, "public_transport": "platform", "highway": "bus_stop", "aeroway": null, "building": null, "operator": null, "network": null, "centroid_lat": 5.6386108, "centroid_lon": -0.2184201 }, "geometry": { "type": "Point", "coordinates": [ -0.2184201, 5.6386108 ] } },
{ "type": "Feature", "properties": { "osmid": 5037881468, "element": "node", "name": "Village First", "hub_type": "bus", "hub_scale": "stop", "amenity": null, "railway": null, "public_transport": "platform", "highway": "bus_stop", "aeroway": null, "building": null, "operator": null, "network": null, "centroid_lat": 5.6375643, "centroid_lon": -0.2173491 }, "geometry": { "type": "Point", "coordinates": [ -0.2173491, 5.6375643 ] } },
{ "type": "Feature", "properties": { "osmid": 5037881469, "element": "node", "name": "Christian Village", "hub_type": "bus", "hub_scale": "stop", "amenity": null, "railway": null, "public_transport": "platform", "highway": "bus_stop", "aeroway": null, "building": null, "operator": null, "network": null, "centroid_lat": 5.6354191, "centroid_lon": -0.214702 }, "geometry": { "type": "Point", "coordinates": [ -0.214702, 5.6354191 ] } },
{ "type": "Feature", "properties": { "osmid": 5038307541, "element": "node", "name": "Legon", "hub_type": "bus", "hub_scale": "stop", "amenity": null, "railway": null, "public_transport": "platform", "highway": "bus_stop", "aeroway": null, "building": null, "operator": null, "network": null, "centroid_lat": 5.6512471, "centroid_lon": -0.1790068 }, "geometry": { "type": "Point", "coordinates": [ -0.1790068, 5.6512471 ] } },
{ "type": "Feature", "properties": { "osmid": 5038307542, "element": "node", "name": "Cold store", "hub_type": "bus", "hub_scale": "stop", "amenity": null, "railway": null, "public_transport": "platform", "highway": "bus_stop", "aeroway": null, "building": null, "operator": null, "network": null, "centroid_lat": 5.6371407, "centroid_lon": -0.2169849 }, "geometry": { "type": "Point", "coordinates": [ -0.2169849, 5.6371407 ] } },
{ "type": "Feature", "properties": { "osmid": 5038307543, "element": "node", "name": "Danblesco", "hub_type": "bus", "hub_scale": "stop", "amenity": null, "railway": null, "public_transport": "platform", "highway": "bus_stop", "aeroway": null, "building": null, "operator": null, "network": null, "centroid_lat": 5.6384216, "centroid_lon": -0.2183392 }, "geometry": { "type": "Point", "coordinates": [ -0.2183392, 5.6384216 ] } },
{ "type": "Feature", "properties": { "osmid": 5038307544, "element": "node", "name": "Cemetary", "hub_type": "bus", "hub_scale": "stop", "amenity": null, "railway": null, "public_transport": "platform", "highway": "bus_stop", "aeroway": null, "building": null, "operator": null, "network": null, "centroid_lat": 5.6400816, "centroid_lon": -0.2199432 }, "geometry": { "type": "Point", "coordinates": [ -0.2199432, 5.6400816 ] } },
{ "type": "Feature", "properties": { "osmid": 5038979084, "element": "node", "name": "Bubiashie Ayigbe Town", "hub_type": "bus", "hub_scale": "stop", "amenity": null, "railway": null, "public_transport": "platform", "highway": "bus_stop", "aeroway": null, "building": null, "operator": null, "network": null, "centroid_lat": 5.5829964, "centroid_lon": -0.2401363 }, "geometry": { "type": "Point", "coordinates": [ -0.2401363, 5.5829964 ] } },
{ "type": "Feature", "properties": { "osmid": 5039839196, "element": "node", "name": "Immesco Rice", "hub_type": "bus", "hub_scale": "stop", "amenity": null, "railway": null, "public_transport": "platform", "highway": "bus_stop", "aeroway": null, "building": null, "operator": null, "network": null, "centroid_lat": 5.5899273, "centroid_lon": -0.231307 }, "geometry": { "type": "Point", "coordinates": [ -0.231307, 5.5899273 ] } },
{ "type": "Feature", "properties": { "osmid": 5039839197, "element": "node", "name": "Casajan", "hub_type": "bus", "hub_scale": "stop", "amenity": null, "railway": null, "public_transport": "platform", "highway": "bus_stop", "aeroway": null, "building": null, "operator": null, "network": null, "centroid_lat": 5.5816196, "centroid_lon": -0.2236549 }, "geometry": { "type": "Point", "coordinates": [ -0.2236549, 5.5816196 ] } },
{ "type": "Feature", "properties": { "osmid": 5039839198, "element": "node", "name": "SSB", "hub_type": "bus", "hub_scale": "stop", "amenity": null, "railway": null, "public_transport": "platform", "highway": "bus_stop", "aeroway": null, "building": null, "operator": null, "network": null, "centroid_lat": 5.5780506, "centroid_lon": -0.2232712 }, "geometry": { "type": "Point", "coordinates": [ -0.2232712, 5.5780506 ] } },
{ "type": "Feature", "properties": { "osmid": 5039839199, "element": "node", "name": "Latex Foam", "hub_type": "bus", "hub_scale": "stop", "amenity": null, "railway": null, "public_transport": "platform", "highway": "bus_stop", "aeroway": null, "building": null, "operator": null, "network": null, "centroid_lat": 5.5762839, "centroid_lon": -0.223065 }, "geometry": { "type": "Point", "coordinates": [ -0.223065, 5.5762839 ] } },
{ "type": "Feature", "properties": { "osmid": 5039839200, "element": "node", "name": "Dannex", "hub_type": "bus", "hub_scale": "stop", "amenity": null, "railway": null, "public_transport": "platform", "highway": "bus_stop", "aeroway": null, "building": null, "operator": null, "network": null, "centroid_lat": 5.574225, "centroid_lon": -0.2228277 }, "geometry": { "type": "Point", "coordinates": [ -0.2228277, 5.574225 ] } },
{ "type": "Feature", "properties": { "osmid": 5039839201, "element": "node", "name": "Times", "hub_type": "bus", "hub_scale": "stop", "amenity": null, "railway": null, "public_transport": "platform", "highway": "bus_stop", "aeroway": null, "building": null, "operator": null, "network": null, "centroid_lat": 5.5697874, "centroid_lon": -0.22185 }, "geometry": { "type": "Point", "coordinates": [ -0.22185, 5.5697874 ] } },
{ "type": "Feature", "properties": { "osmid": 5039861615, "element": "node", "name": "Circle / Vodafone", "hub_type": "bus", "hub_scale": "stop", "amenity": null, "railway": null, "public_transport": "platform", "highway": "bus_stop", "aeroway": null, "building": null, "operator": null, "network": null, "centroid_lat": 5.5718565, "centroid_lon": -0.2161403 }, "geometry": { "type": "Point", "coordinates": [ -0.2161403, 5.5718565 ] } },
{ "type": "Feature", "properties": { "osmid": 5039861616, "element": "node", "name": "Electricity Junction", "hub_type": "bus", "hub_scale": "stop", "amenity": null, "railway": null, "public_transport": "platform", "highway": "bus_stop", "aeroway": null, "building": null, "operator": null, "network": null, "centroid_lat": 5.5799647, "centroid_lon": -0.2201231 }, "geometry": { "type": "Point", "coordinates": [ -0.2201231, 5.5799647 ] } },
{ "type": "Feature", "properties": { "osmid": 5039861617, "element": "node", "name": "Immesco Rice", "hub_type": "bus", "hub_scale": "stop", "amenity": null, "railway": null, "public_transport": "platform", "highway": "bus_stop", "aeroway": null, "building": null, "operator": null, "network": null, "centroid_lat": 5.5897601, "centroid_lon": -0.2314403 }, "geometry": { "type": "Point", "coordinates": [ -0.2314403, 5.5897601 ] } },
{ "type": "Feature", "properties": { "osmid": 5039895708, "element": "node", "name": "Kotobabi Down (Polo Park)", "hub_type": "bus", "hub_scale": "stop", "amenity": null, "railway": null, "public_transport": "platform", "highway": "bus_stop", "aeroway": null, "building": null, "operator": null, "network": null, "centroid_lat": 5.5958908, "centroid_lon": -0.2091548 }, "geometry": { "type": "Point", "coordinates": [ -0.2091548, 5.5958908 ] } },
{ "type": "Feature", "properties": { "osmid": 5039895709, "element": "node", "name": "Kotobabi Market", "hub_type": "bus", "hub_scale": "stop", "amenity": null, "railway": null, "public_transport": "platform", "highway": "bus_stop", "aeroway": null, "building": null, "operator": null, "network": null, "centroid_lat": 5.5931302, "centroid_lon": -0.2089615 }, "geometry": { "type": "Point", "coordinates": [ -0.2089615, 5.5931302 ] } },
{ "type": "Feature", "properties": { "osmid": 5039895710, "element": "node", "name": "Prempeh", "hub_type": "bus", "hub_scale": "stop", "amenity": null, "railway": null, "public_transport": "platform", "highway": "bus_stop", "aeroway": null, "building": null, "operator": null, "network": null, "centroid_lat": 5.5923472, "centroid_lon": -0.2078076 }, "geometry": { "type": "Point", "coordinates": [ -0.2078076, 5.5923472 ] } },
{ "type": "Feature", "properties": { "osmid": 5039895711, "element": "node", "name": "School Junction", "hub_type": "bus", "hub_scale": "stop", "amenity": null, "railway": null, "public_transport": "platform", "highway": "bus_stop", "aeroway": null, "building": null, "operator": null, "network": null, "centroid_lat": 5.5915982, "centroid_lon": -0.2071487 }, "geometry": { "type": "Point", "coordinates": [ -0.2071487, 5.5915982 ] } },
{ "type": "Feature", "properties": { "osmid": 5039895712, "element": "node", "name": "Five five", "hub_type": "bus", "hub_scale": "stop", "amenity": null, "railway": null, "public_transport": "platform", "highway": "bus_stop", "aeroway": null, "building": null, "operator": null, "network": null, "centroid_lat": 5.5899988, "centroid_lon": -0.2077618 }, "geometry": { "type": "Point", "coordinates": [ -0.2077618, 5.5899988 ] } },
{ "type": "Feature", "properties": { "osmid": 5039895713, "element": "node", "name": "Bakery", "hub_type": "bus", "hub_scale": "stop", "amenity": null, "railway": null, "public_transport": "platform", "highway": "bus_stop", "aeroway": null, "building": null, "operator": null, "network": null, "centroid_lat": 5.5880695, "centroid_lon": -0.2091355 }, "geometry": { "type": "Point", "coordinates": [ -0.2091355, 5.5880695 ] } },
{ "type": "Feature", "properties": { "osmid": 5039895714, "element": "node", "name": "Mallam Attah Market", "hub_type": "bus", "hub_scale": "stop", "amenity": null, "railway": null, "public_transport": "platform", "highway": "bus_stop", "aeroway": null, "building": null, "operator": null, "network": null, "centroid_lat": 5.5863151, "centroid_lon": -0.2095848 }, "geometry": { "type": "Point", "coordinates": [ -0.2095848, 5.5863151 ] } },
{ "type": "Feature", "properties": { "osmid": 5039895715, "element": "node", "name": "Roman Junction", "hub_type": "bus", "hub_scale": "stop", "amenity": null, "railway": null, "public_transport": "platform", "highway": "bus_stop", "aeroway": null, "building": null, "operator": null, "network": null, "centroid_lat": 5.5851617, "centroid_lon": -0.2129838 }, "geometry": { "type": "Point", "coordinates": [ -0.2129838, 5.5851617 ] } },
{ "type": "Feature", "properties": { "osmid": 5039895716, "element": "node", "name": "Circle", "hub_type": "bus", "hub_scale": "stop", "amenity": null, "railway": null, "public_transport": "platform", "highway": "bus_stop", "aeroway": null, "building": null, "operator": null, "network": null, "centroid_lat": 5.5731446, "centroid_lon": -0.2142318 }, "geometry": { "type": "Point", "coordinates": [ -0.2142318, 5.5731446 ] } },
{ "type": "Feature", "properties": { "osmid": 5039908066, "element": "node", "name": "Circle Lido", "hub_type": "bus", "hub_scale": "stop", "amenity": null, "railway": null, "public_transport": "platform", "highway": "bus_stop", "aeroway": null, "building": null, "operator": null, "network": null, "centroid_lat": 5.5733002, "centroid_lon": -0.2145516 }, "geometry": { "type": "Point", "coordinates": [ -0.2145516, 5.5733002 ] } },
{ "type": "Feature", "properties": { "osmid": 5039908067, "element": "node", "name": "Roman Junction", "hub_type": "bus", "hub_scale": "stop", "amenity": null, "railway": null, "public_transport": "platform", "highway": "bus_stop", "aeroway": null, "building": null, "operator": null, "network": null, "centroid_lat": 5.5852509, "centroid_lon": -0.2130668 }, "geometry": { "type": "Point", "coordinates": [ -0.2130668, 5.5852509 ] } },
{ "type": "Feature", "properties": { "osmid": 5039908069, "element": "node", "name": "Bakery", "hub_type": "bus", "hub_scale": "stop", "amenity": null, "railway": null, "public_transport": "platform", "highway": "bus_stop", "aeroway": null, "building": null, "operator": null, "network": null, "centroid_lat": 5.5884041, "centroid_lon": -0.2091599 }, "geometry": { "type": "Point", "coordinates": [ -0.2091599, 5.5884041 ] } },
{ "type": "Feature", "properties": { "osmid": 5039908070, "element": "node", "name": "Five five", "hub_type": "bus", "hub_scale": "stop", "amenity": null, "railway": null, "public_transport": "platform", "highway": "bus_stop", "aeroway": null, "building": null, "operator": null, "network": null, "centroid_lat": 5.5900474, "centroid_lon": -0.2073006 }, "geometry": { "type": "Point", "coordinates": [ -0.2073006, 5.5900474 ] } },
{ "type": "Feature", "properties": { "osmid": 5039908071, "element": "node", "name": "Kotobabi Down (Polo Park)", "hub_type": "bus", "hub_scale": "stop", "amenity": null, "railway": null, "public_transport": "platform", "highway": "bus_stop", "aeroway": null, "building": null, "operator": null, "network": null, "centroid_lat": 5.5958129, "centroid_lon": -0.2091993 }, "geometry": { "type": "Point", "coordinates": [ -0.2091993, 5.5958129 ] } },
{ "type": "Feature", "properties": { "osmid": 5039935859, "element": "node", "name": "Orgle Road", "hub_type": "bus", "hub_scale": "stop", "amenity": null, "railway": null, "public_transport": "platform", "highway": "bus_stop", "aeroway": null, "building": null, "operator": null, "network": null, "centroid_lat": 5.57735, "centroid_lon": -0.2357227 }, "geometry": { "type": "Point", "coordinates": [ -0.2357227, 5.57735 ] } },
{ "type": "Feature", "properties": { "osmid": 5039941205, "element": "node", "name": null, "hub_type": "bus", "hub_scale": "stop", "amenity": null, "railway": null, "public_transport": "stop_position", "highway": null, "aeroway": null, "building": null, "operator": null, "network": null, "centroid_lat": 5.5773346, "centroid_lon": -0.2357407 }, "geometry": { "type": "Point", "coordinates": [ -0.2357407, 5.5773346 ] } },
{ "type": "Feature", "properties": { "osmid": 5039970960, "element": "node", "name": "Club 1000", "hub_type": "bus", "hub_scale": "stop", "amenity": null, "railway": null, "public_transport": "platform", "highway": "bus_stop", "aeroway": null, "building": null, "operator": null, "network": null, "centroid_lat": 5.5959381, "centroid_lon": -0.2005099 }, "geometry": { "type": "Point", "coordinates": [ -0.2005099, 5.5959381 ] } },
{ "type": "Feature", "properties": { "osmid": 5039970961, "element": "node", "name": "Master Chef", "hub_type": "bus", "hub_scale": "stop", "amenity": null, "railway": null, "public_transport": "platform", "highway": "bus_stop", "aeroway": null, "building": null, "operator": null, "network": null, "centroid_lat": 5.5890703, "centroid_lon": -0.2073193 }, "geometry": { "type": "Point", "coordinates": [ -0.2073193, 5.5890703 ] } },
{ "type": "Feature", "properties": { "osmid": 5039970962, "element": "node", "name": "Agbadinar", "hub_type": "bus", "hub_scale": "stop", "amenity": null, "railway": null, "public_transport": "platform", "highway": "bus_stop", "aeroway": null, "building": null, "operator": null, "network": null, "centroid_lat": 5.587907, "centroid_lon": -0.2074836 }, "geometry": { "type": "Point", "coordinates": [ -0.2074836, 5.587907 ] } },
{ "type": "Feature", "properties": { "osmid": 5039970963, "element": "node", "name": "Top Class", "hub_type": "bus", "hub_scale": "stop", "amenity": null, "railway": null, "public_transport": "platform", "highway": "bus_stop", "aeroway": null, "building": null, "operator": null, "network": null, "centroid_lat": 5.5964991, "centroid_lon": -0.1994135 }, "geometry": { "type": "Point", "coordinates": [ -0.1994135, 5.5964991 ] } },
{ "type": "Feature", "properties": { "osmid": 5039970964, "element": "node", "name": "Vulcanizer", "hub_type": "bus", "hub_scale": "stop", "amenity": null, "railway": null, "public_transport": "platform", "highway": "bus_stop", "aeroway": null, "building": null, "operator": null, "network": null, "centroid_lat": 5.5932618, "centroid_lon": -0.2033918 }, "geometry": { "type": "Point", "coordinates": [ -0.2033918, 5.5932618 ] } },
{ "type": "Feature", "properties": { "osmid": 5039970965, "element": "node", "name": "New Town Total", "hub_type": "bus", "hub_scale": "stop", "amenity": null, "railway": null, "public_transport": "platform", "highway": "bus_stop", "aeroway": null, "building": null, "operator": null, "network": null, "centroid_lat": 5.5855719, "centroid_lon": -0.2079 }, "geometry": { "type": "Point", "coordinates": [ -0.2079, 5.5855719 ] } },
{ "type": "Feature", "properties": { "osmid": 5039970966, "element": "node", "name": "College", "hub_type": "bus", "hub_scale": "stop", "amenity": null, "railway": null, "public_transport": "platform", "highway": "bus_stop", "aeroway": null, "building": null, "operator": null, "network": null, "centroid_lat": 5.5832983, "centroid_lon": -0.208338 }, "geometry": { "type": "Point", "coordinates": [ -0.208338, 5.5832983 ] } },
{ "type": "Feature", "properties": { "osmid": 5039970967, "element": "node", "name": "Mallam Atta", "hub_type": "bus", "hub_scale": "stop", "amenity": null, "railway": null, "public_transport": "platform", "highway": "bus_stop", "aeroway": null, "building": null, "operator": null, "network": null, "centroid_lat": 5.5812484, "centroid_lon": -0.2092693 }, "geometry": { "type": "Point", "coordinates": [ -0.2092693, 5.5812484 ] } },
{ "type": "Feature", "properties": { "osmid": 5039970968, "element": "node", "name": "Asantewaa", "hub_type": "bus", "hub_scale": "stop", "amenity": null, "railway": null, "public_transport": "platform", "highway": "bus_stop", "aeroway": null, "building": null, "operator": null, "network": null, "centroid_lat": 5.57957, "centroid_lon": -0.2105227 }, "geometry": { "type": "Point", "coordinates": [ -0.2105227, 5.57957 ] } },
{ "type": "Feature", "properties": { "osmid": 5039970969, "element": "node", "name": "Fidelity", "hub_type": "bus", "hub_scale": "stop", "amenity": null, "railway": null, "public_transport": "platform", "highway": "bus_stop", "aeroway": null, "building": null, "operator": null, "network": null, "centroid_lat": 5.5774927, "centroid_lon": -0.2120704 }, "geometry": { "type": "Point", "coordinates": [ -0.2120704, 5.5774927 ] } },
{ "type": "Feature", "properties": { "osmid": 5039976070, "element": "node", "name": "City Lights", "hub_type": "bus", "hub_scale": "stop", "amenity": null, "railway": null, "public_transport": "platform", "highway": "bus_stop", "aeroway": null, "building": null, "operator": null, "network": null, "centroid_lat": 5.5743607, "centroid_lon": -0.2144748 }, "geometry": { "type": "Point", "coordinates": [ -0.2144748, 5.5743607 ] } },
{ "type": "Feature", "properties": { "osmid": 5039976071, "element": "node", "name": "Quarters", "hub_type": "bus", "hub_scale": "stop", "amenity": null, "railway": null, "public_transport": "platform", "highway": "bus_stop", "aeroway": null, "building": null, "operator": null, "network": null, "centroid_lat": 5.5749693, "centroid_lon": -0.2140476 }, "geometry": { "type": "Point", "coordinates": [ -0.2140476, 5.5749693 ] } },
{ "type": "Feature", "properties": { "osmid": 5039976072, "element": "node", "name": "Express", "hub_type": "bus", "hub_scale": "stop", "amenity": null, "railway": null, "public_transport": "platform", "highway": "bus_stop", "aeroway": null, "building": null, "operator": null, "network": null, "centroid_lat": 5.5767693, "centroid_lon": -0.2126757 }, "geometry": { "type": "Point", "coordinates": [ -0.2126757, 5.5767693 ] } },
{ "type": "Feature", "properties": { "osmid": 5039976073, "element": "node", "name": "Fidelity", "hub_type": "bus", "hub_scale": "stop", "amenity": null, "railway": null, "public_transport": "platform", "highway": "bus_stop", "aeroway": null, "building": null, "operator": null, "network": null, "centroid_lat": 5.5776349, "centroid_lon": -0.2120326 }, "geometry": { "type": "Point", "coordinates": [ -0.2120326, 5.5776349 ] } },
{ "type": "Feature", "properties": { "osmid": 5039976074, "element": "node", "name": "Asantewaa", "hub_type": "bus", "hub_scale": "stop", "amenity": null, "railway": null, "public_transport": "platform", "highway": "bus_stop", "aeroway": null, "building": null, "operator": null, "network": null, "centroid_lat": 5.5796924, "centroid_lon": -0.2105004 }, "geometry": { "type": "Point", "coordinates": [ -0.2105004, 5.5796924 ] } },
{ "type": "Feature", "properties": { "osmid": 5039976075, "element": "node", "name": "Mallam Atta", "hub_type": "bus", "hub_scale": "stop", "amenity": null, "railway": null, "public_transport": "platform", "highway": "bus_stop", "aeroway": null, "building": null, "operator": null, "network": null, "centroid_lat": 5.5816598, "centroid_lon": -0.2090541 }, "geometry": { "type": "Point", "coordinates": [ -0.2090541, 5.5816598 ] } },
{ "type": "Feature", "properties": { "osmid": 5040045045, "element": "node", "name": "Accra CMB", "hub_type": "bus", "hub_scale": "stop", "amenity": null, "railway": null, "public_transport": "platform", "highway": "bus_stop", "aeroway": null, "building": null, "operator": null, "network": null, "centroid_lat": 5.5506818, "centroid_lon": -0.2130704 }, "geometry": { "type": "Point", "coordinates": [ -0.2130704, 5.5506818 ] } },
{ "type": "Feature", "properties": { "osmid": 5040070775, "element": "node", "name": "Darkuman Junction", "hub_type": "bus", "hub_scale": "stop", "amenity": null, "railway": null, "public_transport": "platform", "highway": "bus_stop", "aeroway": null, "building": null, "operator": null, "network": null, "centroid_lat": 5.5761129, "centroid_lon": -0.2544491 }, "geometry": { "type": "Point", "coordinates": [ -0.2544491, 5.5761129 ] } },
{ "type": "Feature", "properties": { "osmid": 5040070776, "element": "node", "name": "Mallam Market", "hub_type": "bus", "hub_scale": "stop", "amenity": null, "railway": null, "public_transport": "platform", "highway": "bus_stop", "aeroway": null, "building": null, "operator": null, "network": null, "centroid_lat": 5.5725434, "centroid_lon": -0.2803866 }, "geometry": { "type": "Point", "coordinates": [ -0.2803866, 5.5725434 ] } },
{ "type": "Feature", "properties": { "osmid": 5040075674, "element": "node", "name": "Kingsway", "hub_type": "bus", "hub_scale": "stop", "amenity": null, "railway": null, "public_transport": "platform", "highway": "bus_stop", "aeroway": null, "building": null, "operator": null, "network": null, "centroid_lat": 5.5518572, "centroid_lon": -0.2109297 }, "geometry": { "type": "Point", "coordinates": [ -0.2109297, 5.5518572 ] } },
{ "type": "Feature", "properties": { "osmid": 5040075675, "element": "node", "name": "Adabraka", "hub_type": "bus", "hub_scale": "stop", "amenity": null, "railway": null, "public_transport": "platform", "highway": "bus_stop", "aeroway": null, "building": null, "operator": null, "network": null, "centroid_lat": 5.5649038, "centroid_lon": -0.2144044 }, "geometry": { "type": "Point", "coordinates": [ -0.2144044, 5.5649038 ] } },
{ "type": "Feature", "properties": { "osmid": 5040075676, "element": "node", "name": "Avenor", "hub_type": "bus", "hub_scale": "stop", "amenity": null, "railway": null, "public_transport": "platform", "highway": "bus_stop", "aeroway": null, "building": null, "operator": null, "network": null, "centroid_lat": 5.580647, "centroid_lon": -0.2168103 }, "geometry": { "type": "Point", "coordinates": [ -0.2168103, 5.580647 ] } },
{ "type": "Feature", "properties": { "osmid": 5040075677, "element": "node", "name": "Olympic junction", "hub_type": "bus", "hub_scale": "stop", "amenity": null, "railway": null, "public_transport": "platform", "highway": "bus_stop", "aeroway": null, "building": null, "operator": null, "network": null, "centroid_lat": 5.5852405, "centroid_lon": -0.2101294 }, "geometry": { "type": "Point", "coordinates": [ -0.2101294, 5.5852405 ] } },
{ "type": "Feature", "properties": { "osmid": 5040075678, "element": "node", "name": "Deeper life junction", "hub_type": "bus", "hub_scale": "stop", "amenity": null, "railway": null, "public_transport": "platform", "highway": "bus_stop", "aeroway": null, "building": null, "operator": null, "network": null, "centroid_lat": 5.5911932, "centroid_lon": -0.207511 }, "geometry": { "type": "Point", "coordinates": [ -0.207511, 5.5911932 ] } },
{ "type": "Feature", "properties": { "osmid": 5040075679, "element": "node", "name": "Ojawe", "hub_type": "bus", "hub_scale": "stop", "amenity": null, "railway": null, "public_transport": "platform", "highway": "bus_stop", "aeroway": null, "building": null, "operator": null, "network": null, "centroid_lat": 5.5950069, "centroid_lon": -0.2080939 }, "geometry": { "type": "Point", "coordinates": [ -0.2080939, 5.5950069 ] } },
{ "type": "Feature", "properties": { "osmid": 5040075680, "element": "node", "name": "Kotobabi Down", "hub_type": "bus", "hub_scale": "stop", "amenity": null, "railway": null, "public_transport": "platform", "highway": "bus_stop", "aeroway": null, "building": null, "operator": null, "network": null, "centroid_lat": 5.5956724, "centroid_lon": -0.2093405 }, "geometry": { "type": "Point", "coordinates": [ -0.2093405, 5.5956724 ] } },
{ "type": "Feature", "properties": { "osmid": 5040089796, "element": "node", "name": "Kotobabi Market junction", "hub_type": "bus", "hub_scale": "stop", "amenity": null, "railway": null, "public_transport": "platform", "highway": "bus_stop", "aeroway": null, "building": null, "operator": null, "network": null, "centroid_lat": 5.5947354, "centroid_lon": -0.2076275 }, "geometry": { "type": "Point", "coordinates": [ -0.2076275, 5.5947354 ] } },
{ "type": "Feature", "properties": { "osmid": 5040089797, "element": "node", "name": "Labour Centre", "hub_type": "bus", "hub_scale": "stop", "amenity": null, "railway": null, "public_transport": "platform", "highway": "bus_stop", "aeroway": null, "building": null, "operator": null, "network": null, "centroid_lat": 5.5935661, "centroid_lon": -0.2065183 }, "geometry": { "type": "Point", "coordinates": [ -0.2065183, 5.5935661 ] } },
{ "type": "Feature", "properties": { "osmid": 5040089798, "element": "node", "name": "Jehova junction", "hub_type": "bus", "hub_scale": "stop", "amenity": null, "railway": null, "public_transport": "platform", "highway": "bus_stop", "aeroway": null, "building": null, "operator": null, "network": null, "centroid_lat": 5.5903019, "centroid_lon": -0.2076699 }, "geometry": { "type": "Point", "coordinates": [ -0.2076699, 5.5903019 ] } },
{ "type": "Feature", "properties": { "osmid": 5040089799, "element": "node", "name": "Dworwulu junction", "hub_type": "bus", "hub_scale": "stop", "amenity": null, "railway": null, "public_transport": "platform", "highway": "bus_stop", "aeroway": null, "building": null, "operator": null, "network": null, "centroid_lat": 5.5854539, "centroid_lon": -0.2098265 }, "geometry": { "type": "Point", "coordinates": [ -0.2098265, 5.5854539 ] } },
{ "type": "Feature", "properties": { "osmid": 5040089800, "element": "node", "name": "Roman junction", "hub_type": "bus", "hub_scale": "stop", "amenity": null, "railway": null, "public_transport": "platform", "highway": "bus_stop", "aeroway": null, "building": null, "operator": null, "network": null, "centroid_lat": 5.5849824, "centroid_lon": -0.215747 }, "geometry": { "type": "Point", "coordinates": [ -0.215747, 5.5849824 ] } },
{ "type": "Feature", "properties": { "osmid": 5040089801, "element": "node", "name": "Olympic junction", "hub_type": "bus", "hub_scale": "stop", "amenity": null, "railway": null, "public_transport": "platform", "highway": "bus_stop", "aeroway": null, "building": null, "operator": null, "network": null, "centroid_lat": 5.5846153, "centroid_lon": -0.2159116 }, "geometry": { "type": "Point", "coordinates": [ -0.2159116, 5.5846153 ] } },
{ "type": "Feature", "properties": { "osmid": 5040089802, "element": "node", "name": "Kingsway", "hub_type": "bus", "hub_scale": "stop", "amenity": null, "railway": null, "public_transport": "platform", "highway": "bus_stop", "aeroway": null, "building": null, "operator": null, "network": null, "centroid_lat": 5.5518679, "centroid_lon": -0.2107525 }, "geometry": { "type": "Point", "coordinates": [ -0.2107525, 5.5518679 ] } },
{ "type": "Feature", "properties": { "osmid": 5040110846, "element": "node", "name": "Nima Junction", "hub_type": "bus", "hub_scale": "stop", "amenity": null, "railway": null, "public_transport": "platform", "highway": "bus_stop", "aeroway": null, "building": null, "operator": null, "network": null, "centroid_lat": 5.5823679, "centroid_lon": -0.2085784 }, "geometry": { "type": "Point", "coordinates": [ -0.2085784, 5.5823679 ] } },
{ "type": "Feature", "properties": { "osmid": 5040124406, "element": "node", "name": "Newtown", "hub_type": "bus", "hub_scale": "stop", "amenity": null, "railway": null, "public_transport": "platform", "highway": "bus_stop", "aeroway": null, "building": null, "operator": null, "network": null, "centroid_lat": 5.5887437, "centroid_lon": -0.208577 }, "geometry": { "type": "Point", "coordinates": [ -0.208577, 5.5887437 ] } },
{ "type": "Feature", "properties": { "osmid": 5040124407, "element": "node", "name": "37", "hub_type": "bus", "hub_scale": "stop", "amenity": null, "railway": null, "public_transport": "platform", "highway": "bus_stop", "aeroway": null, "building": null, "operator": null, "network": null, "centroid_lat": 5.5875974, "centroid_lon": -0.2092633 }, "geometry": { "type": "Point", "coordinates": [ -0.2092633, 5.5875974 ] } },
{ "type": "Feature", "properties": { "osmid": 5040124408, "element": "node", "name": "Circle Lido", "hub_type": "bus", "hub_scale": "stop", "amenity": null, "railway": null, "public_transport": "platform", "highway": "bus_stop", "aeroway": null, "building": null, "operator": null, "network": null, "centroid_lat": 5.5715044, "centroid_lon": -0.213544 }, "geometry": { "type": "Point", "coordinates": [ -0.213544, 5.5715044 ] } },
{ "type": "Feature", "properties": { "osmid": 5040133316, "element": "node", "name": "Nima Junction", "hub_type": "bus", "hub_scale": "stop", "amenity": null, "railway": null, "public_transport": "platform", "highway": "bus_stop", "aeroway": null, "building": null, "operator": null, "network": null, "centroid_lat": 5.5731764, "centroid_lon": -0.2013688 }, "geometry": { "type": "Point", "coordinates": [ -0.2013688, 5.5731764 ] } },
{ "type": "Feature", "properties": { "osmid": 5040133317, "element": "node", "name": "Konka Curve", "hub_type": "bus", "hub_scale": "stop", "amenity": null, "railway": null, "public_transport": "platform", "highway": "bus_stop", "aeroway": null, "building": null, "operator": null, "network": null, "centroid_lat": 5.5957258, "centroid_lon": -0.19384 }, "geometry": { "type": "Point", "coordinates": [ -0.19384, 5.5957258 ] } },
{ "type": "Feature", "properties": { "osmid": 5040133318, "element": "node", "name": "Asaviola", "hub_type": "bus", "hub_scale": "stop", "amenity": null, "railway": null, "public_transport": "platform", "highway": "bus_stop", "aeroway": null, "building": null, "operator": null, "network": null, "centroid_lat": 5.6042364, "centroid_lon": -0.1883249 }, "geometry": { "type": "Point", "coordinates": [ -0.1883249, 5.6042364 ] } },
{ "type": "Feature", "properties": { "osmid": 5040133319, "element": "node", "name": "Bostal Curve", "hub_type": "bus", "hub_scale": "stop", "amenity": null, "railway": null, "public_transport": "platform", "highway": "bus_stop", "aeroway": null, "building": null, "operator": null, "network": null, "centroid_lat": 5.6056102, "centroid_lon": -0.1878624 }, "geometry": { "type": "Point", "coordinates": [ -0.1878624, 5.6056102 ] } },
{ "type": "Feature", "properties": { "osmid": 5040133320, "element": "node", "name": "Car Spot", "hub_type": "bus", "hub_scale": "stop", "amenity": null, "railway": null, "public_transport": "platform", "highway": "bus_stop", "aeroway": null, "building": null, "operator": null, "network": null, "centroid_lat": 5.614164, "centroid_lon": -0.1862615 }, "geometry": { "type": "Point", "coordinates": [ -0.1862615, 5.614164 ] } },
{ "type": "Feature", "properties": { "osmid": 5040135021, "element": "node", "name": "Shangrila", "hub_type": "bus", "hub_scale": "stop", "amenity": null, "railway": null, "public_transport": "platform", "highway": "bus_stop", "aeroway": null, "building": null, "operator": null, "network": null, "centroid_lat": 5.6172107, "centroid_lon": -0.1770705 }, "geometry": { "type": "Point", "coordinates": [ -0.1770705, 5.6172107 ] } },
{ "type": "Feature", "properties": { "osmid": 5040165386, "element": "node", "name": "Mangoase", "hub_type": "bus", "hub_scale": "stop", "amenity": null, "railway": null, "public_transport": "platform", "highway": "bus_stop", "aeroway": null, "building": null, "operator": null, "network": null, "centroid_lat": 5.6172478, "centroid_lon": -0.17866 }, "geometry": { "type": "Point", "coordinates": [ -0.17866, 5.6172478 ] } },
{ "type": "Feature", "properties": { "osmid": 5040165387, "element": "node", "name": "Container Second", "hub_type": "bus", "hub_scale": "stop", "amenity": null, "railway": null, "public_transport": "platform", "highway": "bus_stop", "aeroway": null, "building": null, "operator": null, "network": null, "centroid_lat": 5.6168167, "centroid_lon": -0.1820357 }, "geometry": { "type": "Point", "coordinates": [ -0.1820357, 5.6168167 ] } },
{ "type": "Feature", "properties": { "osmid": 5040165388, "element": "node", "name": "Container First", "hub_type": "bus", "hub_scale": "stop", "amenity": null, "railway": null, "public_transport": "platform", "highway": "bus_stop", "aeroway": null, "building": null, "operator": null, "network": null, "centroid_lat": 5.6161708, "centroid_lon": -0.1829995 }, "geometry": { "type": "Point", "coordinates": [ -0.1829995, 5.6161708 ] } },
{ "type": "Feature", "properties": { "osmid": 5040165389, "element": "node", "name": "School Junction", "hub_type": "bus", "hub_scale": "stop", "amenity": null, "railway": null, "public_transport": "platform", "highway": "bus_stop", "aeroway": null, "building": null, "operator": null, "network": null, "centroid_lat": 5.6154609, "centroid_lon": -0.1841602 }, "geometry": { "type": "Point", "coordinates": [ -0.1841602, 5.6154609 ] } },
{ "type": "Feature", "properties": { "osmid": 5040165390, "element": "node", "name": "T Junction", "hub_type": "bus", "hub_scale": "stop", "amenity": null, "railway": null, "public_transport": "platform", "highway": "bus_stop", "aeroway": null, "building": null, "operator": null, "network": null, "centroid_lat": 5.6132613, "centroid_lon": -0.187492 }, "geometry": { "type": "Point", "coordinates": [ -0.187492, 5.6132613 ] } },
{ "type": "Feature", "properties": { "osmid": 5040165391, "element": "node", "name": "Chinese", "hub_type": "bus", "hub_scale": "stop", "amenity": null, "railway": null, "public_transport": "platform", "highway": "bus_stop", "aeroway": null, "building": null, "operator": null, "network": null, "centroid_lat": 5.6123865, "centroid_lon": -0.1869055 }, "geometry": { "type": "Point", "coordinates": [ -0.1869055, 5.6123865 ] } },
{ "type": "Feature", "properties": { "osmid": 5040165392, "element": "node", "name": "High Flow", "hub_type": "bus", "hub_scale": "stop", "amenity": null, "railway": null, "public_transport": "platform", "highway": "bus_stop", "aeroway": null, "building": null, "operator": null, "network": null, "centroid_lat": 5.6101959, "centroid_lon": -0.186245 }, "geometry": { "type": "Point", "coordinates": [ -0.186245, 5.6101959 ] } },
{ "type": "Feature", "properties": { "osmid": 5040165393, "element": "node", "name": "Bostal Second", "hub_type": "bus", "hub_scale": "stop", "amenity": null, "railway": null, "public_transport": "platform", "highway": "bus_stop", "aeroway": null, "building": null, "operator": null, "network": null, "centroid_lat": 5.6084109, "centroid_lon": -0.1874049 }, "geometry": { "type": "Point", "coordinates": [ -0.1874049, 5.6084109 ] } },
{ "type": "Feature", "properties": { "osmid": 5040165394, "element": "node", "name": "Bostal First", "hub_type": "bus", "hub_scale": "stop", "amenity": null, "railway": null, "public_transport": "platform", "highway": "bus_stop", "aeroway": null, "building": null, "operator": null, "network": null, "centroid_lat": 5.6071968, "centroid_lon": -0.188201 }, "geometry": { "type": "Point", "coordinates": [ -0.188201, 5.6071968 ] } },
{ "type": "Feature", "properties": { "osmid": 5040165395, "element": "node", "name": "Bostal", "hub_type": "bus", "hub_scale": "stop", "amenity": null, "railway": null, "public_transport": "platform", "highway": "bus_stop", "aeroway": null, "building": null, "operator": null, "network": null, "centroid_lat": 5.6063949, "centroid_lon": -0.1887258 }, "geometry": { "type": "Point", "coordinates": [ -0.1887258, 5.6063949 ] } },
{ "type": "Feature", "properties": { "osmid": 5040165396, "element": "node", "name": "Sign Board", "hub_type": "bus", "hub_scale": "stop", "amenity": null, "railway": null, "public_transport": "platform", "highway": "bus_stop", "aeroway": null, "building": null, "operator": null, "network": null, "centroid_lat": 5.6018428, "centroid_lon": -0.1884405 }, "geometry": { "type": "Point", "coordinates": [ -0.1884405, 5.6018428 ] } },
{ "type": "Feature", "properties": { "osmid": 5040165397, "element": "node", "name": "SGS", "hub_type": "bus", "hub_scale": "stop", "amenity": null, "railway": null, "public_transport": "platform", "highway": "bus_stop", "aeroway": null, "building": null, "operator": null, "network": null, "centroid_lat": 5.6021328, "centroid_lon": -0.1921013 }, "geometry": { "type": "Point", "coordinates": [ -0.1921013, 5.6021328 ] } },
{ "type": "Feature", "properties": { "osmid": 5040165398, "element": "node", "name": "French School", "hub_type": "bus", "hub_scale": "stop", "amenity": null, "railway": null, "public_transport": "platform", "highway": "bus_stop", "aeroway": null, "building": null, "operator": null, "network": null, "centroid_lat": 5.6017437, "centroid_lon": -0.1933249 }, "geometry": { "type": "Point", "coordinates": [ -0.1933249, 5.6017437 ] } },
{ "type": "Feature", "properties": { "osmid": 5040165399, "element": "node", "name": "Power House", "hub_type": "bus", "hub_scale": "stop", "amenity": null, "railway": null, "public_transport": "platform", "highway": "bus_stop", "aeroway": null, "building": null, "operator": null, "network": null, "centroid_lat": 5.599705, "centroid_lon": -0.1942183 }, "geometry": { "type": "Point", "coordinates": [ -0.1942183, 5.599705 ] } },
{ "type": "Feature", "properties": { "osmid": 5040165400, "element": "node", "name": "Accra Girls", "hub_type": "bus", "hub_scale": "stop", "amenity": null, "railway": null, "public_transport": "platform", "highway": "bus_stop", "aeroway": null, "building": null, "operator": null, "network": null, "centroid_lat": 5.598149, "centroid_lon": -0.1939158 }, "geometry": { "type": "Point", "coordinates": [ -0.1939158, 5.598149 ] } },
{ "type": "Feature", "properties": { "osmid": 5040165401, "element": "node", "name": "Konka", "hub_type": "bus", "hub_scale": "stop", "amenity": null, "railway": null, "public_transport": "platform", "highway": "bus_stop", "aeroway": null, "building": null, "operator": null, "network": null, "centroid_lat": 5.5966652, "centroid_lon": -0.1948496 }, "geometry": { "type": "Point", "coordinates": [ -0.1948496, 5.5966652 ] } },
{ "type": "Feature", "properties": { "osmid": 5040165402, "element": "node", "name": "Mamobi Market", "hub_type": "bus", "hub_scale": "stop", "amenity": null, "railway": null, "public_transport": "platform", "highway": "bus_stop", "aeroway": null, "building": null, "operator": null, "network": null, "centroid_lat": 5.5938906, "centroid_lon": -0.1947939 }, "geometry": { "type": "Point", "coordinates": [ -0.1947939, 5.5938906 ] } },
{ "type": "Feature", "properties": { "osmid": 5040165403, "element": "node", "name": "Nima Gutter", "hub_type": "bus", "hub_scale": "stop", "amenity": null, "railway": null, "public_transport": "platform", "highway": "bus_stop", "aeroway": null, "building": null, "operator": null, "network": null, "centroid_lat": 5.5881572, "centroid_lon": -0.1966034 }, "geometry": { "type": "Point", "coordinates": [ -0.1966034, 5.5881572 ] } },
{ "type": "Feature", "properties": { "osmid": 5040165404, "element": "node", "name": "Nima Station", "hub_type": "bus", "hub_scale": "stop", "amenity": null, "railway": null, "public_transport": "platform", "highway": "bus_stop", "aeroway": null, "building": null, "operator": null, "network": null, "centroid_lat": 5.5819737, "centroid_lon": -0.1982404 }, "geometry": { "type": "Point", "coordinates": [ -0.1982404, 5.5819737 ] } },
{ "type": "Feature", "properties": { "osmid": 5040165405, "element": "node", "name": "Curve", "hub_type": "bus", "hub_scale": "stop", "amenity": null, "railway": null, "public_transport": "platform", "highway": "bus_stop", "aeroway": null, "building": null, "operator": null, "network": null, "centroid_lat": 5.5815185, "centroid_lon": -0.1971821 }, "geometry": { "type": "Point", "coordinates": [ -0.1971821, 5.5815185 ] } },
{ "type": "Feature", "properties": { "osmid": 5040165406, "element": "node", "name": "School Junction Nima", "hub_type": "bus", "hub_scale": "stop", "amenity": null, "railway": null, "public_transport": "platform", "highway": "bus_stop", "aeroway": null, "building": null, "operator": null, "network": null, "centroid_lat": 5.5780331, "centroid_lon": -0.1986659 }, "geometry": { "type": "Point", "coordinates": [ -0.1986659, 5.5780331 ] } },
{ "type": "Feature", "properties": { "osmid": 5040173329, "element": "node", "name": "PTC", "hub_type": "bus", "hub_scale": "stop", "amenity": null, "railway": null, "public_transport": "platform", "highway": "bus_stop", "aeroway": null, "building": null, "operator": null, "network": null, "centroid_lat": 5.567761, "centroid_lon": -0.2151494 }, "geometry": { "type": "Point", "coordinates": [ -0.2151494, 5.567761 ] } },
{ "type": "Feature", "properties": { "osmid": 5040332109, "element": "node", "name": "Lapaz Borlaso", "hub_type": "bus", "hub_scale": "stop", "amenity": null, "railway": null, "public_transport": "platform", "highway": "bus_stop", "aeroway": null, "building": null, "operator": null, "network": null, "centroid_lat": 5.6094583, "centroid_lon": -0.261239 }, "geometry": { "type": "Point", "coordinates": [ -0.261239, 5.6094583 ] } },
{ "type": "Feature", "properties": { "osmid": 5040332110, "element": "node", "name": "Lapaz Market", "hub_type": "bus", "hub_scale": "stop", "amenity": null, "railway": null, "public_transport": "platform", "highway": "bus_stop", "aeroway": null, "building": null, "operator": null, "network": null, "centroid_lat": 5.6073637, "centroid_lon": -0.2568799 }, "geometry": { "type": "Point", "coordinates": [ -0.2568799, 5.6073637 ] } },
{ "type": "Feature", "properties": { "osmid": 5040372058, "element": "node", "name": "Lapaz Masalaashie", "hub_type": "bus", "hub_scale": "stop", "amenity": null, "railway": null, "public_transport": "platform", "highway": "bus_stop", "aeroway": null, "building": null, "operator": null, "network": null, "centroid_lat": 5.6098074, "centroid_lon": -0.2526918 }, "geometry": { "type": "Point", "coordinates": [ -0.2526918, 5.6098074 ] } },
{ "type": "Feature", "properties": { "osmid": 5040372059, "element": "node", "name": "Abrantie", "hub_type": "bus", "hub_scale": "stop", "amenity": null, "railway": null, "public_transport": "platform", "highway": "bus_stop", "aeroway": null, "building": null, "operator": null, "network": null, "centroid_lat": 5.6066991, "centroid_lon": -0.2549116 }, "geometry": { "type": "Point", "coordinates": [ -0.2549116, 5.6066991 ] } },
{ "type": "Feature", "properties": { "osmid": 5040372060, "element": "node", "name": "Tabora Number 3", "hub_type": "bus", "hub_scale": "stop", "amenity": null, "railway": null, "public_transport": "platform", "highway": "bus_stop", "aeroway": null, "building": null, "operator": null, "network": null, "centroid_lat": 5.607101, "centroid_lon": -0.2589156 }, "geometry": { "type": "Point", "coordinates": [ -0.2589156, 5.607101 ] } },
{ "type": "Feature", "properties": { "osmid": 5040372061, "element": "node", "name": "Tabora Number 4", "hub_type": "bus", "hub_scale": "stop", "amenity": null, "railway": null, "public_transport": "platform", "highway": "bus_stop", "aeroway": null, "building": null, "operator": null, "network": null, "centroid_lat": 5.6087957, "centroid_lon": -0.2603764 }, "geometry": { "type": "Point", "coordinates": [ -0.2603764, 5.6087957 ] } },
{ "type": "Feature", "properties": { "osmid": 5040871739, "element": "node", "name": "Airport Junction", "hub_type": "bus", "hub_scale": "stop", "amenity": null, "railway": null, "public_transport": "platform", "highway": "bus_stop", "aeroway": null, "building": null, "operator": null, "network": null, "centroid_lat": 5.6223746, "centroid_lon": -0.1794919 }, "geometry": { "type": "Point", "coordinates": [ -0.1794919, 5.6223746 ] } },
{ "type": "Feature", "properties": { "osmid": 5040891754, "element": "node", "name": null, "hub_type": "bus", "hub_scale": "stop", "amenity": null, "railway": null, "public_transport": "stop_position", "highway": null, "aeroway": null, "building": null, "operator": null, "network": null, "centroid_lat": 5.5867534, "centroid_lon": -0.2076959 }, "geometry": { "type": "Point", "coordinates": [ -0.2076959, 5.5867534 ] } },
{ "type": "Feature", "properties": { "osmid": 5040928827, "element": "node", "name": "First Total", "hub_type": "bus", "hub_scale": "stop", "amenity": null, "railway": null, "public_transport": "platform", "highway": "bus_stop", "aeroway": null, "building": null, "operator": null, "network": null, "centroid_lat": 5.5996921, "centroid_lon": -0.1973774 }, "geometry": { "type": "Point", "coordinates": [ -0.1973774, 5.5996921 ] } },
{ "type": "Feature", "properties": { "osmid": 5041051501, "element": "node", "name": "Clinic", "hub_type": "bus", "hub_scale": "stop", "amenity": null, "railway": null, "public_transport": "platform", "highway": "bus_stop", "aeroway": null, "building": null, "operator": null, "network": null, "centroid_lat": 5.6565812, "centroid_lon": -0.2078341 }, "geometry": { "type": "Point", "coordinates": [ -0.2078341, 5.6565812 ] } },
{ "type": "Feature", "properties": { "osmid": 5041209347, "element": "node", "name": null, "hub_type": "bus", "hub_scale": "stop", "amenity": null, "railway": null, "public_transport": "stop_position", "highway": null, "aeroway": null, "building": null, "operator": null, "network": null, "centroid_lat": 5.5870414, "centroid_lon": -0.278931 }, "geometry": { "type": "Point", "coordinates": [ -0.278931, 5.5870414 ] } },
{ "type": "Feature", "properties": { "osmid": 5041209348, "element": "node", "name": "Station", "hub_type": "bus", "hub_scale": "stop", "amenity": null, "railway": null, "public_transport": "platform", "highway": "bus_stop", "aeroway": null, "building": null, "operator": null, "network": null, "centroid_lat": 5.5870425, "centroid_lon": -0.2788954 }, "geometry": { "type": "Point", "coordinates": [ -0.2788954, 5.5870425 ] } },
{ "type": "Feature", "properties": { "osmid": 5041226370, "element": "node", "name": null, "hub_type": "bus", "hub_scale": "stop", "amenity": null, "railway": null, "public_transport": "stop_position", "highway": null, "aeroway": null, "building": null, "operator": null, "network": null, "centroid_lat": 5.5870791, "centroid_lon": -0.2794467 }, "geometry": { "type": "Point", "coordinates": [ -0.2794467, 5.5870791 ] } },
{ "type": "Feature", "properties": { "osmid": 5041226371, "element": "node", "name": "Station", "hub_type": "bus", "hub_scale": "stop", "amenity": null, "railway": null, "public_transport": "platform", "highway": "bus_stop", "aeroway": null, "building": null, "operator": null, "network": null, "centroid_lat": 5.5869789, "centroid_lon": -0.2794811 }, "geometry": { "type": "Point", "coordinates": [ -0.2794811, 5.5869789 ] } },
{ "type": "Feature", "properties": { "osmid": 5041288967, "element": "node", "name": "Agbogbloshie", "hub_type": "bus", "hub_scale": "stop", "amenity": null, "railway": null, "public_transport": "platform", "highway": "bus_stop", "aeroway": null, "building": null, "operator": null, "network": null, "centroid_lat": 5.5490852, "centroid_lon": -0.2168551 }, "geometry": { "type": "Point", "coordinates": [ -0.2168551, 5.5490852 ] } },
{ "type": "Feature", "properties": { "osmid": 5041288968, "element": "node", "name": "Arena", "hub_type": "bus", "hub_scale": "stop", "amenity": null, "railway": null, "public_transport": "platform", "highway": "bus_stop", "aeroway": null, "building": null, "operator": null, "network": null, "centroid_lat": 5.5449558, "centroid_lon": -0.216673 }, "geometry": { "type": "Point", "coordinates": [ -0.216673, 5.5449558 ] } },
{ "type": "Feature", "properties": { "osmid": 5041288969, "element": "node", "name": "Timber Market", "hub_type": "bus", "hub_scale": "stop", "amenity": null, "railway": null, "public_transport": "platform", "highway": "bus_stop", "aeroway": null, "building": null, "operator": null, "network": null, "centroid_lat": 5.5434076, "centroid_lon": -0.2161393 }, "geometry": { "type": "Point", "coordinates": [ -0.2161393, 5.5434076 ] } },
{ "type": "Feature", "properties": { "osmid": 5041513175, "element": "node", "name": "Jah Love", "hub_type": "bus", "hub_scale": "stop", "amenity": null, "railway": null, "public_transport": "platform", "highway": "bus_stop", "aeroway": null, "building": null, "operator": null, "network": null, "centroid_lat": 5.5963807, "centroid_lon": -0.2706603 }, "geometry": { "type": "Point", "coordinates": [ -0.2706603, 5.5963807 ] } },
{ "type": "Feature", "properties": { "osmid": 5041513176, "element": "node", "name": "Christ Mission", "hub_type": "bus", "hub_scale": "stop", "amenity": null, "railway": null, "public_transport": "platform", "highway": "bus_stop", "aeroway": null, "building": null, "operator": null, "network": null, "centroid_lat": 5.5944223, "centroid_lon": -0.269609 }, "geometry": { "type": "Point", "coordinates": [ -0.269609, 5.5944223 ] } },
{ "type": "Feature", "properties": { "osmid": 5041513177, "element": "node", "name": "Nyamekye Junction", "hub_type": "bus", "hub_scale": "stop", "amenity": null, "railway": null, "public_transport": "platform", "highway": "bus_stop", "aeroway": null, "building": null, "operator": null, "network": null, "centroid_lat": 5.6044867, "centroid_lon": -0.2547369 }, "geometry": { "type": "Point", "coordinates": [ -0.2547369, 5.6044867 ] } },
{ "type": "Feature", "properties": { "osmid": 5041550697, "element": "node", "name": "Christ Mission", "hub_type": "bus", "hub_scale": "stop", "amenity": null, "railway": null, "public_transport": "platform", "highway": "bus_stop", "aeroway": null, "building": null, "operator": null, "network": null, "centroid_lat": 5.5949636, "centroid_lon": -0.2701335 }, "geometry": { "type": "Point", "coordinates": [ -0.2701335, 5.5949636 ] } },
{ "type": "Feature", "properties": { "osmid": 5041550698, "element": "node", "name": "Jah Love", "hub_type": "bus", "hub_scale": "stop", "amenity": null, "railway": null, "public_transport": "platform", "highway": "bus_stop", "aeroway": null, "building": null, "operator": null, "network": null, "centroid_lat": 5.5966527, "centroid_lon": -0.2708766 }, "geometry": { "type": "Point", "coordinates": [ -0.2708766, 5.5966527 ] } },
{ "type": "Feature", "properties": { "osmid": 5041609689, "element": "node", "name": "Ahenfie", "hub_type": "bus", "hub_scale": "stop", "amenity": null, "railway": null, "public_transport": "platform", "highway": "bus_stop", "aeroway": null, "building": null, "operator": null, "network": null, "centroid_lat": 5.6067147, "centroid_lon": -0.2611082 }, "geometry": { "type": "Point", "coordinates": [ -0.2611082, 5.6067147 ] } },
{ "type": "Feature", "properties": { "osmid": 5041783463, "element": "node", "name": "Borlaso", "hub_type": "bus", "hub_scale": "stop", "amenity": null, "railway": null, "public_transport": "platform", "highway": "bus_stop", "aeroway": null, "building": null, "operator": null, "network": null, "centroid_lat": 5.6091429, "centroid_lon": -0.2609076 }, "geometry": { "type": "Point", "coordinates": [ -0.2609076, 5.6091429 ] } },
{ "type": "Feature", "properties": { "osmid": 5043094924, "element": "node", "name": "Kwashieman Junction", "hub_type": "bus", "hub_scale": "stop", "amenity": null, "railway": null, "public_transport": "platform", "highway": "bus_stop", "aeroway": null, "building": null, "operator": null, "network": null, "centroid_lat": 5.5927011, "centroid_lon": -0.2684291 }, "geometry": { "type": "Point", "coordinates": [ -0.2684291, 5.5927011 ] } },
{ "type": "Feature", "properties": { "osmid": 5043131237, "element": "node", "name": "Kwashieman", "hub_type": "bus", "hub_scale": "stop", "amenity": null, "railway": null, "public_transport": "platform", "highway": "bus_stop", "aeroway": null, "building": null, "operator": null, "network": null, "centroid_lat": 5.5926, "centroid_lon": -0.268197 }, "geometry": { "type": "Point", "coordinates": [ -0.268197, 5.5926 ] } },
{ "type": "Feature", "properties": { "osmid": 5043308478, "element": "node", "name": "First Gate", "hub_type": "bus", "hub_scale": "stop", "amenity": null, "railway": null, "public_transport": "platform", "highway": "bus_stop", "aeroway": null, "building": null, "operator": null, "network": null, "centroid_lat": 5.5542539, "centroid_lon": -0.2147169 }, "geometry": { "type": "Point", "coordinates": [ -0.2147169, 5.5542539 ] } },
{ "type": "Feature", "properties": { "osmid": 5043308479, "element": "node", "name": "Water", "hub_type": "bus", "hub_scale": "stop", "amenity": null, "railway": null, "public_transport": "platform", "highway": "bus_stop", "aeroway": null, "building": null, "operator": null, "network": null, "centroid_lat": 5.5811142, "centroid_lon": -0.2635662 }, "geometry": { "type": "Point", "coordinates": [ -0.2635662, 5.5811142 ] } },
{ "type": "Feature", "properties": { "osmid": 5043308480, "element": "node", "name": "Odorkor", "hub_type": "bus", "hub_scale": "stop", "amenity": null, "railway": null, "public_transport": "platform", "highway": "bus_stop", "aeroway": null, "building": null, "operator": null, "network": null, "centroid_lat": 5.5842366, "centroid_lon": -0.2645469 }, "geometry": { "type": "Point", "coordinates": [ -0.2645469, 5.5842366 ] } },
{ "type": "Feature", "properties": { "osmid": 5043308481, "element": "node", "name": "Kwashieman Junction", "hub_type": "bus", "hub_scale": "stop", "amenity": null, "railway": null, "public_transport": "platform", "highway": "bus_stop", "aeroway": null, "building": null, "operator": null, "network": null, "centroid_lat": 5.5912279, "centroid_lon": -0.2679622 }, "geometry": { "type": "Point", "coordinates": [ -0.2679622, 5.5912279 ] } },
{ "type": "Feature", "properties": { "osmid": 5043353510, "element": "node", "name": "Kwashieman Junction", "hub_type": "bus", "hub_scale": "stop", "amenity": null, "railway": null, "public_transport": "platform", "highway": "bus_stop", "aeroway": null, "building": null, "operator": null, "network": null, "centroid_lat": 5.5911858, "centroid_lon": -0.2678831 }, "geometry": { "type": "Point", "coordinates": [ -0.2678831, 5.5911858 ] } },
{ "type": "Feature", "properties": { "osmid": 5043353511, "element": "node", "name": "School junction", "hub_type": "bus", "hub_scale": "stop", "amenity": null, "railway": null, "public_transport": "platform", "highway": "bus_stop", "aeroway": null, "building": null, "operator": null, "network": null, "centroid_lat": 5.5867981, "centroid_lon": -0.26536 }, "geometry": { "type": "Point", "coordinates": [ -0.26536, 5.5867981 ] } },
{ "type": "Feature", "properties": { "osmid": 5043353512, "element": "node", "name": "Off Town Junction", "hub_type": "bus", "hub_scale": "stop", "amenity": null, "railway": null, "public_transport": "platform", "highway": "bus_stop", "aeroway": null, "building": null, "operator": null, "network": null, "centroid_lat": 5.5850565, "centroid_lon": -0.2647836 }, "geometry": { "type": "Point", "coordinates": [ -0.2647836, 5.5850565 ] } },
{ "type": "Feature", "properties": { "osmid": 5043353513, "element": "node", "name": "Odorkor", "hub_type": "bus", "hub_scale": "stop", "amenity": null, "railway": null, "public_transport": "platform", "highway": "bus_stop", "aeroway": null, "building": null, "operator": null, "network": null, "centroid_lat": 5.5807036, "centroid_lon": -0.2624177 }, "geometry": { "type": "Point", "coordinates": [ -0.2624177, 5.5807036 ] } },
{ "type": "Feature", "properties": { "osmid": 5043353514, "element": "node", "name": "Waterworks junction", "hub_type": "bus", "hub_scale": "stop", "amenity": null, "railway": null, "public_transport": "platform", "highway": "bus_stop", "aeroway": null, "building": null, "operator": null, "network": null, "centroid_lat": 5.5798092, "centroid_lon": -0.2597268 }, "geometry": { "type": "Point", "coordinates": [ -0.2597268, 5.5798092 ] } },
{ "type": "Feature", "properties": { "osmid": 5043353515, "element": "node", "name": "Glory Land junction", "hub_type": "bus", "hub_scale": "stop", "amenity": null, "railway": null, "public_transport": "platform", "highway": "bus_stop", "aeroway": null, "building": null, "operator": null, "network": null, "centroid_lat": 5.5784265, "centroid_lon": -0.2574553 }, "geometry": { "type": "Point", "coordinates": [ -0.2574553, 5.5784265 ] } },
{ "type": "Feature", "properties": { "osmid": 5043353516, "element": "node", "name": "Darkuman junction", "hub_type": "bus", "hub_scale": "stop", "amenity": null, "railway": null, "public_transport": "platform", "highway": "bus_stop", "aeroway": null, "building": null, "operator": null, "network": null, "centroid_lat": 5.5770094, "centroid_lon": -0.2550811 }, "geometry": { "type": "Point", "coordinates": [ -0.2550811, 5.5770094 ] } },
{ "type": "Feature", "properties": { "osmid": 5043353517, "element": "node", "name": "Goil", "hub_type": "bus", "hub_scale": "stop", "amenity": null, "railway": null, "public_transport": "platform", "highway": "bus_stop", "aeroway": null, "building": null, "operator": null, "network": null, "centroid_lat": 5.5733854, "centroid_lon": -0.2490946 }, "geometry": { "type": "Point", "coordinates": [ -0.2490946, 5.5733854 ] } },
{ "type": "Feature", "properties": { "osmid": 5043353518, "element": "node", "name": "Accra Academy", "hub_type": "bus", "hub_scale": "stop", "amenity": null, "railway": null, "public_transport": "platform", "highway": "bus_stop", "aeroway": null, "building": null, "operator": null, "network": null, "centroid_lat": 5.5711838, "centroid_lon": -0.2454645 }, "geometry": { "type": "Point", "coordinates": [ -0.2454645, 5.5711838 ] } },
{ "type": "Feature", "properties": { "osmid": 5043353519, "element": "node", "name": "Graphic junction", "hub_type": "bus", "hub_scale": "stop", "amenity": null, "railway": null, "public_transport": "platform", "highway": "bus_stop", "aeroway": null, "building": null, "operator": null, "network": null, "centroid_lat": 5.5541473, "centroid_lon": -0.2142871 }, "geometry": { "type": "Point", "coordinates": [ -0.2142871, 5.5541473 ] } },
{ "type": "Feature", "properties": { "osmid": 5043423430, "element": "node", "name": "Kwashieman", "hub_type": "bus", "hub_scale": "stop", "amenity": null, "railway": null, "public_transport": "platform", "highway": "bus_stop", "aeroway": null, "building": null, "operator": null, "network": null, "centroid_lat": 5.5921722, "centroid_lon": -0.2685937 }, "geometry": { "type": "Point", "coordinates": [ -0.2685937, 5.5921722 ] } },
{ "type": "Feature", "properties": { "osmid": 5043483177, "element": "node", "name": "Bambolino", "hub_type": "bus", "hub_scale": "stop", "amenity": null, "railway": null, "public_transport": "platform", "highway": "bus_stop", "aeroway": null, "building": null, "operator": null, "network": null, "centroid_lat": 5.6082647, "centroid_lon": -0.2425401 }, "geometry": { "type": "Point", "coordinates": [ -0.2425401, 5.6082647 ] } },
{ "type": "Feature", "properties": { "osmid": 5043507713, "element": "node", "name": "Abeka Lapaz", "hub_type": "bus", "hub_scale": "stop", "amenity": null, "railway": null, "public_transport": "platform", "highway": "bus_stop", "aeroway": null, "building": null, "operator": null, "network": null, "centroid_lat": 5.6067819, "centroid_lon": -0.2480829 }, "geometry": { "type": "Point", "coordinates": [ -0.2480829, 5.6067819 ] } },
{ "type": "Feature", "properties": { "osmid": 5043547846, "element": "node", "name": "Lantemaamill", "hub_type": "bus", "hub_scale": "stop", "amenity": null, "railway": null, "public_transport": "platform", "highway": "bus_stop", "aeroway": null, "building": null, "operator": null, "network": null, "centroid_lat": 5.5266297, "centroid_lon": -0.2459136 }, "geometry": { "type": "Point", "coordinates": [ -0.2459136, 5.5266297 ] } },
{ "type": "Feature", "properties": { "osmid": 5043547847, "element": "node", "name": "Extra O", "hub_type": "bus", "hub_scale": "stop", "amenity": null, "railway": null, "public_transport": "platform", "highway": "bus_stop", "aeroway": null, "building": null, "operator": null, "network": null, "centroid_lat": 5.5287802, "centroid_lon": -0.2423704 }, "geometry": { "type": "Point", "coordinates": [ -0.2423704, 5.5287802 ] } },
{ "type": "Feature", "properties": { "osmid": 5043547848, "element": "node", "name": "Liju", "hub_type": "bus", "hub_scale": "stop", "amenity": null, "railway": null, "public_transport": "platform", "highway": "bus_stop", "aeroway": null, "building": null, "operator": null, "network": null, "centroid_lat": 5.5361619, "centroid_lon": -0.2413492 }, "geometry": { "type": "Point", "coordinates": [ -0.2413492, 5.5361619 ] } },
{ "type": "Feature", "properties": { "osmid": 5043547849, "element": "node", "name": "Chokor/ Chemuna", "hub_type": "bus", "hub_scale": "stop", "amenity": null, "railway": null, "public_transport": "platform", "highway": "bus_stop", "aeroway": null, "building": null, "operator": null, "network": null, "centroid_lat": 5.5262544, "centroid_lon": -0.2504673 }, "geometry": { "type": "Point", "coordinates": [ -0.2504673, 5.5262544 ] } },
{ "type": "Feature", "properties": { "osmid": 5043547850, "element": "node", "name": "Bridge", "hub_type": "bus", "hub_scale": "stop", "amenity": null, "railway": null, "public_transport": "platform", "highway": "bus_stop", "aeroway": null, "building": null, "operator": null, "network": null, "centroid_lat": 5.5263755, "centroid_lon": -0.2489701 }, "geometry": { "type": "Point", "coordinates": [ -0.2489701, 5.5263755 ] } },
{ "type": "Feature", "properties": { "osmid": 5043599036, "element": "node", "name": "Lapaz Station", "hub_type": "bus", "hub_scale": "stop", "amenity": null, "railway": null, "public_transport": "platform", "highway": "bus_stop", "aeroway": null, "building": null, "operator": null, "network": null, "centroid_lat": 5.5848186, "centroid_lon": -0.2082208 }, "geometry": { "type": "Point", "coordinates": [ -0.2082208, 5.5848186 ] } },
{ "type": "Feature", "properties": { "osmid": 5043599037, "element": "node", "name": "Kotobabi Down", "hub_type": "bus", "hub_scale": "stop", "amenity": null, "railway": null, "public_transport": "platform", "highway": "bus_stop", "aeroway": null, "building": null, "operator": null, "network": null, "centroid_lat": 5.5974079, "centroid_lon": -0.1988839 }, "geometry": { "type": "Point", "coordinates": [ -0.1988839, 5.5974079 ] } },
{ "type": "Feature", "properties": { "osmid": 5043729312, "element": "node", "name": "Ridge", "hub_type": "bus", "hub_scale": "stop", "amenity": null, "railway": null, "public_transport": "platform", "highway": "bus_stop", "aeroway": null, "building": null, "operator": null, "network": null, "centroid_lat": 5.59762, "centroid_lon": -0.2113101 }, "geometry": { "type": "Point", "coordinates": [ -0.2113101, 5.59762 ] } },
{ "type": "Feature", "properties": { "osmid": 5043794574, "element": "node", "name": "Prempeh", "hub_type": "bus", "hub_scale": "stop", "amenity": null, "railway": null, "public_transport": "platform", "highway": "bus_stop", "aeroway": null, "building": null, "operator": null, "network": null, "centroid_lat": 5.59301, "centroid_lon": -0.2059211 }, "geometry": { "type": "Point", "coordinates": [ -0.2059211, 5.59301 ] } },
{ "type": "Feature", "properties": { "osmid": 5043794575, "element": "node", "name": "Accra Girls", "hub_type": "bus", "hub_scale": "stop", "amenity": null, "railway": null, "public_transport": "platform", "highway": "bus_stop", "aeroway": null, "building": null, "operator": null, "network": null, "centroid_lat": 5.5979536, "centroid_lon": -0.1926935 }, "geometry": { "type": "Point", "coordinates": [ -0.1926935, 5.5979536 ] } },
{ "type": "Feature", "properties": { "osmid": 5043794576, "element": "node", "name": "37 Military Hospital", "hub_type": "bus", "hub_scale": "stop", "amenity": null, "railway": null, "public_transport": "platform", "highway": "bus_stop", "aeroway": null, "building": null, "operator": null, "network": null, "centroid_lat": 5.5900798, "centroid_lon": -0.1824079 }, "geometry": { "type": "Point", "coordinates": [ -0.1824079, 5.5900798 ] } },
{ "type": "Feature", "properties": { "osmid": 5045130246, "element": "node", "name": "Fan milk", "hub_type": "bus", "hub_scale": "stop", "amenity": null, "railway": null, "public_transport": "platform", "highway": "bus_stop", "aeroway": null, "building": null, "operator": null, "network": null, "centroid_lat": 5.5700571, "centroid_lon": -0.222249 }, "geometry": { "type": "Point", "coordinates": [ -0.222249, 5.5700571 ] } },
{ "type": "Feature", "properties": { "osmid": 5045130247, "element": "node", "name": "Kaneshie Market bus stop", "hub_type": "bus", "hub_scale": "stop", "amenity": null, "railway": null, "public_transport": "platform", "highway": "bus_stop", "aeroway": null, "building": null, "operator": null, "network": null, "centroid_lat": 5.5665793, "centroid_lon": -0.2356043 }, "geometry": { "type": "Point", "coordinates": [ -0.2356043, 5.5665793 ] } },
{ "type": "Feature", "properties": { "osmid": 5045157926, "element": "node", "name": "School Junction", "hub_type": "bus", "hub_scale": "stop", "amenity": null, "railway": null, "public_transport": "platform", "highway": "bus_stop", "aeroway": null, "building": null, "operator": null, "network": null, "centroid_lat": 5.5676914, "centroid_lon": -0.2288011 }, "geometry": { "type": "Point", "coordinates": [ -0.2288011, 5.5676914 ] } },
{ "type": "Feature", "properties": { "osmid": 5045157927, "element": "node", "name": "Transport", "hub_type": "bus", "hub_scale": "stop", "amenity": null, "railway": null, "public_transport": "platform", "highway": "bus_stop", "aeroway": null, "building": null, "operator": null, "network": null, "centroid_lat": 5.566357, "centroid_lon": -0.2254852 }, "geometry": { "type": "Point", "coordinates": [ -0.2254852, 5.566357 ] } },
{ "type": "Feature", "properties": { "osmid": 5045157928, "element": "node", "name": "Times", "hub_type": "bus", "hub_scale": "stop", "amenity": null, "railway": null, "public_transport": "platform", "highway": "bus_stop", "aeroway": null, "building": null, "operator": null, "network": null, "centroid_lat": 5.5662464, "centroid_lon": -0.2245985 }, "geometry": { "type": "Point", "coordinates": [ -0.2245985, 5.5662464 ] } },
{ "type": "Feature", "properties": { "osmid": 5045200685, "element": "node", "name": "Cocoa Clinic", "hub_type": "bus", "hub_scale": "stop", "amenity": null, "railway": null, "public_transport": "platform", "highway": "bus_stop", "aeroway": null, "building": null, "operator": null, "network": null, "centroid_lat": 5.5717327, "centroid_lon": -0.2362607 }, "geometry": { "type": "Point", "coordinates": [ -0.2362607, 5.5717327 ] } },
{ "type": "Feature", "properties": { "osmid": 5045200686, "element": "node", "name": "Good Shepherd (Orgle Street)", "hub_type": "bus", "hub_scale": "stop", "amenity": null, "railway": null, "public_transport": "platform", "highway": "bus_stop", "aeroway": null, "building": null, "operator": null, "network": null, "centroid_lat": 5.5837975, "centroid_lon": -0.2363917 }, "geometry": { "type": "Point", "coordinates": [ -0.2363917, 5.5837975 ] } },
{ "type": "Feature", "properties": { "osmid": 5045217690, "element": "node", "name": "Good Shepherd", "hub_type": "bus", "hub_scale": "stop", "amenity": null, "railway": null, "public_transport": "platform", "highway": "bus_stop", "aeroway": null, "building": null, "operator": null, "network": null, "centroid_lat": 5.5838794, "centroid_lon": -0.2363187 }, "geometry": { "type": "Point", "coordinates": [ -0.2363187, 5.5838794 ] } },
{ "type": "Feature", "properties": { "osmid": 5045239822, "element": "node", "name": "Bank", "hub_type": "bus", "hub_scale": "stop", "amenity": null, "railway": null, "public_transport": "platform", "highway": "bus_stop", "aeroway": null, "building": null, "operator": null, "network": null, "centroid_lat": 5.5362606, "centroid_lon": -0.2543862 }, "geometry": { "type": "Point", "coordinates": [ -0.2543862, 5.5362606 ] } },
{ "type": "Feature", "properties": { "osmid": 5045239823, "element": "node", "name": "Clinic", "hub_type": "bus", "hub_scale": "stop", "amenity": null, "railway": null, "public_transport": "platform", "highway": "bus_stop", "aeroway": null, "building": null, "operator": null, "network": null, "centroid_lat": 5.5383283, "centroid_lon": -0.2450368 }, "geometry": { "type": "Point", "coordinates": [ -0.2450368, 5.5383283 ] } },
{ "type": "Feature", "properties": { "osmid": 5045239824, "element": "node", "name": "Dan Wright", "hub_type": "bus", "hub_scale": "stop", "amenity": null, "railway": null, "public_transport": "platform", "highway": "bus_stop", "aeroway": null, "building": null, "operator": null, "network": null, "centroid_lat": 5.5397505, "centroid_lon": -0.2429357 }, "geometry": { "type": "Point", "coordinates": [ -0.2429357, 5.5397505 ] } },
{ "type": "Feature", "properties": { "osmid": 5045239825, "element": "node", "name": "Summerhut", "hub_type": "bus", "hub_scale": "stop", "amenity": null, "railway": null, "public_transport": "platform", "highway": "bus_stop", "aeroway": null, "building": null, "operator": null, "network": null, "centroid_lat": 5.5405319, "centroid_lon": -0.2395878 }, "geometry": { "type": "Point", "coordinates": [ -0.2395878, 5.5405319 ] } },
{ "type": "Feature", "properties": { "osmid": 5045251535, "element": "node", "name": "Asoredan ho", "hub_type": "bus", "hub_scale": "stop", "amenity": null, "railway": null, "public_transport": "platform", "highway": "bus_stop", "aeroway": null, "building": null, "operator": null, "network": null, "centroid_lat": 5.5611945, "centroid_lon": -0.2385893 }, "geometry": { "type": "Point", "coordinates": [ -0.2385893, 5.5611945 ] } },
{ "type": "Feature", "properties": { "osmid": 5045251536, "element": "node", "name": "Summerhut", "hub_type": "bus", "hub_scale": "stop", "amenity": null, "railway": null, "public_transport": "platform", "highway": "bus_stop", "aeroway": null, "building": null, "operator": null, "network": null, "centroid_lat": 5.5403795, "centroid_lon": -0.2400466 }, "geometry": { "type": "Point", "coordinates": [ -0.2400466, 5.5403795 ] } },
{ "type": "Feature", "properties": { "osmid": 5045251537, "element": "node", "name": "Clinic", "hub_type": "bus", "hub_scale": "stop", "amenity": null, "railway": null, "public_transport": "platform", "highway": "bus_stop", "aeroway": null, "building": null, "operator": null, "network": null, "centroid_lat": 5.5379414, "centroid_lon": -0.245266 }, "geometry": { "type": "Point", "coordinates": [ -0.245266, 5.5379414 ] } },
{ "type": "Feature", "properties": { "osmid": 5045325132, "element": "node", "name": "Cottage", "hub_type": "bus", "hub_scale": "stop", "amenity": null, "railway": null, "public_transport": "platform", "highway": "bus_stop", "aeroway": null, "building": null, "operator": null, "network": null, "centroid_lat": 5.573568, "centroid_lon": -0.2380526 }, "geometry": { "type": "Point", "coordinates": [ -0.2380526, 5.573568 ] } },
{ "type": "Feature", "properties": { "osmid": 5045353349, "element": "node", "name": "Appiah Danquah/Soko", "hub_type": "bus", "hub_scale": "stop", "amenity": null, "railway": null, "public_transport": "platform", "highway": "bus_stop", "aeroway": null, "building": null, "operator": null, "network": null, "centroid_lat": 5.5452374, "centroid_lon": -0.252404 }, "geometry": { "type": "Point", "coordinates": [ -0.252404, 5.5452374 ] } },
{ "type": "Feature", "properties": { "osmid": 5045353350, "element": "node", "name": "Masalaachi", "hub_type": "bus", "hub_scale": "stop", "amenity": null, "railway": null, "public_transport": "platform", "highway": "bus_stop", "aeroway": null, "building": null, "operator": null, "network": null, "centroid_lat": 5.5452372, "centroid_lon": -0.251688 }, "geometry": { "type": "Point", "coordinates": [ -0.251688, 5.5452372 ] } },
{ "type": "Feature", "properties": { "osmid": 5045353351, "element": "node", "name": "Second", "hub_type": "bus", "hub_scale": "stop", "amenity": null, "railway": null, "public_transport": "platform", "highway": "bus_stop", "aeroway": null, "building": null, "operator": null, "network": null, "centroid_lat": 5.5452532, "centroid_lon": -0.2502034 }, "geometry": { "type": "Point", "coordinates": [ -0.2502034, 5.5452532 ] } },
{ "type": "Feature", "properties": { "osmid": 5045353352, "element": "node", "name": "Soko Junction", "hub_type": "bus", "hub_scale": "stop", "amenity": null, "railway": null, "public_transport": "platform", "highway": "bus_stop", "aeroway": null, "building": null, "operator": null, "network": null, "centroid_lat": 5.5452074, "centroid_lon": -0.2489086 }, "geometry": { "type": "Point", "coordinates": [ -0.2489086, 5.5452074 ] } },
{ "type": "Feature", "properties": { "osmid": 5045353353, "element": "node", "name": "Container", "hub_type": "bus", "hub_scale": "stop", "amenity": null, "railway": null, "public_transport": "platform", "highway": "bus_stop", "aeroway": null, "building": null, "operator": null, "network": null, "centroid_lat": 5.5438721, "centroid_lon": -0.2488767 }, "geometry": { "type": "Point", "coordinates": [ -0.2488767, 5.5438721 ] } },
{ "type": "Feature", "properties": { "osmid": 5045353354, "element": "node", "name": "Curve", "hub_type": "bus", "hub_scale": "stop", "amenity": null, "railway": null, "public_transport": "platform", "highway": "bus_stop", "aeroway": null, "building": null, "operator": null, "network": null, "centroid_lat": 5.5427609, "centroid_lon": -0.2484715 }, "geometry": { "type": "Point", "coordinates": [ -0.2484715, 5.5427609 ] } },
{ "type": "Feature", "properties": { "osmid": 5045353355, "element": "node", "name": "Bridge", "hub_type": "bus", "hub_scale": "stop", "amenity": null, "railway": null, "public_transport": "platform", "highway": "bus_stop", "aeroway": null, "building": null, "operator": null, "network": null, "centroid_lat": 5.5427919, "centroid_lon": -0.2475634 }, "geometry": { "type": "Point", "coordinates": [ -0.2475634, 5.5427919 ] } },
{ "type": "Feature", "properties": { "osmid": 5045353356, "element": "node", "name": "Toilets", "hub_type": "bus", "hub_scale": "stop", "amenity": null, "railway": null, "public_transport": "platform", "highway": "bus_stop", "aeroway": null, "building": null, "operator": null, "network": null, "centroid_lat": 5.5428374, "centroid_lon": -0.2470342 }, "geometry": { "type": "Point", "coordinates": [ -0.2470342, 5.5428374 ] } },
{ "type": "Feature", "properties": { "osmid": 5045353357, "element": "node", "name": "Adonteng", "hub_type": "bus", "hub_scale": "stop", "amenity": null, "railway": null, "public_transport": "platform", "highway": "bus_stop", "aeroway": null, "building": null, "operator": null, "network": null, "centroid_lat": 5.5429552, "centroid_lon": -0.2467559 }, "geometry": { "type": "Point", "coordinates": [ -0.2467559, 5.5429552 ] } },
{ "type": "Feature", "properties": { "osmid": 5045353358, "element": "node", "name": "Pentecost", "hub_type": "bus", "hub_scale": "stop", "amenity": null, "railway": null, "public_transport": "platform", "highway": "bus_stop", "aeroway": null, "building": null, "operator": null, "network": null, "centroid_lat": 5.5444578, "centroid_lon": -0.2467136 }, "geometry": { "type": "Point", "coordinates": [ -0.2467136, 5.5444578 ] } },
{ "type": "Feature", "properties": { "osmid": 5045353359, "element": "node", "name": "School Junction", "hub_type": "bus", "hub_scale": "stop", "amenity": null, "railway": null, "public_transport": "platform", "highway": "bus_stop", "aeroway": null, "building": null, "operator": null, "network": null, "centroid_lat": 5.5467826, "centroid_lon": -0.2446172 }, "geometry": { "type": "Point", "coordinates": [ -0.2446172, 5.5467826 ] } },
{ "type": "Feature", "properties": { "osmid": 5045353360, "element": "node", "name": "Video City", "hub_type": "bus", "hub_scale": "stop", "amenity": null, "railway": null, "public_transport": "platform", "highway": "bus_stop", "aeroway": null, "building": null, "operator": null, "network": null, "centroid_lat": 5.5467781, "centroid_lon": -0.2439343 }, "geometry": { "type": "Point", "coordinates": [ -0.2439343, 5.5467781 ] } },
{ "type": "Feature", "properties": { "osmid": 5045353361, "element": "node", "name": "Lotto Kiosk", "hub_type": "bus", "hub_scale": "stop", "amenity": null, "railway": null, "public_transport": "platform", "highway": "bus_stop", "aeroway": null, "building": null, "operator": null, "network": null, "centroid_lat": 5.5479323, "centroid_lon": -0.2438196 }, "geometry": { "type": "Point", "coordinates": [ -0.2438196, 5.5479323 ] } },
{ "type": "Feature", "properties": { "osmid": 5045353362, "element": "node", "name": "Transformer", "hub_type": "bus", "hub_scale": "stop", "amenity": null, "railway": null, "public_transport": "platform", "highway": "bus_stop", "aeroway": null, "building": null, "operator": null, "network": null, "centroid_lat": 5.5489919, "centroid_lon": -0.2438382 }, "geometry": { "type": "Point", "coordinates": [ -0.2438382, 5.5489919 ] } },
{ "type": "Feature", "properties": { "osmid": 5045353363, "element": "node", "name": "Printing Press", "hub_type": "bus", "hub_scale": "stop", "amenity": null, "railway": null, "public_transport": "platform", "highway": "bus_stop", "aeroway": null, "building": null, "operator": null, "network": null, "centroid_lat": 5.5505008, "centroid_lon": -0.2438594 }, "geometry": { "type": "Point", "coordinates": [ -0.2438594, 5.5505008 ] } },
{ "type": "Feature", "properties": { "osmid": 5045353364, "element": "node", "name": "First Junction", "hub_type": "bus", "hub_scale": "stop", "amenity": null, "railway": null, "public_transport": "platform", "highway": "bus_stop", "aeroway": null, "building": null, "operator": null, "network": null, "centroid_lat": 5.5531498, "centroid_lon": -0.2438623 }, "geometry": { "type": "Point", "coordinates": [ -0.2438623, 5.5531498 ] } },
{ "type": "Feature", "properties": { "osmid": 5045403675, "element": "node", "name": "Lotto Kiosk", "hub_type": "bus", "hub_scale": "stop", "amenity": null, "railway": null, "public_transport": "platform", "highway": "bus_stop", "aeroway": null, "building": null, "operator": null, "network": null, "centroid_lat": 5.5475191, "centroid_lon": -0.2437771 }, "geometry": { "type": "Point", "coordinates": [ -0.2437771, 5.5475191 ] } },
{ "type": "Feature", "properties": { "osmid": 5045403676, "element": "node", "name": "School Junction", "hub_type": "bus", "hub_scale": "stop", "amenity": null, "railway": null, "public_transport": "platform", "highway": "bus_stop", "aeroway": null, "building": null, "operator": null, "network": null, "centroid_lat": 5.546722, "centroid_lon": -0.2454327 }, "geometry": { "type": "Point", "coordinates": [ -0.2454327, 5.546722 ] } },
{ "type": "Feature", "properties": { "osmid": 5045403677, "element": "node", "name": "Pentecost", "hub_type": "bus", "hub_scale": "stop", "amenity": null, "railway": null, "public_transport": "platform", "highway": "bus_stop", "aeroway": null, "building": null, "operator": null, "network": null, "centroid_lat": 5.5442593, "centroid_lon": -0.2466803 }, "geometry": { "type": "Point", "coordinates": [ -0.2466803, 5.5442593 ] } },
{ "type": "Feature", "properties": { "osmid": 5045403678, "element": "node", "name": "Adonteng", "hub_type": "bus", "hub_scale": "stop", "amenity": null, "railway": null, "public_transport": "platform", "highway": "bus_stop", "aeroway": null, "building": null, "operator": null, "network": null, "centroid_lat": 5.5427611, "centroid_lon": -0.2467897 }, "geometry": { "type": "Point", "coordinates": [ -0.2467897, 5.5427611 ] } },
{ "type": "Feature", "properties": { "osmid": 5045403679, "element": "node", "name": "Bridge", "hub_type": "bus", "hub_scale": "stop", "amenity": null, "railway": null, "public_transport": "platform", "highway": "bus_stop", "aeroway": null, "building": null, "operator": null, "network": null, "centroid_lat": 5.5427119, "centroid_lon": -0.2477325 }, "geometry": { "type": "Point", "coordinates": [ -0.2477325, 5.5427119 ] } },
{ "type": "Feature", "properties": { "osmid": 5045403680, "element": "node", "name": "Curve", "hub_type": "bus", "hub_scale": "stop", "amenity": null, "railway": null, "public_transport": "platform", "highway": "bus_stop", "aeroway": null, "building": null, "operator": null, "network": null, "centroid_lat": 5.5429287, "centroid_lon": -0.2487113 }, "geometry": { "type": "Point", "coordinates": [ -0.2487113, 5.5429287 ] } },
{ "type": "Feature", "properties": { "osmid": 5045403681, "element": "node", "name": "Container", "hub_type": "bus", "hub_scale": "stop", "amenity": null, "railway": null, "public_transport": "platform", "highway": "bus_stop", "aeroway": null, "building": null, "operator": null, "network": null, "centroid_lat": 5.5439378, "centroid_lon": -0.2488815 }, "geometry": { "type": "Point", "coordinates": [ -0.2488815, 5.5439378 ] } },
{ "type": "Feature", "properties": { "osmid": 5045403682, "element": "node", "name": "Soko Junction", "hub_type": "bus", "hub_scale": "stop", "amenity": null, "railway": null, "public_transport": "platform", "highway": "bus_stop", "aeroway": null, "building": null, "operator": null, "network": null, "centroid_lat": 5.5451995, "centroid_lon": -0.2489777 }, "geometry": { "type": "Point", "coordinates": [ -0.2489777, 5.5451995 ] } },
{ "type": "Feature", "properties": { "osmid": 5045403683, "element": "node", "name": "Second", "hub_type": "bus", "hub_scale": "stop", "amenity": null, "railway": null, "public_transport": "platform", "highway": "bus_stop", "aeroway": null, "building": null, "operator": null, "network": null, "centroid_lat": 5.5452143, "centroid_lon": -0.2508121 }, "geometry": { "type": "Point", "coordinates": [ -0.2508121, 5.5452143 ] } },
{ "type": "Feature", "properties": { "osmid": 5045432460, "element": "node", "name": "Tsofi", "hub_type": "bus", "hub_scale": "stop", "amenity": null, "railway": null, "public_transport": "platform", "highway": "bus_stop", "aeroway": null, "building": null, "operator": null, "network": null, "centroid_lat": 5.5780319, "centroid_lon": -0.2354665 }, "geometry": { "type": "Point", "coordinates": [ -0.2354665, 5.5780319 ] } },
{ "type": "Feature", "properties": { "osmid": 5045432461, "element": "node", "name": "St. Johns", "hub_type": "bus", "hub_scale": "stop", "amenity": null, "railway": null, "public_transport": "platform", "highway": "bus_stop", "aeroway": null, "building": null, "operator": null, "network": null, "centroid_lat": 5.5823546, "centroid_lon": -0.2352191 }, "geometry": { "type": "Point", "coordinates": [ -0.2352191, 5.5823546 ] } },
{ "type": "Feature", "properties": { "osmid": 5045432462, "element": "node", "name": "Awonye", "hub_type": "bus", "hub_scale": "stop", "amenity": null, "railway": null, "public_transport": "platform", "highway": "bus_stop", "aeroway": null, "building": null, "operator": null, "network": null, "centroid_lat": 5.5825259, "centroid_lon": -0.236322 }, "geometry": { "type": "Point", "coordinates": [ -0.236322, 5.5825259 ] } },
{ "type": "Feature", "properties": { "osmid": 5045432463, "element": "node", "name": "Wireless", "hub_type": "bus", "hub_scale": "stop", "amenity": null, "railway": null, "public_transport": "platform", "highway": "bus_stop", "aeroway": null, "building": null, "operator": null, "network": null, "centroid_lat": 5.5862405, "centroid_lon": -0.2402827 }, "geometry": { "type": "Point", "coordinates": [ -0.2402827, 5.5862405 ] } },
{ "type": "Feature", "properties": { "osmid": 5045432464, "element": "node", "name": "Afropa", "hub_type": "bus", "hub_scale": "stop", "amenity": null, "railway": null, "public_transport": "platform", "highway": "bus_stop", "aeroway": null, "building": null, "operator": null, "network": null, "centroid_lat": 5.5903471, "centroid_lon": -0.2468737 }, "geometry": { "type": "Point", "coordinates": [ -0.2468737, 5.5903471 ] } },
{ "type": "Feature", "properties": { "osmid": 5045437545, "element": "node", "name": "Afropa", "hub_type": "bus", "hub_scale": "stop", "amenity": null, "railway": null, "public_transport": "platform", "highway": "bus_stop", "aeroway": null, "building": null, "operator": null, "network": null, "centroid_lat": 5.5901138, "centroid_lon": -0.2451932 }, "geometry": { "type": "Point", "coordinates": [ -0.2451932, 5.5901138 ] } },
{ "type": "Feature", "properties": { "osmid": 5045437546, "element": "node", "name": "Demod", "hub_type": "bus", "hub_scale": "stop", "amenity": null, "railway": null, "public_transport": "platform", "highway": "bus_stop", "aeroway": null, "building": null, "operator": null, "network": null, "centroid_lat": 5.5889591, "centroid_lon": -0.2418289 }, "geometry": { "type": "Point", "coordinates": [ -0.2418289, 5.5889591 ] } },
{ "type": "Feature", "properties": { "osmid": 5045437547, "element": "node", "name": "Wireless", "hub_type": "bus", "hub_scale": "stop", "amenity": null, "railway": null, "public_transport": "platform", "highway": "bus_stop", "aeroway": null, "building": null, "operator": null, "network": null, "centroid_lat": 5.5862905, "centroid_lon": -0.2401622 }, "geometry": { "type": "Point", "coordinates": [ -0.2401622, 5.5862905 ] } },
{ "type": "Feature", "properties": { "osmid": 5045437548, "element": "node", "name": "Paradise", "hub_type": "bus", "hub_scale": "stop", "amenity": null, "railway": null, "public_transport": "platform", "highway": "bus_stop", "aeroway": null, "building": null, "operator": null, "network": null, "centroid_lat": 5.5860981, "centroid_lon": -0.2393714 }, "geometry": { "type": "Point", "coordinates": [ -0.2393714, 5.5860981 ] } },
{ "type": "Feature", "properties": { "osmid": 5045437549, "element": "node", "name": "A.M.A", "hub_type": "bus", "hub_scale": "stop", "amenity": null, "railway": null, "public_transport": "platform", "highway": "bus_stop", "aeroway": null, "building": null, "operator": null, "network": null, "centroid_lat": 5.5753907, "centroid_lon": -0.2363674 }, "geometry": { "type": "Point", "coordinates": [ -0.2363674, 5.5753907 ] } },
{ "type": "Feature", "properties": { "osmid": 5045437550, "element": "node", "name": "Presby Junction", "hub_type": "bus", "hub_scale": "stop", "amenity": null, "railway": null, "public_transport": "platform", "highway": "bus_stop", "aeroway": null, "building": null, "operator": null, "network": null, "centroid_lat": 5.5741479, "centroid_lon": -0.2361305 }, "geometry": { "type": "Point", "coordinates": [ -0.2361305, 5.5741479 ] } },
{ "type": "Feature", "properties": { "osmid": 5045437551, "element": "node", "name": "First junction", "hub_type": "bus", "hub_scale": "stop", "amenity": null, "railway": null, "public_transport": "platform", "highway": "bus_stop", "aeroway": null, "building": null, "operator": null, "network": null, "centroid_lat": 5.5724138, "centroid_lon": -0.2355617 }, "geometry": { "type": "Point", "coordinates": [ -0.2355617, 5.5724138 ] } },
{ "type": "Feature", "properties": { "osmid": 5045459190, "element": "node", "name": "Great Lamptey", "hub_type": "bus", "hub_scale": "stop", "amenity": null, "railway": null, "public_transport": "platform", "highway": "bus_stop", "aeroway": null, "building": null, "operator": null, "network": null, "centroid_lat": 5.5577071, "centroid_lon": -0.2448241 }, "geometry": { "type": "Point", "coordinates": [ -0.2448241, 5.5577071 ] } },
{ "type": "Feature", "properties": { "osmid": 5045462244, "element": "node", "name": "Sukura", "hub_type": "bus", "hub_scale": "stop", "amenity": null, "railway": null, "public_transport": "platform", "highway": "bus_stop", "aeroway": null, "building": null, "operator": null, "network": null, "centroid_lat": 5.5505701, "centroid_lon": -0.2492944 }, "geometry": { "type": "Point", "coordinates": [ -0.2492944, 5.5505701 ] } },
{ "type": "Feature", "properties": { "osmid": 5047016307, "element": "node", "name": null, "hub_type": "bus", "hub_scale": "stop", "amenity": null, "railway": null, "public_transport": "stop_position", "highway": null, "aeroway": null, "building": null, "operator": null, "network": null, "centroid_lat": 5.5729934, "centroid_lon": -0.2158477 }, "geometry": { "type": "Point", "coordinates": [ -0.2158477, 5.5729934 ] } },
{ "type": "Feature", "properties": { "osmid": 5047020121, "element": "node", "name": "Circle", "hub_type": "bus", "hub_scale": "stop", "amenity": null, "railway": null, "public_transport": "platform", "highway": "bus_stop", "aeroway": null, "building": null, "operator": null, "network": null, "centroid_lat": 5.5730179, "centroid_lon": -0.2158528 }, "geometry": { "type": "Point", "coordinates": [ -0.2158528, 5.5730179 ] } },
{ "type": "Feature", "properties": { "osmid": 5047020122, "element": "node", "name": "Pig Farm Station", "hub_type": "bus", "hub_scale": "stop", "amenity": null, "railway": null, "public_transport": "platform", "highway": "bus_stop", "aeroway": null, "building": null, "operator": null, "network": null, "centroid_lat": 5.5982811, "centroid_lon": -0.1984398 }, "geometry": { "type": "Point", "coordinates": [ -0.1984398, 5.5982811 ] } },
{ "type": "Feature", "properties": { "osmid": 5047020123, "element": "node", "name": "Asore Junction", "hub_type": "bus", "hub_scale": "stop", "amenity": null, "railway": null, "public_transport": "platform", "highway": "bus_stop", "aeroway": null, "building": null, "operator": null, "network": null, "centroid_lat": 5.6016833, "centroid_lon": -0.2022434 }, "geometry": { "type": "Point", "coordinates": [ -0.2022434, 5.6016833 ] } },
{ "type": "Feature", "properties": { "osmid": 5047020124, "element": "node", "name": "Ebony", "hub_type": "bus", "hub_scale": "stop", "amenity": null, "railway": null, "public_transport": "platform", "highway": "bus_stop", "aeroway": null, "building": null, "operator": null, "network": null, "centroid_lat": 5.6022629, "centroid_lon": -0.2031546 }, "geometry": { "type": "Point", "coordinates": [ -0.2031546, 5.6022629 ] } },
{ "type": "Feature", "properties": { "osmid": 5047020125, "element": "node", "name": "Dzorwulu Junction", "hub_type": "bus", "hub_scale": "stop", "amenity": null, "railway": null, "public_transport": "platform", "highway": "bus_stop", "aeroway": null, "building": null, "operator": null, "network": null, "centroid_lat": 5.6084335, "centroid_lon": -0.206716 }, "geometry": { "type": "Point", "coordinates": [ -0.206716, 5.6084335 ] } },
{ "type": "Feature", "properties": { "osmid": 5047020126, "element": "node", "name": "Sea Theatre", "hub_type": "bus", "hub_scale": "stop", "amenity": null, "railway": null, "public_transport": "platform", "highway": "bus_stop", "aeroway": null, "building": null, "operator": null, "network": null, "centroid_lat": 5.6114863, "centroid_lon": -0.2035456 }, "geometry": { "type": "Point", "coordinates": [ -0.2035456, 5.6114863 ] } },
{ "type": "Feature", "properties": { "osmid": 5047020127, "element": "node", "name": "Vulcanizer", "hub_type": "bus", "hub_scale": "stop", "amenity": null, "railway": null, "public_transport": "platform", "highway": "bus_stop", "aeroway": null, "building": null, "operator": null, "network": null, "centroid_lat": 5.611814, "centroid_lon": -0.2008508 }, "geometry": { "type": "Point", "coordinates": [ -0.2008508, 5.611814 ] } },
{ "type": "Feature", "properties": { "osmid": 5047020128, "element": "node", "name": "Bayere Junction", "hub_type": "bus", "hub_scale": "stop", "amenity": null, "railway": null, "public_transport": "platform", "highway": "bus_stop", "aeroway": null, "building": null, "operator": null, "network": null, "centroid_lat": 5.6113178, "centroid_lon": -0.2003886 }, "geometry": { "type": "Point", "coordinates": [ -0.2003886, 5.6113178 ] } },
{ "type": "Feature", "properties": { "osmid": 5047020129, "element": "node", "name": "Last Chance", "hub_type": "bus", "hub_scale": "stop", "amenity": null, "railway": null, "public_transport": "platform", "highway": "bus_stop", "aeroway": null, "building": null, "operator": null, "network": null, "centroid_lat": 5.6115555, "centroid_lon": -0.1989623 }, "geometry": { "type": "Point", "coordinates": [ -0.1989623, 5.6115555 ] } },
{ "type": "Feature", "properties": { "osmid": 5047020130, "element": "node", "name": "Special Ice", "hub_type": "bus", "hub_scale": "stop", "amenity": null, "railway": null, "public_transport": "platform", "highway": "bus_stop", "aeroway": null, "building": null, "operator": null, "network": null, "centroid_lat": 5.6123168, "centroid_lon": -0.1978288 }, "geometry": { "type": "Point", "coordinates": [ -0.1978288, 5.6123168 ] } },
{ "type": "Feature", "properties": { "osmid": 5047020131, "element": "node", "name": "Dzorwolu", "hub_type": "bus", "hub_scale": "stop", "amenity": null, "railway": null, "public_transport": "platform", "highway": "bus_stop", "aeroway": null, "building": null, "operator": null, "network": null, "centroid_lat": 5.6164702, "centroid_lon": -0.1958779 }, "geometry": { "type": "Point", "coordinates": [ -0.1958779, 5.6164702 ] } },
{ "type": "Feature", "properties": { "osmid": 5047059644, "element": "node", "name": "Special Ice", "hub_type": "bus", "hub_scale": "stop", "amenity": null, "railway": null, "public_transport": "platform", "highway": "bus_stop", "aeroway": null, "building": null, "operator": null, "network": null, "centroid_lat": 5.612501, "centroid_lon": -0.1974387 }, "geometry": { "type": "Point", "coordinates": [ -0.1974387, 5.612501 ] } },
{ "type": "Feature", "properties": { "osmid": 5047059647, "element": "node", "name": "Presby", "hub_type": "bus", "hub_scale": "stop", "amenity": null, "railway": null, "public_transport": "platform", "highway": "bus_stop", "aeroway": null, "building": null, "operator": null, "network": null, "centroid_lat": 5.6139249, "centroid_lon": -0.1958124 }, "geometry": { "type": "Point", "coordinates": [ -0.1958124, 5.6139249 ] } },
{ "type": "Feature", "properties": { "osmid": 5047059648, "element": "node", "name": "Sadisco", "hub_type": "bus", "hub_scale": "stop", "amenity": null, "railway": null, "public_transport": "platform", "highway": "bus_stop", "aeroway": null, "building": null, "operator": null, "network": null, "centroid_lat": 5.5756979, "centroid_lon": -0.2133875 }, "geometry": { "type": "Point", "coordinates": [ -0.2133875, 5.5756979 ] } },
{ "type": "Feature", "properties": { "osmid": 5047108305, "element": "node", "name": "Bridge", "hub_type": "bus", "hub_scale": "stop", "amenity": null, "railway": null, "public_transport": "platform", "highway": "bus_stop", "aeroway": null, "building": null, "operator": null, "network": null, "centroid_lat": 5.6463234, "centroid_lon": -0.1550035 }, "geometry": { "type": "Point", "coordinates": [ -0.1550035, 5.6463234 ] } },
{ "type": "Feature", "properties": { "osmid": 5047108306, "element": "node", "name": "Emmanuel Eye Clinic", "hub_type": "bus", "hub_scale": "stop", "amenity": null, "railway": null, "public_transport": "platform", "highway": "bus_stop", "aeroway": null, "building": null, "operator": null, "network": null, "centroid_lat": 5.630116, "centroid_lon": -0.1746102 }, "geometry": { "type": "Point", "coordinates": [ -0.1746102, 5.630116 ] } },
{ "type": "Feature", "properties": { "osmid": 5047108307, "element": "node", "name": "Mensvic", "hub_type": "bus", "hub_scale": "stop", "amenity": null, "railway": null, "public_transport": "platform", "highway": "bus_stop", "aeroway": null, "building": null, "operator": null, "network": null, "centroid_lat": 5.6370893, "centroid_lon": -0.1716064 }, "geometry": { "type": "Point", "coordinates": [ -0.1716064, 5.6370893 ] } },
{ "type": "Feature", "properties": { "osmid": 5047108308, "element": "node", "name": "Banku Junction", "hub_type": "bus", "hub_scale": "stop", "amenity": null, "railway": null, "public_transport": "platform", "highway": "bus_stop", "aeroway": null, "building": null, "operator": null, "network": null, "centroid_lat": 5.6397726, "centroid_lon": -0.1691106 }, "geometry": { "type": "Point", "coordinates": [ -0.1691106, 5.6397726 ] } },
{ "type": "Feature", "properties": { "osmid": 5047108309, "element": "node", "name": "Bawaleshie Acheampong", "hub_type": "bus", "hub_scale": "stop", "amenity": null, "railway": null, "public_transport": "platform", "highway": "bus_stop", "aeroway": null, "building": null, "operator": null, "network": null, "centroid_lat": 5.6429575, "centroid_lon": -0.159918 }, "geometry": { "type": "Point", "coordinates": [ -0.159918, 5.6429575 ] } },
{ "type": "Feature", "properties": { "osmid": 5047108310, "element": "node", "name": "East Legon", "hub_type": "bus", "hub_scale": "stop", "amenity": null, "railway": null, "public_transport": "platform", "highway": "bus_stop", "aeroway": null, "building": null, "operator": null, "network": null, "centroid_lat": 5.6483193, "centroid_lon": -0.150772 }, "geometry": { "type": "Point", "coordinates": [ -0.150772, 5.6483193 ] } },
{ "type": "Feature", "properties": { "osmid": 5047154056, "element": "node", "name": "Mensvic", "hub_type": "bus", "hub_scale": "stop", "amenity": null, "railway": null, "public_transport": "platform", "highway": "bus_stop", "aeroway": null, "building": null, "operator": null, "network": null, "centroid_lat": 5.6369357, "centroid_lon": -0.171599 }, "geometry": { "type": "Point", "coordinates": [ -0.171599, 5.6369357 ] } },
{ "type": "Feature", "properties": { "osmid": 5047154059, "element": "node", "name": "Bridge", "hub_type": "bus", "hub_scale": "stop", "amenity": null, "railway": null, "public_transport": "platform", "highway": "bus_stop", "aeroway": null, "building": null, "operator": null, "network": null, "centroid_lat": 5.6462018, "centroid_lon": -0.1550599 }, "geometry": { "type": "Point", "coordinates": [ -0.1550599, 5.6462018 ] } },
{ "type": "Feature", "properties": { "osmid": 5047154060, "element": "node", "name": "MTN", "hub_type": "bus", "hub_scale": "stop", "amenity": null, "railway": null, "public_transport": "platform", "highway": "bus_stop", "aeroway": null, "building": null, "operator": null, "network": null, "centroid_lat": 5.6452846, "centroid_lon": -0.1562346 }, "geometry": { "type": "Point", "coordinates": [ -0.1562346, 5.6452846 ] } },
{ "type": "Feature", "properties": { "osmid": 5047154061, "element": "node", "name": "Bawaleshie First", "hub_type": "bus", "hub_scale": "stop", "amenity": null, "railway": null, "public_transport": "platform", "highway": "bus_stop", "aeroway": null, "building": null, "operator": null, "network": null, "centroid_lat": 5.6418176, "centroid_lon": -0.1673155 }, "geometry": { "type": "Point", "coordinates": [ -0.1673155, 5.6418176 ] } },
{ "type": "Feature", "properties": { "osmid": 5047154062, "element": "node", "name": "Bawaleshie Traffic Light", "hub_type": "bus", "hub_scale": "stop", "amenity": null, "railway": null, "public_transport": "platform", "highway": "bus_stop", "aeroway": null, "building": null, "operator": null, "network": null, "centroid_lat": 5.6416293, "centroid_lon": -0.1691411 }, "geometry": { "type": "Point", "coordinates": [ -0.1691411, 5.6416293 ] } },
{ "type": "Feature", "properties": { "osmid": 5047154063, "element": "node", "name": "KFC / Banku Junction", "hub_type": "bus", "hub_scale": "stop", "amenity": null, "railway": null, "public_transport": "platform", "highway": "bus_stop", "aeroway": null, "building": null, "operator": null, "network": null, "centroid_lat": 5.6396227, "centroid_lon": -0.1694208 }, "geometry": { "type": "Point", "coordinates": [ -0.1694208, 5.6396227 ] } },
{ "type": "Feature", "properties": { "osmid": 5047154064, "element": "node", "name": "Puplampu", "hub_type": "bus", "hub_scale": "stop", "amenity": null, "railway": null, "public_transport": "platform", "highway": "bus_stop", "aeroway": null, "building": null, "operator": null, "network": null, "centroid_lat": 5.6328306, "centroid_lon": -0.172673 }, "geometry": { "type": "Point", "coordinates": [ -0.172673, 5.6328306 ] } },
{ "type": "Feature", "properties": { "osmid": 5047154065, "element": "node", "name": "Block Factory", "hub_type": "bus", "hub_scale": "stop", "amenity": null, "railway": null, "public_transport": "platform", "highway": "bus_stop", "aeroway": null, "building": null, "operator": null, "network": null, "centroid_lat": 5.6284456, "centroid_lon": -0.1736704 }, "geometry": { "type": "Point", "coordinates": [ -0.1736704, 5.6284456 ] } },
{ "type": "Feature", "properties": { "osmid": 5047154066, "element": "node", "name": "Shiashie", "hub_type": "bus", "hub_scale": "stop", "amenity": null, "railway": null, "public_transport": "platform", "highway": "bus_stop", "aeroway": null, "building": null, "operator": null, "network": null, "centroid_lat": 5.6273041, "centroid_lon": -0.1759504 }, "geometry": { "type": "Point", "coordinates": [ -0.1759504, 5.6273041 ] } },
{ "type": "Feature", "properties": { "osmid": 5047154067, "element": "node", "name": "37 Water Works", "hub_type": "bus", "hub_scale": "stop", "amenity": null, "railway": null, "public_transport": "platform", "highway": "bus_stop", "aeroway": null, "building": null, "operator": null, "network": null, "centroid_lat": 5.5834009, "centroid_lon": -0.1849063 }, "geometry": { "type": "Point", "coordinates": [ -0.1849063, 5.5834009 ] } },
{ "type": "Feature", "properties": { "osmid": 5047423634, "element": "node", "name": "Accra Bishop", "hub_type": "bus", "hub_scale": "stop", "amenity": null, "railway": null, "public_transport": "platform", "highway": "bus_stop", "aeroway": null, "building": null, "operator": null, "network": null, "centroid_lat": 5.5432393, "centroid_lon": -0.2045106 }, "geometry": { "type": "Point", "coordinates": [ -0.2045106, 5.5432393 ] } },
{ "type": "Feature", "properties": { "osmid": 5047423635, "element": "node", "name": "Salaga Junction", "hub_type": "bus", "hub_scale": "stop", "amenity": null, "railway": null, "public_transport": "platform", "highway": "bus_stop", "aeroway": null, "building": null, "operator": null, "network": null, "centroid_lat": 5.5415778, "centroid_lon": -0.2091873 }, "geometry": { "type": "Point", "coordinates": [ -0.2091873, 5.5415778 ] } },
{ "type": "Feature", "properties": { "osmid": 5047423636, "element": "node", "name": "Fire Service", "hub_type": "bus", "hub_scale": "stop", "amenity": null, "railway": null, "public_transport": "platform", "highway": "bus_stop", "aeroway": null, "building": null, "operator": null, "network": null, "centroid_lat": 5.5323681, "centroid_lon": -0.2155341 }, "geometry": { "type": "Point", "coordinates": [ -0.2155341, 5.5323681 ] } },
{ "type": "Feature", "properties": { "osmid": 5047423637, "element": "node", "name": "Junction", "hub_type": "bus", "hub_scale": "stop", "amenity": null, "railway": null, "public_transport": "platform", "highway": "bus_stop", "aeroway": null, "building": null, "operator": null, "network": null, "centroid_lat": 5.5339958, "centroid_lon": -0.2428827 }, "geometry": { "type": "Point", "coordinates": [ -0.2428827, 5.5339958 ] } },
{ "type": "Feature", "properties": { "osmid": 5047423638, "element": "node", "name": "Methodist", "hub_type": "bus", "hub_scale": "stop", "amenity": null, "railway": null, "public_transport": "platform", "highway": "bus_stop", "aeroway": null, "building": null, "operator": null, "network": null, "centroid_lat": 5.5344373, "centroid_lon": -0.2444595 }, "geometry": { "type": "Point", "coordinates": [ -0.2444595, 5.5344373 ] } },
{ "type": "Feature", "properties": { "osmid": 5047423639, "element": "node", "name": "Lotto House", "hub_type": "bus", "hub_scale": "stop", "amenity": null, "railway": null, "public_transport": "platform", "highway": "bus_stop", "aeroway": null, "building": null, "operator": null, "network": null, "centroid_lat": 5.5323856, "centroid_lon": -0.2508678 }, "geometry": { "type": "Point", "coordinates": [ -0.2508678, 5.5323856 ] } },
{ "type": "Feature", "properties": { "osmid": 5047423641, "element": "node", "name": "Zone 6", "hub_type": "bus", "hub_scale": "stop", "amenity": null, "railway": null, "public_transport": "platform", "highway": "bus_stop", "aeroway": null, "building": null, "operator": null, "network": null, "centroid_lat": 5.531367, "centroid_lon": -0.2577058 }, "geometry": { "type": "Point", "coordinates": [ -0.2577058, 5.531367 ] } },
{ "type": "Feature", "properties": { "osmid": 5047423642, "element": "node", "name": "Karikari", "hub_type": "bus", "hub_scale": "stop", "amenity": null, "railway": null, "public_transport": "platform", "highway": "bus_stop", "aeroway": null, "building": null, "operator": null, "network": null, "centroid_lat": 5.5310472, "centroid_lon": -0.2612314 }, "geometry": { "type": "Point", "coordinates": [ -0.2612314, 5.5310472 ] } },
{ "type": "Feature", "properties": { "osmid": 5047423643, "element": "node", "name": "Last stop", "hub_type": "bus", "hub_scale": "stop", "amenity": null, "railway": null, "public_transport": "platform", "highway": "bus_stop", "aeroway": null, "building": null, "operator": null, "network": null, "centroid_lat": 5.5282421, "centroid_lon": -0.2651188 }, "geometry": { "type": "Point", "coordinates": [ -0.2651188, 5.5282421 ] } },
{ "type": "Feature", "properties": { "osmid": 5047423644, "element": "node", "name": "Curve", "hub_type": "bus", "hub_scale": "stop", "amenity": null, "railway": null, "public_transport": "platform", "highway": "bus_stop", "aeroway": null, "building": null, "operator": null, "network": null, "centroid_lat": 5.5276423, "centroid_lon": -0.2679239 }, "geometry": { "type": "Point", "coordinates": [ -0.2679239, 5.5276423 ] } },
{ "type": "Feature", "properties": { "osmid": 5047423645, "element": "node", "name": "Assemblies", "hub_type": "bus", "hub_scale": "stop", "amenity": null, "railway": null, "public_transport": "platform", "highway": "bus_stop", "aeroway": null, "building": null, "operator": null, "network": null, "centroid_lat": 5.5269908, "centroid_lon": -0.2689547 }, "geometry": { "type": "Point", "coordinates": [ -0.2689547, 5.5269908 ] } },
{ "type": "Feature", "properties": { "osmid": 5047423646, "element": "node", "name": "Glefe Station Last Stop", "hub_type": "bus", "hub_scale": "stop", "amenity": null, "railway": null, "public_transport": "platform", "highway": "bus_stop", "aeroway": null, "building": null, "operator": null, "network": null, "centroid_lat": 5.5221823, "centroid_lon": -0.2733404 }, "geometry": { "type": "Point", "coordinates": [ -0.2733404, 5.5221823 ] } },
{ "type": "Feature", "properties": { "osmid": 5047423647, "element": "node", "name": "Transformer", "hub_type": "bus", "hub_scale": "stop", "amenity": null, "railway": null, "public_transport": "platform", "highway": "bus_stop", "aeroway": null, "building": null, "operator": null, "network": null, "centroid_lat": 5.5208649, "centroid_lon": -0.278393 }, "geometry": { "type": "Point", "coordinates": [ -0.278393, 5.5208649 ] } },
{ "type": "Feature", "properties": { "osmid": 5047423648, "element": "node", "name": "Saint Thomas", "hub_type": "bus", "hub_scale": "stop", "amenity": null, "railway": null, "public_transport": "platform", "highway": "bus_stop", "aeroway": null, "building": null, "operator": null, "network": null, "centroid_lat": 5.5223451, "centroid_lon": -0.2764614 }, "geometry": { "type": "Point", "coordinates": [ -0.2764614, 5.5223451 ] } },
{ "type": "Feature", "properties": { "osmid": 5047423649, "element": "node", "name": "Glefe Station", "hub_type": "bus", "hub_scale": "stop", "amenity": null, "railway": null, "public_transport": "platform", "highway": "bus_stop", "aeroway": null, "building": null, "operator": null, "network": null, "centroid_lat": 5.5216398, "centroid_lon": -0.2737437 }, "geometry": { "type": "Point", "coordinates": [ -0.2737437, 5.5216398 ] } },
{ "type": "Feature", "properties": { "osmid": 5047542823, "element": "node", "name": "Yellow House", "hub_type": "bus", "hub_scale": "stop", "amenity": null, "railway": null, "public_transport": "platform", "highway": "bus_stop", "aeroway": null, "building": null, "operator": null, "network": null, "centroid_lat": 5.5243274, "centroid_lon": -0.271889 }, "geometry": { "type": "Point", "coordinates": [ -0.271889, 5.5243274 ] } },
{ "type": "Feature", "properties": { "osmid": 5047542824, "element": "node", "name": "Junction", "hub_type": "bus", "hub_scale": "stop", "amenity": null, "railway": null, "public_transport": "platform", "highway": "bus_stop", "aeroway": null, "building": null, "operator": null, "network": null, "centroid_lat": 5.5257416, "centroid_lon": -0.2711773 }, "geometry": { "type": "Point", "coordinates": [ -0.2711773, 5.5257416 ] } },
{ "type": "Feature", "properties": { "osmid": 5047542825, "element": "node", "name": "Adofo Aman", "hub_type": "bus", "hub_scale": "stop", "amenity": null, "railway": null, "public_transport": "platform", "highway": "bus_stop", "aeroway": null, "building": null, "operator": null, "network": null, "centroid_lat": 5.5266116, "centroid_lon": -0.2699421 }, "geometry": { "type": "Point", "coordinates": [ -0.2699421, 5.5266116 ] } },
{ "type": "Feature", "properties": { "osmid": 5047542826, "element": "node", "name": "Assemblies", "hub_type": "bus", "hub_scale": "stop", "amenity": null, "railway": null, "public_transport": "platform", "highway": "bus_stop", "aeroway": null, "building": null, "operator": null, "network": null, "centroid_lat": 5.5269768, "centroid_lon": -0.2691144 }, "geometry": { "type": "Point", "coordinates": [ -0.2691144, 5.5269768 ] } },
{ "type": "Feature", "properties": { "osmid": 5047542827, "element": "node", "name": "Agege Commando", "hub_type": "bus", "hub_scale": "stop", "amenity": null, "railway": null, "public_transport": "platform", "highway": "bus_stop", "aeroway": null, "building": null, "operator": null, "network": null, "centroid_lat": 5.5273111, "centroid_lon": -0.268442 }, "geometry": { "type": "Point", "coordinates": [ -0.268442, 5.5273111 ] } },
{ "type": "Feature", "properties": { "osmid": 5047542828, "element": "node", "name": "Curve", "hub_type": "bus", "hub_scale": "stop", "amenity": null, "railway": null, "public_transport": "platform", "highway": "bus_stop", "aeroway": null, "building": null, "operator": null, "network": null, "centroid_lat": 5.5278504, "centroid_lon": -0.2677237 }, "geometry": { "type": "Point", "coordinates": [ -0.2677237, 5.5278504 ] } },
{ "type": "Feature", "properties": { "osmid": 5047542829, "element": "node", "name": "Aayalolo", "hub_type": "bus", "hub_scale": "stop", "amenity": null, "railway": null, "public_transport": "platform", "highway": "bus_stop", "aeroway": null, "building": null, "operator": null, "network": null, "centroid_lat": 5.5321722, "centroid_lon": -0.2474976 }, "geometry": { "type": "Point", "coordinates": [ -0.2474976, 5.5321722 ] } },
{ "type": "Feature", "properties": { "osmid": 5047542830, "element": "node", "name": "Wolarm", "hub_type": "bus", "hub_scale": "stop", "amenity": null, "railway": null, "public_transport": "platform", "highway": "bus_stop", "aeroway": null, "building": null, "operator": null, "network": null, "centroid_lat": 5.5277463, "centroid_lon": -0.2355746 }, "geometry": { "type": "Point", "coordinates": [ -0.2355746, 5.5277463 ] } },
{ "type": "Feature", "properties": { "osmid": 5047542831, "element": "node", "name": "Galilee", "hub_type": "bus", "hub_scale": "stop", "amenity": null, "railway": null, "public_transport": "platform", "highway": "bus_stop", "aeroway": null, "building": null, "operator": null, "network": null, "centroid_lat": 5.5281617, "centroid_lon": -0.2335019 }, "geometry": { "type": "Point", "coordinates": [ -0.2335019, 5.5281617 ] } },
{ "type": "Feature", "properties": { "osmid": 5047542832, "element": "node", "name": "White House", "hub_type": "bus", "hub_scale": "stop", "amenity": null, "railway": null, "public_transport": "platform", "highway": "bus_stop", "aeroway": null, "building": null, "operator": null, "network": null, "centroid_lat": 5.5283354, "centroid_lon": -0.2326423 }, "geometry": { "type": "Point", "coordinates": [ -0.2326423, 5.5283354 ] } },
{ "type": "Feature", "properties": { "osmid": 5047542833, "element": "node", "name": "Korle Beach Resort Junction", "hub_type": "bus", "hub_scale": "stop", "amenity": null, "railway": null, "public_transport": "platform", "highway": "bus_stop", "aeroway": null, "building": null, "operator": null, "network": null, "centroid_lat": 5.5292951, "centroid_lon": -0.2279655 }, "geometry": { "type": "Point", "coordinates": [ -0.2279655, 5.5292951 ] } },
{ "type": "Feature", "properties": { "osmid": 5047542834, "element": "node", "name": "Korle er naa", "hub_type": "bus", "hub_scale": "stop", "amenity": null, "railway": null, "public_transport": "platform", "highway": "bus_stop", "aeroway": null, "building": null, "operator": null, "network": null, "centroid_lat": 5.5314145, "centroid_lon": -0.2193863 }, "geometry": { "type": "Point", "coordinates": [ -0.2193863, 5.5314145 ] } },
{ "type": "Feature", "properties": { "osmid": 5049594489, "element": "node", "name": "Traffic Light", "hub_type": "bus", "hub_scale": "stop", "amenity": null, "railway": null, "public_transport": "platform", "highway": "bus_stop", "aeroway": null, "building": null, "operator": null, "network": null, "centroid_lat": 5.5794951, "centroid_lon": -0.2174918 }, "geometry": { "type": "Point", "coordinates": [ -0.2174918, 5.5794951 ] } },
{ "type": "Feature", "properties": { "osmid": 5049594490, "element": "node", "name": "Avenor", "hub_type": "bus", "hub_scale": "stop", "amenity": null, "railway": null, "public_transport": "platform", "highway": "bus_stop", "aeroway": null, "building": null, "operator": null, "network": null, "centroid_lat": 5.5801584, "centroid_lon": -0.2196165 }, "geometry": { "type": "Point", "coordinates": [ -0.2196165, 5.5801584 ] } },
{ "type": "Feature", "properties": { "osmid": 5049594491, "element": "node", "name": "M-Plaza", "hub_type": "bus", "hub_scale": "stop", "amenity": null, "railway": null, "public_transport": "platform", "highway": "bus_stop", "aeroway": null, "building": null, "operator": null, "network": null, "centroid_lat": 5.5802513, "centroid_lon": -0.2204852 }, "geometry": { "type": "Point", "coordinates": [ -0.2204852, 5.5802513 ] } },
{ "type": "Feature", "properties": { "osmid": 5049594492, "element": "node", "name": "Railway", "hub_type": "bus", "hub_scale": "stop", "amenity": null, "railway": null, "public_transport": "platform", "highway": "bus_stop", "aeroway": null, "building": null, "operator": null, "network": null, "centroid_lat": 5.5870939, "centroid_lon": -0.2226898 }, "geometry": { "type": "Point", "coordinates": [ -0.2226898, 5.5870939 ] } },
{ "type": "Feature", "properties": { "osmid": 5049594493, "element": "node", "name": "Grade 4", "hub_type": "bus", "hub_scale": "stop", "amenity": null, "railway": null, "public_transport": "platform", "highway": "bus_stop", "aeroway": null, "building": null, "operator": null, "network": null, "centroid_lat": 5.5861756, "centroid_lon": -0.2294594 }, "geometry": { "type": "Point", "coordinates": [ -0.2294594, 5.5861756 ] } },
{ "type": "Feature", "properties": { "osmid": 5049594494, "element": "node", "name": "Ayigbe town", "hub_type": "bus", "hub_scale": "stop", "amenity": null, "railway": null, "public_transport": "platform", "highway": "bus_stop", "aeroway": null, "building": null, "operator": null, "network": null, "centroid_lat": 5.5835001, "centroid_lon": -0.2398528 }, "geometry": { "type": "Point", "coordinates": [ -0.2398528, 5.5835001 ] } },
{ "type": "Feature", "properties": { "osmid": 5049594495, "element": "node", "name": "Fita", "hub_type": "bus", "hub_scale": "stop", "amenity": null, "railway": null, "public_transport": "platform", "highway": "bus_stop", "aeroway": null, "building": null, "operator": null, "network": null, "centroid_lat": 5.5813897, "centroid_lon": -0.23898 }, "geometry": { "type": "Point", "coordinates": [ -0.23898, 5.5813897 ] } },
{ "type": "Feature", "properties": { "osmid": 5049594496, "element": "node", "name": "Factory", "hub_type": "bus", "hub_scale": "stop", "amenity": null, "railway": null, "public_transport": "platform", "highway": "bus_stop", "aeroway": null, "building": null, "operator": null, "network": null, "centroid_lat": 5.5807693, "centroid_lon": -0.2457197 }, "geometry": { "type": "Point", "coordinates": [ -0.2457197, 5.5807693 ] } },
{ "type": "Feature", "properties": { "osmid": 5049594497, "element": "node", "name": "Atico", "hub_type": "bus", "hub_scale": "stop", "amenity": null, "railway": null, "public_transport": "platform", "highway": "bus_stop", "aeroway": null, "building": null, "operator": null, "network": null, "centroid_lat": 5.5798595, "centroid_lon": -0.2469571 }, "geometry": { "type": "Point", "coordinates": [ -0.2469571, 5.5798595 ] } },
{ "type": "Feature", "properties": { "osmid": 5049594498, "element": "node", "name": "Bubuashie Control (Old Station )", "hub_type": "bus", "hub_scale": "stop", "amenity": null, "railway": null, "public_transport": "platform", "highway": "bus_stop", "aeroway": null, "building": null, "operator": null, "network": null, "centroid_lat": 5.5807069, "centroid_lon": -0.2394903 }, "geometry": { "type": "Point", "coordinates": [ -0.2394903, 5.5807069 ] } },
{ "type": "Feature", "properties": { "osmid": 5049610381, "element": "node", "name": "Bishop", "hub_type": "bus", "hub_scale": "stop", "amenity": null, "railway": null, "public_transport": "platform", "highway": "bus_stop", "aeroway": null, "building": null, "operator": null, "network": null, "centroid_lat": 5.5720594, "centroid_lon": -0.2388726 }, "geometry": { "type": "Point", "coordinates": [ -0.2388726, 5.5720594 ] } },
{ "type": "Feature", "properties": { "osmid": 5049610382, "element": "node", "name": "Bongo bar", "hub_type": "bus", "hub_scale": "stop", "amenity": null, "railway": null, "public_transport": "platform", "highway": "bus_stop", "aeroway": null, "building": null, "operator": null, "network": null, "centroid_lat": 5.5737721, "centroid_lon": -0.2285933 }, "geometry": { "type": "Point", "coordinates": [ -0.2285933, 5.5737721 ] } },
{ "type": "Feature", "properties": { "osmid": 5049610383, "element": "node", "name": "Azumah Nelson Complex", "hub_type": "bus", "hub_scale": "stop", "amenity": null, "railway": null, "public_transport": "platform", "highway": "bus_stop", "aeroway": null, "building": null, "operator": null, "network": null, "centroid_lat": 5.5748624, "centroid_lon": -0.2270332 }, "geometry": { "type": "Point", "coordinates": [ -0.2270332, 5.5748624 ] } },
{ "type": "Feature", "properties": { "osmid": 5049651137, "element": "node", "name": "Ashongman", "hub_type": "bus", "hub_scale": "stop", "amenity": null, "railway": null, "public_transport": "platform", "highway": "bus_stop", "aeroway": null, "building": null, "operator": null, "network": null, "centroid_lat": 5.5742577, "centroid_lon": -0.2166703 }, "geometry": { "type": "Point", "coordinates": [ -0.2166703, 5.5742577 ] } },
{ "type": "Feature", "properties": { "osmid": 5049651138, "element": "node", "name": "Old Melcom", "hub_type": "bus", "hub_scale": "stop", "amenity": null, "railway": null, "public_transport": "platform", "highway": "bus_stop", "aeroway": null, "building": null, "operator": null, "network": null, "centroid_lat": 5.5876185, "centroid_lon": -0.2264412 }, "geometry": { "type": "Point", "coordinates": [ -0.2264412, 5.5876185 ] } },
{ "type": "Feature", "properties": { "osmid": 5050514822, "element": "node", "name": "Tabora Number 3", "hub_type": "bus", "hub_scale": "stop", "amenity": null, "railway": null, "public_transport": "platform", "highway": "bus_stop", "aeroway": null, "building": null, "operator": null, "network": null, "centroid_lat": 5.6070688, "centroid_lon": -0.2586568 }, "geometry": { "type": "Point", "coordinates": [ -0.2586568, 5.6070688 ] } },
{ "type": "Feature", "properties": { "osmid": 5050667455, "element": "node", "name": "School Junction Race Course", "hub_type": "bus", "hub_scale": "stop", "amenity": null, "railway": null, "public_transport": "platform", "highway": "bus_stop", "aeroway": null, "building": null, "operator": null, "network": null, "centroid_lat": 5.6081953, "centroid_lon": -0.2630711 }, "geometry": { "type": "Point", "coordinates": [ -0.2630711, 5.6081953 ] } },
{ "type": "Feature", "properties": { "osmid": 5050732580, "element": "node", "name": "Kokompe", "hub_type": "bus", "hub_scale": "stop", "amenity": null, "railway": null, "public_transport": "platform", "highway": "bus_stop", "aeroway": null, "building": null, "operator": null, "network": null, "centroid_lat": 5.5799311, "centroid_lon": -0.252957 }, "geometry": { "type": "Point", "coordinates": [ -0.252957, 5.5799311 ] } },
{ "type": "Feature", "properties": { "osmid": 5050732581, "element": "node", "name": "Darkuman Junction", "hub_type": "bus", "hub_scale": "stop", "amenity": null, "railway": null, "public_transport": "platform", "highway": "bus_stop", "aeroway": null, "building": null, "operator": null, "network": null, "centroid_lat": 5.5776051, "centroid_lon": -0.2544787 }, "geometry": { "type": "Point", "coordinates": [ -0.2544787, 5.5776051 ] } },
{ "type": "Feature", "properties": { "osmid": 5051112448, "element": "node", "name": "Awoshie Mangoase", "hub_type": "bus", "hub_scale": "stop", "amenity": null, "railway": null, "public_transport": "platform", "highway": "bus_stop", "aeroway": null, "building": null, "operator": null, "network": null, "centroid_lat": 5.5864521, "centroid_lon": -0.2778301 }, "geometry": { "type": "Point", "coordinates": [ -0.2778301, 5.5864521 ] } },
{ "type": "Feature", "properties": { "osmid": 5051112449, "element": "node", "name": "Awoshie Baahyard", "hub_type": "bus", "hub_scale": "stop", "amenity": null, "railway": null, "public_transport": "platform", "highway": "bus_stop", "aeroway": null, "building": null, "operator": null, "network": null, "centroid_lat": 5.5844992, "centroid_lon": -0.2743695 }, "geometry": { "type": "Point", "coordinates": [ -0.2743695, 5.5844992 ] } },
{ "type": "Feature", "properties": { "osmid": 5051112450, "element": "node", "name": "Dansoman Junction", "hub_type": "bus", "hub_scale": "stop", "amenity": null, "railway": null, "public_transport": "platform", "highway": "bus_stop", "aeroway": null, "building": null, "operator": null, "network": null, "centroid_lat": 5.5752116, "centroid_lon": -0.2521162 }, "geometry": { "type": "Point", "coordinates": [ -0.2521162, 5.5752116 ] } },
{ "type": "Feature", "properties": { "osmid": 5051112451, "element": "node", "name": "Mataheko Quarters", "hub_type": "bus", "hub_scale": "stop", "amenity": null, "railway": null, "public_transport": "platform", "highway": "bus_stop", "aeroway": null, "building": null, "operator": null, "network": null, "centroid_lat": 5.5725993, "centroid_lon": -0.2477455 }, "geometry": { "type": "Point", "coordinates": [ -0.2477455, 5.5725993 ] } },
{ "type": "Feature", "properties": { "osmid": 5051112452, "element": "node", "name": "Mallam Station", "hub_type": "bus", "hub_scale": "stop", "amenity": null, "railway": null, "public_transport": "platform", "highway": "bus_stop", "aeroway": null, "building": null, "operator": null, "network": null, "centroid_lat": 5.566669, "centroid_lon": -0.2380144 }, "geometry": { "type": "Point", "coordinates": [ -0.2380144, 5.566669 ] } },
{ "type": "Feature", "properties": { "osmid": 5051112453, "element": "node", "name": "Kaneshie Market", "hub_type": "bus", "hub_scale": "stop", "amenity": null, "railway": null, "public_transport": "platform", "highway": "bus_stop", "aeroway": null, "building": null, "operator": null, "network": null, "centroid_lat": 5.5644409, "centroid_lon": -0.2342995 }, "geometry": { "type": "Point", "coordinates": [ -0.2342995, 5.5644409 ] } },
{ "type": "Feature", "properties": { "osmid": 5051364306, "element": "node", "name": "Maingate", "hub_type": "bus", "hub_scale": "stop", "amenity": null, "railway": null, "public_transport": "platform", "highway": "bus_stop", "aeroway": null, "building": null, "operator": null, "network": null, "centroid_lat": 5.5530563, "centroid_lon": -0.2146793 }, "geometry": { "type": "Point", "coordinates": [ -0.2146793, 5.5530563 ] } },
{ "type": "Feature", "properties": { "osmid": 5051364307, "element": "node", "name": "Kaneshie", "hub_type": "bus", "hub_scale": "stop", "amenity": null, "railway": null, "public_transport": "platform", "highway": "bus_stop", "aeroway": null, "building": null, "operator": null, "network": null, "centroid_lat": 5.5673347, "centroid_lon": -0.2394929 }, "geometry": { "type": "Point", "coordinates": [ -0.2394929, 5.5673347 ] } },
{ "type": "Feature", "properties": { "osmid": 5051364308, "element": "node", "name": "Dansoman Junction", "hub_type": "bus", "hub_scale": "stop", "amenity": null, "railway": null, "public_transport": "platform", "highway": "bus_stop", "aeroway": null, "building": null, "operator": null, "network": null, "centroid_lat": 5.5749632, "centroid_lon": -0.2525872 }, "geometry": { "type": "Point", "coordinates": [ -0.2525872, 5.5749632 ] } },
{ "type": "Feature", "properties": { "osmid": 5051364309, "element": "node", "name": "Awoshie Vineyard", "hub_type": "bus", "hub_scale": "stop", "amenity": null, "railway": null, "public_transport": "platform", "highway": "bus_stop", "aeroway": null, "building": null, "operator": null, "network": null, "centroid_lat": 5.5833641, "centroid_lon": -0.2748911 }, "geometry": { "type": "Point", "coordinates": [ -0.2748911, 5.5833641 ] } },
{ "type": "Feature", "properties": { "osmid": 5051604064, "element": "node", "name": "Awoshie", "hub_type": "bus", "hub_scale": "stop", "amenity": null, "railway": null, "public_transport": "platform", "highway": "bus_stop", "aeroway": null, "building": null, "operator": null, "network": null, "centroid_lat": 5.584756, "centroid_lon": -0.2734534 }, "geometry": { "type": "Point", "coordinates": [ -0.2734534, 5.584756 ] } },
{ "type": "Feature", "properties": { "osmid": 5051604065, "element": "node", "name": "Sakaman", "hub_type": "bus", "hub_scale": "stop", "amenity": null, "railway": null, "public_transport": "platform", "highway": "bus_stop", "aeroway": null, "building": null, "operator": null, "network": null, "centroid_lat": 5.5749275, "centroid_lon": -0.2740368 }, "geometry": { "type": "Point", "coordinates": [ -0.2740368, 5.5749275 ] } },
{ "type": "Feature", "properties": { "osmid": 5051914054, "element": "node", "name": "Kaneshie Market junction", "hub_type": "bus", "hub_scale": "stop", "amenity": null, "railway": null, "public_transport": "platform", "highway": "bus_stop", "aeroway": null, "building": null, "operator": null, "network": null, "centroid_lat": 5.5682894, "centroid_lon": -0.2349084 }, "geometry": { "type": "Point", "coordinates": [ -0.2349084, 5.5682894 ] } },
{ "type": "Feature", "properties": { "osmid": 5051914055, "element": "node", "name": "Accra Wesley Girls School Junction", "hub_type": "bus", "hub_scale": "stop", "amenity": null, "railway": null, "public_transport": "platform", "highway": "bus_stop", "aeroway": null, "building": null, "operator": null, "network": null, "centroid_lat": 5.5671144, "centroid_lon": -0.2303866 }, "geometry": { "type": "Point", "coordinates": [ -0.2303866, 5.5671144 ] } },
{ "type": "Feature", "properties": { "osmid": 5052100023, "element": "node", "name": "Accra Post Office", "hub_type": "bus", "hub_scale": "stop", "amenity": null, "railway": null, "public_transport": "platform", "highway": "bus_stop", "aeroway": null, "building": null, "operator": null, "network": null, "centroid_lat": 5.5419766, "centroid_lon": -0.2097732 }, "geometry": { "type": "Point", "coordinates": [ -0.2097732, 5.5419766 ] } },
{ "type": "Feature", "properties": { "osmid": 5052100024, "element": "node", "name": "Datus", "hub_type": "bus", "hub_scale": "stop", "amenity": null, "railway": null, "public_transport": "platform", "highway": "bus_stop", "aeroway": null, "building": null, "operator": null, "network": null, "centroid_lat": 5.5819704, "centroid_lon": -0.2426811 }, "geometry": { "type": "Point", "coordinates": [ -0.2426811, 5.5819704 ] } },
{ "type": "Feature", "properties": { "osmid": 5052216076, "element": "node", "name": "Mangoase", "hub_type": "bus", "hub_scale": "stop", "amenity": null, "railway": null, "public_transport": "platform", "highway": "bus_stop", "aeroway": null, "building": null, "operator": null, "network": null, "centroid_lat": 5.5819531, "centroid_lon": -0.2475492 }, "geometry": { "type": "Point", "coordinates": [ -0.2475492, 5.5819531 ] } },
{ "type": "Feature", "properties": { "osmid": 5052216077, "element": "node", "name": "Kaneshie", "hub_type": "bus", "hub_scale": "stop", "amenity": null, "railway": null, "public_transport": "platform", "highway": "bus_stop", "aeroway": null, "building": null, "operator": null, "network": null, "centroid_lat": 5.5632949, "centroid_lon": -0.2319607 }, "geometry": { "type": "Point", "coordinates": [ -0.2319607, 5.5632949 ] } },
{ "type": "Feature", "properties": { "osmid": 5052292987, "element": "node", "name": "Dansoman First Stop", "hub_type": "bus", "hub_scale": "stop", "amenity": null, "railway": null, "public_transport": "platform", "highway": "bus_stop", "aeroway": null, "building": null, "operator": null, "network": null, "centroid_lat": 5.5601333, "centroid_lon": -0.2602397 }, "geometry": { "type": "Point", "coordinates": [ -0.2602397, 5.5601333 ] } },
{ "type": "Feature", "properties": { "osmid": 5052292988, "element": "node", "name": "Dansoman Junction", "hub_type": "bus", "hub_scale": "stop", "amenity": null, "railway": null, "public_transport": "platform", "highway": "bus_stop", "aeroway": null, "building": null, "operator": null, "network": null, "centroid_lat": 5.574629, "centroid_lon": -0.2527322 }, "geometry": { "type": "Point", "coordinates": [ -0.2527322, 5.574629 ] } },
{ "type": "Feature", "properties": { "osmid": 5052292989, "element": "node", "name": "Kokompe", "hub_type": "bus", "hub_scale": "stop", "amenity": null, "railway": null, "public_transport": "platform", "highway": "bus_stop", "aeroway": null, "building": null, "operator": null, "network": null, "centroid_lat": 5.5803976, "centroid_lon": -0.2525628 }, "geometry": { "type": "Point", "coordinates": [ -0.2525628, 5.5803976 ] } },
{ "type": "Feature", "properties": { "osmid": 5052380389, "element": "node", "name": "Achimota Police Station", "hub_type": "bus", "hub_scale": "stop", "amenity": null, "railway": null, "public_transport": "platform", "highway": "bus_stop", "aeroway": null, "building": null, "operator": null, "network": null, "centroid_lat": 5.6209087, "centroid_lon": -0.2184337 }, "geometry": { "type": "Point", "coordinates": [ -0.2184337, 5.6209087 ] } },
{ "type": "Feature", "properties": { "osmid": 5052665986, "element": "node", "name": null, "hub_type": "bus", "hub_scale": "stop", "amenity": null, "railway": null, "public_transport": "stop_position", "highway": null, "aeroway": null, "building": null, "operator": null, "network": null, "centroid_lat": 5.6081676, "centroid_lon": -0.2453558 }, "geometry": { "type": "Point", "coordinates": [ -0.2453558, 5.6081676 ] } },
{ "type": "Feature", "properties": { "osmid": 5054183496, "element": "node", "name": "Abossey-Okai", "hub_type": "bus", "hub_scale": "stop", "amenity": null, "railway": null, "public_transport": "platform", "highway": "bus_stop", "aeroway": null, "building": null, "operator": null, "network": null, "centroid_lat": 5.5651798, "centroid_lon": -0.236567 }, "geometry": { "type": "Point", "coordinates": [ -0.236567, 5.5651798 ] } },
{ "type": "Feature", "properties": { "osmid": 5054364794, "element": "node", "name": "Last Chance", "hub_type": "bus", "hub_scale": "stop", "amenity": null, "railway": null, "public_transport": "platform", "highway": "bus_stop", "aeroway": null, "building": null, "operator": null, "network": null, "centroid_lat": 5.6118448, "centroid_lon": -0.1981811 }, "geometry": { "type": "Point", "coordinates": [ -0.1981811, 5.6118448 ] } },
{ "type": "Feature", "properties": { "osmid": 5054364795, "element": "node", "name": "Junction", "hub_type": "bus", "hub_scale": "stop", "amenity": null, "railway": null, "public_transport": "platform", "highway": "bus_stop", "aeroway": null, "building": null, "operator": null, "network": null, "centroid_lat": 5.6120496, "centroid_lon": -0.2028493 }, "geometry": { "type": "Point", "coordinates": [ -0.2028493, 5.6120496 ] } },
{ "type": "Feature", "properties": { "osmid": 5054364796, "element": "node", "name": "Fidelity", "hub_type": "bus", "hub_scale": "stop", "amenity": null, "railway": null, "public_transport": "platform", "highway": "bus_stop", "aeroway": null, "building": null, "operator": null, "network": null, "centroid_lat": 5.6104734, "centroid_lon": -0.2045516 }, "geometry": { "type": "Point", "coordinates": [ -0.2045516, 5.6104734 ] } },
{ "type": "Feature", "properties": { "osmid": 5054364797, "element": "node", "name": "Bolga", "hub_type": "bus", "hub_scale": "stop", "amenity": null, "railway": null, "public_transport": "platform", "highway": "bus_stop", "aeroway": null, "building": null, "operator": null, "network": null, "centroid_lat": 5.579887, "centroid_lon": -0.2062638 }, "geometry": { "type": "Point", "coordinates": [ -0.2062638, 5.579887 ] } },
{ "type": "Feature", "properties": { "osmid": 5054364798, "element": "node", "name": "Top Radio", "hub_type": "bus", "hub_scale": "stop", "amenity": null, "railway": null, "public_transport": "platform", "highway": "bus_stop", "aeroway": null, "building": null, "operator": null, "network": null, "centroid_lat": 5.5770384, "centroid_lon": -0.2101658 }, "geometry": { "type": "Point", "coordinates": [ -0.2101658, 5.5770384 ] } },
{ "type": "Feature", "properties": { "osmid": 5054364799, "element": "node", "name": "Sadisco", "hub_type": "bus", "hub_scale": "stop", "amenity": null, "railway": null, "public_transport": "platform", "highway": "bus_stop", "aeroway": null, "building": null, "operator": null, "network": null, "centroid_lat": 5.574758, "centroid_lon": -0.2118549 }, "geometry": { "type": "Point", "coordinates": [ -0.2118549, 5.574758 ] } },
{ "type": "Feature", "properties": { "osmid": 5054364800, "element": "node", "name": "Overhead Second Stop", "hub_type": "bus", "hub_scale": "stop", "amenity": null, "railway": null, "public_transport": "platform", "highway": "bus_stop", "aeroway": null, "building": null, "operator": null, "network": null, "centroid_lat": 5.5711445, "centroid_lon": -0.2130924 }, "geometry": { "type": "Point", "coordinates": [ -0.2130924, 5.5711445 ] } },
{ "type": "Feature", "properties": { "osmid": 5054364801, "element": "node", "name": "Overhead First Stop", "hub_type": "bus", "hub_scale": "stop", "amenity": null, "railway": null, "public_transport": "platform", "highway": "bus_stop", "aeroway": null, "building": null, "operator": null, "network": null, "centroid_lat": 5.5692329, "centroid_lon": -0.212581 }, "geometry": { "type": "Point", "coordinates": [ -0.212581, 5.5692329 ] } },
{ "type": "Feature", "properties": { "osmid": 5054509009, "element": "node", "name": "Pro credit", "hub_type": "bus", "hub_scale": "stop", "amenity": null, "railway": null, "public_transport": "platform", "highway": "bus_stop", "aeroway": null, "building": null, "operator": null, "network": null, "centroid_lat": 5.5783909, "centroid_lon": -0.2115164 }, "geometry": { "type": "Point", "coordinates": [ -0.2115164, 5.5783909 ] } },
{ "type": "Feature", "properties": { "osmid": 5054509010, "element": "node", "name": "School Junction", "hub_type": "bus", "hub_scale": "stop", "amenity": null, "railway": null, "public_transport": "platform", "highway": "bus_stop", "aeroway": null, "building": null, "operator": null, "network": null, "centroid_lat": 5.5789982, "centroid_lon": -0.2110655 }, "geometry": { "type": "Point", "coordinates": [ -0.2110655, 5.5789982 ] } },
{ "type": "Feature", "properties": { "osmid": 5054509011, "element": "node", "name": "Fidelity", "hub_type": "bus", "hub_scale": "stop", "amenity": null, "railway": null, "public_transport": "platform", "highway": "bus_stop", "aeroway": null, "building": null, "operator": null, "network": null, "centroid_lat": 5.6106146, "centroid_lon": -0.2045102 }, "geometry": { "type": "Point", "coordinates": [ -0.2045102, 5.6106146 ] } },
{ "type": "Feature", "properties": { "osmid": 5054509012, "element": "node", "name": "Vulcanizer", "hub_type": "bus", "hub_scale": "stop", "amenity": null, "railway": null, "public_transport": "platform", "highway": "bus_stop", "aeroway": null, "building": null, "operator": null, "network": null, "centroid_lat": 5.6117737, "centroid_lon": -0.2006901 }, "geometry": { "type": "Point", "coordinates": [ -0.2006901, 5.6117737 ] } },
{ "type": "Feature", "properties": { "osmid": 5054694235, "element": "node", "name": "Bank", "hub_type": "bus", "hub_scale": "stop", "amenity": null, "railway": null, "public_transport": "platform", "highway": "bus_stop", "aeroway": null, "building": null, "operator": null, "network": null, "centroid_lat": 5.6001575, "centroid_lon": -0.0802873 }, "geometry": { "type": "Point", "coordinates": [ -0.0802873, 5.6001575 ] } },
{ "type": "Feature", "properties": { "osmid": 5054694236, "element": "node", "name": "C5", "hub_type": "bus", "hub_scale": "stop", "amenity": null, "railway": null, "public_transport": "platform", "highway": "bus_stop", "aeroway": null, "building": null, "operator": null, "network": null, "centroid_lat": 5.5978058, "centroid_lon": -0.082388 }, "geometry": { "type": "Point", "coordinates": [ -0.082388, 5.5978058 ] } },
{ "type": "Feature", "properties": { "osmid": 5054694237, "element": "node", "name": "A-life", "hub_type": "bus", "hub_scale": "stop", "amenity": null, "railway": null, "public_transport": "platform", "highway": "bus_stop", "aeroway": null, "building": null, "operator": null, "network": null, "centroid_lat": 5.5912116, "centroid_lon": -0.0932051 }, "geometry": { "type": "Point", "coordinates": [ -0.0932051, 5.5912116 ] } },
{ "type": "Feature", "properties": { "osmid": 5054694238, "element": "node", "name": "Mobil", "hub_type": "bus", "hub_scale": "stop", "amenity": null, "railway": null, "public_transport": "platform", "highway": "bus_stop", "aeroway": null, "building": null, "operator": null, "network": null, "centroid_lat": 5.583572, "centroid_lon": -0.1040033 }, "geometry": { "type": "Point", "coordinates": [ -0.1040033, 5.583572 ] } },
{ "type": "Feature", "properties": { "osmid": 5054694239, "element": "node", "name": "Addoemi", "hub_type": "bus", "hub_scale": "stop", "amenity": null, "railway": null, "public_transport": "platform", "highway": "bus_stop", "aeroway": null, "building": null, "operator": null, "network": null, "centroid_lat": 5.5801508, "centroid_lon": -0.1078564 }, "geometry": { "type": "Point", "coordinates": [ -0.1078564, 5.5801508 ] } },
{ "type": "Feature", "properties": { "osmid": 5054694240, "element": "node", "name": "Laskala", "hub_type": "bus", "hub_scale": "stop", "amenity": null, "railway": null, "public_transport": "platform", "highway": "bus_stop", "aeroway": null, "building": null, "operator": null, "network": null, "centroid_lat": 5.5780252, "centroid_lon": -0.109828 }, "geometry": { "type": "Point", "coordinates": [ -0.109828, 5.5780252 ] } },
{ "type": "Feature", "properties": { "osmid": 5054694241, "element": "node", "name": "Next Door", "hub_type": "bus", "hub_scale": "stop", "amenity": null, "railway": null, "public_transport": "platform", "highway": "bus_stop", "aeroway": null, "building": null, "operator": null, "network": null, "centroid_lat": 5.570559, "centroid_lon": -0.1177646 }, "geometry": { "type": "Point", "coordinates": [ -0.1177646, 5.570559 ] } },
{ "type": "Feature", "properties": { "osmid": 5054694242, "element": "node", "name": "Second Gate", "hub_type": "bus", "hub_scale": "stop", "amenity": null, "railway": null, "public_transport": "platform", "highway": "bus_stop", "aeroway": null, "building": null, "operator": null, "network": null, "centroid_lat": 5.5685327, "centroid_lon": -0.1238144 }, "geometry": { "type": "Point", "coordinates": [ -0.1238144, 5.5685327 ] } },
{ "type": "Feature", "properties": { "osmid": 5054694243, "element": "node", "name": "First Gate", "hub_type": "bus", "hub_scale": "stop", "amenity": null, "railway": null, "public_transport": "platform", "highway": "bus_stop", "aeroway": null, "building": null, "operator": null, "network": null, "centroid_lat": 5.5675279, "centroid_lon": -0.1276876 }, "geometry": { "type": "Point", "coordinates": [ -0.1276876, 5.5675279 ] } },
{ "type": "Feature", "properties": { "osmid": 5054694244, "element": "node", "name": "Bush Road Junction", "hub_type": "bus", "hub_scale": "stop", "amenity": null, "railway": null, "public_transport": "platform", "highway": "bus_stop", "aeroway": null, "building": null, "operator": null, "network": null, "centroid_lat": 5.5663851, "centroid_lon": -0.1317983 }, "geometry": { "type": "Point", "coordinates": [ -0.1317983, 5.5663851 ] } },
{ "type": "Feature", "properties": { "osmid": 5054694245, "element": "node", "name": "Labadi Beach", "hub_type": "bus", "hub_scale": "stop", "amenity": null, "railway": null, "public_transport": "platform", "highway": "bus_stop", "aeroway": null, "building": null, "operator": null, "network": null, "centroid_lat": 5.5639367, "centroid_lon": -0.140608 }, "geometry": { "type": "Point", "coordinates": [ -0.140608, 5.5639367 ] } },
{ "type": "Feature", "properties": { "osmid": 5054694246, "element": "node", "name": "T-Junction", "hub_type": "bus", "hub_scale": "stop", "amenity": null, "railway": null, "public_transport": "platform", "highway": "bus_stop", "aeroway": null, "building": null, "operator": null, "network": null, "centroid_lat": 5.5631646, "centroid_lon": -0.1434519 }, "geometry": { "type": "Point", "coordinates": [ -0.1434519, 5.5631646 ] } },
{ "type": "Feature", "properties": { "osmid": 5054694247, "element": "node", "name": "Regimanuel", "hub_type": "bus", "hub_scale": "stop", "amenity": null, "railway": null, "public_transport": "platform", "highway": "bus_stop", "aeroway": null, "building": null, "operator": null, "network": null, "centroid_lat": 5.562259, "centroid_lon": -0.1449292 }, "geometry": { "type": "Point", "coordinates": [ -0.1449292, 5.562259 ] } },
{ "type": "Feature", "properties": { "osmid": 5054694248, "element": "node", "name": "Alonte Bar", "hub_type": "bus", "hub_scale": "stop", "amenity": null, "railway": null, "public_transport": "platform", "highway": "bus_stop", "aeroway": null, "building": null, "operator": null, "network": null, "centroid_lat": 5.5596641, "centroid_lon": -0.1490217 }, "geometry": { "type": "Point", "coordinates": [ -0.1490217, 5.5596641 ] } },
{ "type": "Feature", "properties": { "osmid": 5054694249, "element": "node", "name": "Dreamland", "hub_type": "bus", "hub_scale": "stop", "amenity": null, "railway": null, "public_transport": "platform", "highway": "bus_stop", "aeroway": null, "building": null, "operator": null, "network": null, "centroid_lat": 5.5586963, "centroid_lon": -0.1514771 }, "geometry": { "type": "Point", "coordinates": [ -0.1514771, 5.5586963 ] } },
{ "type": "Feature", "properties": { "osmid": 5054694250, "element": "node", "name": "Court", "hub_type": "bus", "hub_scale": "stop", "amenity": null, "railway": null, "public_transport": "platform", "highway": "bus_stop", "aeroway": null, "building": null, "operator": null, "network": null, "centroid_lat": 5.5572895, "centroid_lon": -0.1553659 }, "geometry": { "type": "Point", "coordinates": [ -0.1553659, 5.5572895 ] } },
{ "type": "Feature", "properties": { "osmid": 5054694251, "element": "node", "name": "Olympia", "hub_type": "bus", "hub_scale": "stop", "amenity": null, "railway": null, "public_transport": "platform", "highway": "bus_stop", "aeroway": null, "building": null, "operator": null, "network": null, "centroid_lat": 5.5578802, "centroid_lon": -0.158709 }, "geometry": { "type": "Point", "coordinates": [ -0.158709, 5.5578802 ] } },
{ "type": "Feature", "properties": { "osmid": 5054694252, "element": "node", "name": "Jokers", "hub_type": "bus", "hub_scale": "stop", "amenity": null, "railway": null, "public_transport": "platform", "highway": "bus_stop", "aeroway": null, "building": null, "operator": null, "network": null, "centroid_lat": 5.5574897, "centroid_lon": -0.1637295 }, "geometry": { "type": "Point", "coordinates": [ -0.1637295, 5.5574897 ] } },
{ "type": "Feature", "properties": { "osmid": 5054694253, "element": "node", "name": "Barracks", "hub_type": "bus", "hub_scale": "stop", "amenity": null, "railway": null, "public_transport": "platform", "highway": "bus_stop", "aeroway": null, "building": null, "operator": null, "network": null, "centroid_lat": 5.5582465, "centroid_lon": -0.1679804 }, "geometry": { "type": "Point", "coordinates": [ -0.1679804, 5.5582465 ] } },
{ "type": "Feature", "properties": { "osmid": 5054694254, "element": "node", "name": "Danquah Second", "hub_type": "bus", "hub_scale": "stop", "amenity": null, "railway": null, "public_transport": "platform", "highway": "bus_stop", "aeroway": null, "building": null, "operator": null, "network": null, "centroid_lat": 5.5661571, "centroid_lon": -0.1797379 }, "geometry": { "type": "Point", "coordinates": [ -0.1797379, 5.5661571 ] } },
{ "type": "Feature", "properties": { "osmid": 5054694255, "element": "node", "name": "Danquah First", "hub_type": "bus", "hub_scale": "stop", "amenity": null, "railway": null, "public_transport": "platform", "highway": "bus_stop", "aeroway": null, "building": null, "operator": null, "network": null, "centroid_lat": 5.5676276, "centroid_lon": -0.1823663 }, "geometry": { "type": "Point", "coordinates": [ -0.1823663, 5.5676276 ] } },
{ "type": "Feature", "properties": { "osmid": 5054759302, "element": "node", "name": "Barracks", "hub_type": "bus", "hub_scale": "stop", "amenity": null, "railway": null, "public_transport": "platform", "highway": "bus_stop", "aeroway": null, "building": null, "operator": null, "network": null, "centroid_lat": 5.559447, "centroid_lon": -0.1684456 }, "geometry": { "type": "Point", "coordinates": [ -0.1684456, 5.559447 ] } },
{ "type": "Feature", "properties": { "osmid": 5054759303, "element": "node", "name": "Olympia", "hub_type": "bus", "hub_scale": "stop", "amenity": null, "railway": null, "public_transport": "platform", "highway": "bus_stop", "aeroway": null, "building": null, "operator": null, "network": null, "centroid_lat": 5.5581086, "centroid_lon": -0.1585697 }, "geometry": { "type": "Point", "coordinates": [ -0.1585697, 5.5581086 ] } },
{ "type": "Feature", "properties": { "osmid": 5054759304, "element": "node", "name": "Court", "hub_type": "bus", "hub_scale": "stop", "amenity": null, "railway": null, "public_transport": "platform", "highway": "bus_stop", "aeroway": null, "building": null, "operator": null, "network": null, "centroid_lat": 5.5574773, "centroid_lon": -0.1554233 }, "geometry": { "type": "Point", "coordinates": [ -0.1554233, 5.5574773 ] } },
{ "type": "Feature", "properties": { "osmid": 5054759305, "element": "node", "name": "Dreamland", "hub_type": "bus", "hub_scale": "stop", "amenity": null, "railway": null, "public_transport": "platform", "highway": "bus_stop", "aeroway": null, "building": null, "operator": null, "network": null, "centroid_lat": 5.559111, "centroid_lon": -0.1510107 }, "geometry": { "type": "Point", "coordinates": [ -0.1510107, 5.559111 ] } },
{ "type": "Feature", "properties": { "osmid": 5054759306, "element": "node", "name": "Alonte Bar", "hub_type": "bus", "hub_scale": "stop", "amenity": null, "railway": null, "public_transport": "platform", "highway": "bus_stop", "aeroway": null, "building": null, "operator": null, "network": null, "centroid_lat": 5.559815, "centroid_lon": -0.1491974 }, "geometry": { "type": "Point", "coordinates": [ -0.1491974, 5.559815 ] } },
{ "type": "Feature", "properties": { "osmid": 5054759307, "element": "node", "name": "Regimanuel", "hub_type": "bus", "hub_scale": "stop", "amenity": null, "railway": null, "public_transport": "platform", "highway": "bus_stop", "aeroway": null, "building": null, "operator": null, "network": null, "centroid_lat": 5.5620969, "centroid_lon": -0.1457109 }, "geometry": { "type": "Point", "coordinates": [ -0.1457109, 5.5620969 ] } },
{ "type": "Feature", "properties": { "osmid": 5054759308, "element": "node", "name": "Gas", "hub_type": "bus", "hub_scale": "stop", "amenity": null, "railway": null, "public_transport": "platform", "highway": "bus_stop", "aeroway": null, "building": null, "operator": null, "network": null, "centroid_lat": 5.5646676, "centroid_lon": -0.1387044 }, "geometry": { "type": "Point", "coordinates": [ -0.1387044, 5.5646676 ] } },
{ "type": "Feature", "properties": { "osmid": 5054759309, "element": "node", "name": "Bush Road Junction", "hub_type": "bus", "hub_scale": "stop", "amenity": null, "railway": null, "public_transport": "platform", "highway": "bus_stop", "aeroway": null, "building": null, "operator": null, "network": null, "centroid_lat": 5.5668717, "centroid_lon": -0.1312629 }, "geometry": { "type": "Point", "coordinates": [ -0.1312629, 5.5668717 ] } },
{ "type": "Feature", "properties": { "osmid": 5054759310, "element": "node", "name": "Second Gate", "hub_type": "bus", "hub_scale": "stop", "amenity": null, "railway": null, "public_transport": "platform", "highway": "bus_stop", "aeroway": null, "building": null, "operator": null, "network": null, "centroid_lat": 5.5676823, "centroid_lon": -0.1282367 }, "geometry": { "type": "Point", "coordinates": [ -0.1282367, 5.5676823 ] } },
{ "type": "Feature", "properties": { "osmid": 5054759311, "element": "node", "name": "First Gate", "hub_type": "bus", "hub_scale": "stop", "amenity": null, "railway": null, "public_transport": "platform", "highway": "bus_stop", "aeroway": null, "building": null, "operator": null, "network": null, "centroid_lat": 5.5688608, "centroid_lon": -0.1237251 }, "geometry": { "type": "Point", "coordinates": [ -0.1237251, 5.5688608 ] } },
{ "type": "Feature", "properties": { "osmid": 5054759312, "element": "node", "name": "Next Door", "hub_type": "bus", "hub_scale": "stop", "amenity": null, "railway": null, "public_transport": "platform", "highway": "bus_stop", "aeroway": null, "building": null, "operator": null, "network": null, "centroid_lat": 5.5714011, "centroid_lon": -0.1168859 }, "geometry": { "type": "Point", "coordinates": [ -0.1168859, 5.5714011 ] } },
{ "type": "Feature", "properties": { "osmid": 5054759313, "element": "node", "name": "Kofi Annan", "hub_type": "bus", "hub_scale": "stop", "amenity": null, "railway": null, "public_transport": "platform", "highway": "bus_stop", "aeroway": null, "building": null, "operator": null, "network": null, "centroid_lat": 5.5728991, "centroid_lon": -0.1143787 }, "geometry": { "type": "Point", "coordinates": [ -0.1143787, 5.5728991 ] } },
{ "type": "Feature", "properties": { "osmid": 5054759314, "element": "node", "name": "Police Station", "hub_type": "bus", "hub_scale": "stop", "amenity": null, "railway": null, "public_transport": "platform", "highway": "bus_stop", "aeroway": null, "building": null, "operator": null, "network": null, "centroid_lat": 5.5765482, "centroid_lon": -0.1110698 }, "geometry": { "type": "Point", "coordinates": [ -0.1110698, 5.5765482 ] } },
{ "type": "Feature", "properties": { "osmid": 5054759315, "element": "node", "name": "Laskala", "hub_type": "bus", "hub_scale": "stop", "amenity": null, "railway": null, "public_transport": "platform", "highway": "bus_stop", "aeroway": null, "building": null, "operator": null, "network": null, "centroid_lat": 5.5789608, "centroid_lon": -0.1093926 }, "geometry": { "type": "Point", "coordinates": [ -0.1093926, 5.5789608 ] } },
{ "type": "Feature", "properties": { "osmid": 5054759316, "element": "node", "name": "Addoemi", "hub_type": "bus", "hub_scale": "stop", "amenity": null, "railway": null, "public_transport": "platform", "highway": "bus_stop", "aeroway": null, "building": null, "operator": null, "network": null, "centroid_lat": 5.5803233, "centroid_lon": -0.1078398 }, "geometry": { "type": "Point", "coordinates": [ -0.1078398, 5.5803233 ] } },
{ "type": "Feature", "properties": { "osmid": 5054759317, "element": "node", "name": "Mobil", "hub_type": "bus", "hub_scale": "stop", "amenity": null, "railway": null, "public_transport": "platform", "highway": "bus_stop", "aeroway": null, "building": null, "operator": null, "network": null, "centroid_lat": 5.5825914, "centroid_lon": -0.1053604 }, "geometry": { "type": "Point", "coordinates": [ -0.1053604, 5.5825914 ] } },
{ "type": "Feature", "properties": { "osmid": 5054759318, "element": "node", "name": "Abotsi Anya", "hub_type": "bus", "hub_scale": "stop", "amenity": null, "railway": null, "public_transport": "platform", "highway": "bus_stop", "aeroway": null, "building": null, "operator": null, "network": null, "centroid_lat": 5.5850849, "centroid_lon": -0.1025355 }, "geometry": { "type": "Point", "coordinates": [ -0.1025355, 5.5850849 ] } },
{ "type": "Feature", "properties": { "osmid": 5054759319, "element": "node", "name": "Teshie First Junction", "hub_type": "bus", "hub_scale": "stop", "amenity": null, "railway": null, "public_transport": "platform", "highway": "bus_stop", "aeroway": null, "building": null, "operator": null, "network": null, "centroid_lat": 5.5885694, "centroid_lon": -0.0978191 }, "geometry": { "type": "Point", "coordinates": [ -0.0978191, 5.5885694 ] } },
{ "type": "Feature", "properties": { "osmid": 5054759320, "element": "node", "name": "A-life", "hub_type": "bus", "hub_scale": "stop", "amenity": null, "railway": null, "public_transport": "platform", "highway": "bus_stop", "aeroway": null, "building": null, "operator": null, "network": null, "centroid_lat": 5.5910889, "centroid_lon": -0.0936217 }, "geometry": { "type": "Point", "coordinates": [ -0.0936217, 5.5910889 ] } },
{ "type": "Feature", "properties": { "osmid": 5054767121, "element": "node", "name": "Brigade", "hub_type": "bus", "hub_scale": "stop", "amenity": null, "railway": null, "public_transport": "platform", "highway": "bus_stop", "aeroway": null, "building": null, "operator": null, "network": null, "centroid_lat": 5.593735, "centroid_lon": -0.0893345 }, "geometry": { "type": "Point", "coordinates": [ -0.0893345, 5.593735 ] } },
{ "type": "Feature", "properties": { "osmid": 5054767122, "element": "node", "name": "Cold Store", "hub_type": "bus", "hub_scale": "stop", "amenity": null, "railway": null, "public_transport": "platform", "highway": "bus_stop", "aeroway": null, "building": null, "operator": null, "network": null, "centroid_lat": 5.5959888, "centroid_lon": -0.0855429 }, "geometry": { "type": "Point", "coordinates": [ -0.0855429, 5.5959888 ] } },
{ "type": "Feature", "properties": { "osmid": 5054767123, "element": "node", "name": "C5", "hub_type": "bus", "hub_scale": "stop", "amenity": null, "railway": null, "public_transport": "platform", "highway": "bus_stop", "aeroway": null, "building": null, "operator": null, "network": null, "centroid_lat": 5.5984781, "centroid_lon": -0.0815133 }, "geometry": { "type": "Point", "coordinates": [ -0.0815133, 5.5984781 ] } },
{ "type": "Feature", "properties": { "osmid": 5054767124, "element": "node", "name": "Nungua Market", "hub_type": "bus", "hub_scale": "stop", "amenity": null, "railway": null, "public_transport": "platform", "highway": "bus_stop", "aeroway": null, "building": null, "operator": null, "network": null, "centroid_lat": 5.5999174, "centroid_lon": -0.0805217 }, "geometry": { "type": "Point", "coordinates": [ -0.0805217, 5.5999174 ] } },
{ "type": "Feature", "properties": { "osmid": 5054767125, "element": "node", "name": "Nungua", "hub_type": "bus", "hub_scale": "stop", "amenity": null, "railway": null, "public_transport": "platform", "highway": "bus_stop", "aeroway": null, "building": null, "operator": null, "network": null, "centroid_lat": 5.6017661, "centroid_lon": -0.0796664 }, "geometry": { "type": "Point", "coordinates": [ -0.0796664, 5.6017661 ] } },
{ "type": "Feature", "properties": { "osmid": 5058534289, "element": "node", "name": null, "hub_type": "bus", "hub_scale": "stop", "amenity": null, "railway": null, "public_transport": "stop_position", "highway": null, "aeroway": null, "building": null, "operator": null, "network": null, "centroid_lat": 5.5673834, "centroid_lon": -0.1637774 }, "geometry": { "type": "Point", "coordinates": [ -0.1637774, 5.5673834 ] } },
{ "type": "Feature", "properties": { "osmid": 5058534290, "element": "node", "name": "Accra New Tema Station", "hub_type": "bus", "hub_scale": "stop", "amenity": null, "railway": null, "public_transport": "platform", "highway": "bus_stop", "aeroway": null, "building": null, "operator": null, "network": null, "centroid_lat": 5.5486693, "centroid_lon": -0.2010513 }, "geometry": { "type": "Point", "coordinates": [ -0.2010513, 5.5486693 ] } },
{ "type": "Feature", "properties": { "osmid": 5058534291, "element": "node", "name": null, "hub_type": "bus", "hub_scale": "stop", "amenity": null, "railway": null, "public_transport": "stop_position", "highway": null, "aeroway": null, "building": null, "operator": null, "network": null, "centroid_lat": 5.5418803, "centroid_lon": -0.2550372 }, "geometry": { "type": "Point", "coordinates": [ -0.2550372, 5.5418803 ] } },
{ "type": "Feature", "properties": { "osmid": 5058534292, "element": "node", "name": null, "hub_type": "bus", "hub_scale": "stop", "amenity": null, "railway": null, "public_transport": "stop_position", "highway": null, "aeroway": null, "building": null, "operator": null, "network": null, "centroid_lat": 5.5388745, "centroid_lon": -0.2130981 }, "geometry": { "type": "Point", "coordinates": [ -0.2130981, 5.5388745 ] } },
{ "type": "Feature", "properties": { "osmid": 5058534293, "element": "node", "name": null, "hub_type": "bus", "hub_scale": "stop", "amenity": null, "railway": null, "public_transport": "stop_position", "highway": null, "aeroway": null, "building": null, "operator": null, "network": null, "centroid_lat": 5.564621, "centroid_lon": -0.2349202 }, "geometry": { "type": "Point", "coordinates": [ -0.2349202, 5.564621 ] } },
{ "type": "Feature", "properties": { "osmid": 5058534294, "element": "node", "name": "Mamprobi Alhaji Station", "hub_type": "bus", "hub_scale": "stop", "amenity": null, "railway": null, "public_transport": "platform", "highway": "bus_stop", "aeroway": null, "building": null, "operator": null, "network": null, "centroid_lat": 5.530924, "centroid_lon": -0.250409 }, "geometry": { "type": "Point", "coordinates": [ -0.250409, 5.530924 ] } },
{ "type": "Feature", "properties": { "osmid": 5058534295, "element": "node", "name": "Chokor/ Chemuna", "hub_type": "bus", "hub_scale": "stop", "amenity": null, "railway": null, "public_transport": "platform", "highway": "bus_stop", "aeroway": null, "building": null, "operator": null, "network": null, "centroid_lat": 5.5261842, "centroid_lon": -0.250461 }, "geometry": { "type": "Point", "coordinates": [ -0.250461, 5.5261842 ] } },
{ "type": "Feature", "properties": { "osmid": 5058534296, "element": "node", "name": null, "hub_type": "bus", "hub_scale": "stop", "amenity": null, "railway": null, "public_transport": "stop_position", "highway": null, "aeroway": null, "building": null, "operator": null, "network": null, "centroid_lat": 5.5262175, "centroid_lon": -0.2504608 }, "geometry": { "type": "Point", "coordinates": [ -0.2504608, 5.5262175 ] } },
{ "type": "Feature", "properties": { "osmid": 5058534297, "element": "node", "name": null, "hub_type": "bus", "hub_scale": "stop", "amenity": null, "railway": null, "public_transport": "stop_position", "highway": null, "aeroway": null, "building": null, "operator": null, "network": null, "centroid_lat": 5.5372772, "centroid_lon": -0.2571609 }, "geometry": { "type": "Point", "coordinates": [ -0.2571609, 5.5372772 ] } },
{ "type": "Feature", "properties": { "osmid": 5058534298, "element": "node", "name": null, "hub_type": "bus", "hub_scale": "stop", "amenity": null, "railway": null, "public_transport": "stop_position", "highway": null, "aeroway": null, "building": null, "operator": null, "network": null, "centroid_lat": 5.5452154, "centroid_lon": -0.2524093 }, "geometry": { "type": "Point", "coordinates": [ -0.2524093, 5.5452154 ] } },
{ "type": "Feature", "properties": { "osmid": 5058534299, "element": "node", "name": "Appiah Danquah/Soko", "hub_type": "bus", "hub_scale": "stop", "amenity": null, "railway": null, "public_transport": "platform", "highway": "bus_stop", "aeroway": null, "building": null, "operator": null, "network": null, "centroid_lat": 5.5451981, "centroid_lon": -0.2524026 }, "geometry": { "type": "Point", "coordinates": [ -0.2524026, 5.5451981 ] } },
{ "type": "Feature", "properties": { "osmid": 5058534300, "element": "node", "name": null, "hub_type": "bus", "hub_scale": "stop", "amenity": null, "railway": null, "public_transport": "stop_position", "highway": null, "aeroway": null, "building": null, "operator": null, "network": null, "centroid_lat": 5.5505991, "centroid_lon": -0.249297 }, "geometry": { "type": "Point", "coordinates": [ -0.249297, 5.5505991 ] } },
{ "type": "Feature", "properties": { "osmid": 5058534301, "element": "node", "name": null, "hub_type": "bus", "hub_scale": "stop", "amenity": null, "railway": null, "public_transport": "stop_position", "highway": null, "aeroway": null, "building": null, "operator": null, "network": null, "centroid_lat": 5.5921703, "centroid_lon": -0.1954153 }, "geometry": { "type": "Point", "coordinates": [ -0.1954153, 5.5921703 ] } },
{ "type": "Feature", "properties": { "osmid": 5058534302, "element": "node", "name": null, "hub_type": "bus", "hub_scale": "stop", "amenity": null, "railway": null, "public_transport": "stop_position", "highway": null, "aeroway": null, "building": null, "operator": null, "network": null, "centroid_lat": 5.5379707, "centroid_lon": -0.2648561 }, "geometry": { "type": "Point", "coordinates": [ -0.2648561, 5.5379707 ] } },
{ "type": "Feature", "properties": { "osmid": 5058534304, "element": "node", "name": null, "hub_type": "bus", "hub_scale": "stop", "amenity": null, "railway": null, "public_transport": "stop_position", "highway": null, "aeroway": null, "building": null, "operator": null, "network": null, "centroid_lat": 5.606852, "centroid_lon": -0.2490917 }, "geometry": { "type": "Point", "coordinates": [ -0.2490917, 5.606852 ] } },
{ "type": "Feature", "properties": { "osmid": 5058534306, "element": "node", "name": null, "hub_type": "bus", "hub_scale": "stop", "amenity": null, "railway": null, "public_transport": "stop_position", "highway": null, "aeroway": null, "building": null, "operator": null, "network": null, "centroid_lat": 5.5958565, "centroid_lon": -0.2091735 }, "geometry": { "type": "Point", "coordinates": [ -0.2091735, 5.5958565 ] } },
{ "type": "Feature", "properties": { "osmid": 5058534307, "element": "node", "name": "Circle (Alajo Station)", "hub_type": "bus", "hub_scale": "stop", "amenity": null, "railway": null, "public_transport": "platform", "highway": "bus_stop", "aeroway": null, "building": null, "operator": null, "network": null, "centroid_lat": 5.5711306, "centroid_lon": -0.2143098 }, "geometry": { "type": "Point", "coordinates": [ -0.2143098, 5.5711306 ] } },
{ "type": "Feature", "properties": { "osmid": 5058534308, "element": "node", "name": null, "hub_type": "bus", "hub_scale": "stop", "amenity": null, "railway": null, "public_transport": "stop_position", "highway": null, "aeroway": null, "building": null, "operator": null, "network": null, "centroid_lat": 5.5711386, "centroid_lon": -0.2142709 }, "geometry": { "type": "Point", "coordinates": [ -0.2142709, 5.5711386 ] } },
{ "type": "Feature", "properties": { "osmid": 5058534309, "element": "node", "name": "Alajo T-Junction", "hub_type": "bus", "hub_scale": "stop", "amenity": null, "railway": null, "public_transport": "platform", "highway": "bus_stop", "aeroway": null, "building": null, "operator": null, "network": null, "centroid_lat": 5.5985442, "centroid_lon": -0.217095 }, "geometry": { "type": "Point", "coordinates": [ -0.217095, 5.5985442 ] } },
{ "type": "Feature", "properties": { "osmid": 5058534310, "element": "node", "name": null, "hub_type": "bus", "hub_scale": "stop", "amenity": null, "railway": null, "public_transport": "stop_position", "highway": null, "aeroway": null, "building": null, "operator": null, "network": null, "centroid_lat": 5.5984627, "centroid_lon": -0.2170564 }, "geometry": { "type": "Point", "coordinates": [ -0.2170564, 5.5984627 ] } },
{ "type": "Feature", "properties": { "osmid": 5058534311, "element": "node", "name": "Odorkor", "hub_type": "bus", "hub_scale": "stop", "amenity": null, "railway": null, "public_transport": "platform", "highway": "bus_stop", "aeroway": null, "building": null, "operator": null, "network": null, "centroid_lat": 5.5811887, "centroid_lon": -0.2639052 }, "geometry": { "type": "Point", "coordinates": [ -0.2639052, 5.5811887 ] } },
{ "type": "Feature", "properties": { "osmid": 5058534312, "element": "node", "name": "Nyamekye", "hub_type": "bus", "hub_scale": "stop", "amenity": null, "railway": null, "public_transport": "platform", "highway": "bus_stop", "aeroway": null, "building": null, "operator": null, "network": null, "centroid_lat": 5.602925, "centroid_lon": -0.2562978 }, "geometry": { "type": "Point", "coordinates": [ -0.2562978, 5.602925 ] } },
{ "type": "Feature", "properties": { "osmid": 5058534313, "element": "node", "name": null, "hub_type": "bus", "hub_scale": "stop", "amenity": null, "railway": null, "public_transport": "stop_position", "highway": null, "aeroway": null, "building": null, "operator": null, "network": null, "centroid_lat": 5.5733333, "centroid_lon": -0.214533 }, "geometry": { "type": "Point", "coordinates": [ -0.214533, 5.5733333 ] } },
{ "type": "Feature", "properties": { "osmid": 5058534314, "element": "node", "name": null, "hub_type": "bus", "hub_scale": "stop", "amenity": null, "railway": null, "public_transport": "stop_position", "highway": null, "aeroway": null, "building": null, "operator": null, "network": null, "centroid_lat": 5.6151463, "centroid_lon": -0.2289882 }, "geometry": { "type": "Point", "coordinates": [ -0.2289882, 5.6151463 ] } },
{ "type": "Feature", "properties": { "osmid": 5058534320, "element": "node", "name": null, "hub_type": "bus", "hub_scale": "stop", "amenity": null, "railway": null, "public_transport": "stop_position", "highway": null, "aeroway": null, "building": null, "operator": null, "network": null, "centroid_lat": 5.5276502, "centroid_lon": -0.2736314 }, "geometry": { "type": "Point", "coordinates": [ -0.2736314, 5.5276502 ] } },
{ "type": "Feature", "properties": { "osmid": 5058536164, "element": "node", "name": null, "hub_type": "bus", "hub_scale": "stop", "amenity": null, "railway": null, "public_transport": "stop_position", "highway": null, "aeroway": null, "building": null, "operator": null, "network": null, "centroid_lat": 5.5688495, "centroid_lon": -0.1483174 }, "geometry": { "type": "Point", "coordinates": [ -0.1483174, 5.5688495 ] } },
{ "type": "Feature", "properties": { "osmid": 5058536170, "element": "node", "name": "Arena", "hub_type": "bus", "hub_scale": "stop", "amenity": null, "railway": null, "public_transport": "platform", "highway": "bus_stop", "aeroway": null, "building": null, "operator": null, "network": null, "centroid_lat": 5.5452615, "centroid_lon": -0.2158977 }, "geometry": { "type": "Point", "coordinates": [ -0.2158977, 5.5452615 ] } },
{ "type": "Feature", "properties": { "osmid": 5058536171, "element": "node", "name": null, "hub_type": "bus", "hub_scale": "stop", "amenity": null, "railway": null, "public_transport": "stop_position", "highway": null, "aeroway": null, "building": null, "operator": null, "network": null, "centroid_lat": 5.5451834, "centroid_lon": -0.2159218 }, "geometry": { "type": "Point", "coordinates": [ -0.2159218, 5.5451834 ] } },
{ "type": "Feature", "properties": { "osmid": 5058536172, "element": "node", "name": null, "hub_type": "bus", "hub_scale": "stop", "amenity": null, "railway": null, "public_transport": "stop_position", "highway": null, "aeroway": null, "building": null, "operator": null, "network": null, "centroid_lat": 5.6017071, "centroid_lon": -0.0796098 }, "geometry": { "type": "Point", "coordinates": [ -0.0796098, 5.6017071 ] } },
{ "type": "Feature", "properties": { "osmid": 5058536173, "element": "node", "name": null, "hub_type": "bus", "hub_scale": "stop", "amenity": null, "railway": null, "public_transport": "stop_position", "highway": null, "aeroway": null, "building": null, "operator": null, "network": null, "centroid_lat": 5.5490573, "centroid_lon": -0.2168412 }, "geometry": { "type": "Point", "coordinates": [ -0.2168412, 5.5490573 ] } },
{ "type": "Feature", "properties": { "osmid": 5058536175, "element": "node", "name": null, "hub_type": "bus", "hub_scale": "stop", "amenity": null, "railway": null, "public_transport": "stop_position", "highway": null, "aeroway": null, "building": null, "operator": null, "network": null, "centroid_lat": 5.6148442, "centroid_lon": -0.1851628 }, "geometry": { "type": "Point", "coordinates": [ -0.1851628, 5.6148442 ] } },
{ "type": "Feature", "properties": { "osmid": 5058536176, "element": "node", "name": null, "hub_type": "bus", "hub_scale": "stop", "amenity": null, "railway": null, "public_transport": "stop_position", "highway": null, "aeroway": null, "building": null, "operator": null, "network": null, "centroid_lat": 5.6149271, "centroid_lon": -0.1850328 }, "geometry": { "type": "Point", "coordinates": [ -0.1850328, 5.6149271 ] } },
{ "type": "Feature", "properties": { "osmid": 5058536177, "element": "node", "name": null, "hub_type": "bus", "hub_scale": "stop", "amenity": null, "railway": null, "public_transport": "stop_position", "highway": null, "aeroway": null, "building": null, "operator": null, "network": null, "centroid_lat": 5.5883441, "centroid_lon": -0.1965778 }, "geometry": { "type": "Point", "coordinates": [ -0.1965778, 5.5883441 ] } },
{ "type": "Feature", "properties": { "osmid": 5058536178, "element": "node", "name": null, "hub_type": "bus", "hub_scale": "stop", "amenity": null, "railway": null, "public_transport": "stop_position", "highway": null, "aeroway": null, "building": null, "operator": null, "network": null, "centroid_lat": 5.5826295, "centroid_lon": -0.208648 }, "geometry": { "type": "Point", "coordinates": [ -0.208648, 5.5826295 ] } },
{ "type": "Feature", "properties": { "osmid": 5058536179, "element": "node", "name": null, "hub_type": "bus", "hub_scale": "stop", "amenity": null, "railway": null, "public_transport": "stop_position", "highway": null, "aeroway": null, "building": null, "operator": null, "network": null, "centroid_lat": 5.581475, "centroid_lon": -0.1986947 }, "geometry": { "type": "Point", "coordinates": [ -0.1986947, 5.581475 ] } },
{ "type": "Feature", "properties": { "osmid": 5058536185, "element": "node", "name": null, "hub_type": "bus", "hub_scale": "stop", "amenity": null, "railway": null, "public_transport": "stop_position", "highway": null, "aeroway": null, "building": null, "operator": null, "network": null, "centroid_lat": 5.5800876, "centroid_lon": -0.1978117 }, "geometry": { "type": "Point", "coordinates": [ -0.1978117, 5.5800876 ] } },
{ "type": "Feature", "properties": { "osmid": 5058536186, "element": "node", "name": null, "hub_type": "bus", "hub_scale": "stop", "amenity": null, "railway": null, "public_transport": "stop_position", "highway": null, "aeroway": null, "building": null, "operator": null, "network": null, "centroid_lat": 5.5827191, "centroid_lon": -0.2084615 }, "geometry": { "type": "Point", "coordinates": [ -0.2084615, 5.5827191 ] } },
{ "type": "Feature", "properties": { "osmid": 5058536187, "element": "node", "name": null, "hub_type": "bus", "hub_scale": "stop", "amenity": null, "railway": null, "public_transport": "stop_position", "highway": null, "aeroway": null, "building": null, "operator": null, "network": null, "centroid_lat": 5.5820337, "centroid_lon": -0.1983976 }, "geometry": { "type": "Point", "coordinates": [ -0.1983976, 5.5820337 ] } },
{ "type": "Feature", "properties": { "osmid": 5058536188, "element": "node", "name": null, "hub_type": "bus", "hub_scale": "stop", "amenity": null, "railway": null, "public_transport": "stop_position", "highway": null, "aeroway": null, "building": null, "operator": null, "network": null, "centroid_lat": 5.5819322, "centroid_lon": -0.198236 }, "geometry": { "type": "Point", "coordinates": [ -0.198236, 5.5819322 ] } },
{ "type": "Feature", "properties": { "osmid": 5058536190, "element": "node", "name": null, "hub_type": "bus", "hub_scale": "stop", "amenity": null, "railway": null, "public_transport": "stop_position", "highway": null, "aeroway": null, "building": null, "operator": null, "network": null, "centroid_lat": 5.6513161, "centroid_lon": -0.1790086 }, "geometry": { "type": "Point", "coordinates": [ -0.1790086, 5.6513161 ] } },
{ "type": "Feature", "properties": { "osmid": 5058536192, "element": "node", "name": null, "hub_type": "bus", "hub_scale": "stop", "amenity": null, "railway": null, "public_transport": "stop_position", "highway": null, "aeroway": null, "building": null, "operator": null, "network": null, "centroid_lat": 5.6284088, "centroid_lon": -0.1767055 }, "geometry": { "type": "Point", "coordinates": [ -0.1767055, 5.6284088 ] } },
{ "type": "Feature", "properties": { "osmid": 5058536194, "element": "node", "name": null, "hub_type": "bus", "hub_scale": "stop", "amenity": null, "railway": null, "public_transport": "stop_position", "highway": null, "aeroway": null, "building": null, "operator": null, "network": null, "centroid_lat": 5.6220158, "centroid_lon": -0.1747072 }, "geometry": { "type": "Point", "coordinates": [ -0.1747072, 5.6220158 ] } },
{ "type": "Feature", "properties": { "osmid": 5058536197, "element": "node", "name": null, "hub_type": "bus", "hub_scale": "stop", "amenity": null, "railway": null, "public_transport": "stop_position", "highway": null, "aeroway": null, "building": null, "operator": null, "network": null, "centroid_lat": 5.5518629, "centroid_lon": -0.2107767 }, "geometry": { "type": "Point", "coordinates": [ -0.2107767, 5.5518629 ] } },
{ "type": "Feature", "properties": { "osmid": 5058536199, "element": "node", "name": null, "hub_type": "bus", "hub_scale": "stop", "amenity": null, "railway": null, "public_transport": "stop_position", "highway": null, "aeroway": null, "building": null, "operator": null, "network": null, "centroid_lat": 5.5926972, "centroid_lon": -0.2684632 }, "geometry": { "type": "Point", "coordinates": [ -0.2684632, 5.5926972 ] } },
{ "type": "Feature", "properties": { "osmid": 5058536201, "element": "node", "name": null, "hub_type": "bus", "hub_scale": "stop", "amenity": null, "railway": null, "public_transport": "stop_position", "highway": null, "aeroway": null, "building": null, "operator": null, "network": null, "centroid_lat": 5.5912349, "centroid_lon": -0.2679343 }, "geometry": { "type": "Point", "coordinates": [ -0.2679343, 5.5912349 ] } },
{ "type": "Feature", "properties": { "osmid": 5058536202, "element": "node", "name": null, "hub_type": "bus", "hub_scale": "stop", "amenity": null, "railway": null, "public_transport": "stop_position", "highway": null, "aeroway": null, "building": null, "operator": null, "network": null, "centroid_lat": 5.5941465, "centroid_lon": -0.2668213 }, "geometry": { "type": "Point", "coordinates": [ -0.2668213, 5.5941465 ] } },
{ "type": "Feature", "properties": { "osmid": 5058536203, "element": "node", "name": null, "hub_type": "bus", "hub_scale": "stop", "amenity": null, "railway": null, "public_transport": "stop_position", "highway": null, "aeroway": null, "building": null, "operator": null, "network": null, "centroid_lat": 5.5973823, "centroid_lon": -0.1988376 }, "geometry": { "type": "Point", "coordinates": [ -0.1988376, 5.5973823 ] } },
{ "type": "Feature", "properties": { "osmid": 5058536204, "element": "node", "name": null, "hub_type": "bus", "hub_scale": "stop", "amenity": null, "railway": null, "public_transport": "stop_position", "highway": null, "aeroway": null, "building": null, "operator": null, "network": null, "centroid_lat": 5.6077625, "centroid_lon": -0.2452531 }, "geometry": { "type": "Point", "coordinates": [ -0.2452531, 5.6077625 ] } },
{ "type": "Feature", "properties": { "osmid": 5058536205, "element": "node", "name": null, "hub_type": "bus", "hub_scale": "stop", "amenity": null, "railway": null, "public_transport": "stop_position", "highway": null, "aeroway": null, "building": null, "operator": null, "network": null, "centroid_lat": 5.5884757, "centroid_lon": -0.1797597 }, "geometry": { "type": "Point", "coordinates": [ -0.1797597, 5.5884757 ] } },
{ "type": "Feature", "properties": { "osmid": 5058536206, "element": "node", "name": null, "hub_type": "bus", "hub_scale": "stop", "amenity": null, "railway": null, "public_transport": "stop_position", "highway": null, "aeroway": null, "building": null, "operator": null, "network": null, "centroid_lat": 5.5640329, "centroid_lon": -0.237879 }, "geometry": { "type": "Point", "coordinates": [ -0.237879, 5.5640329 ] } },
{ "type": "Feature", "properties": { "osmid": 5058536207, "element": "node", "name": "Kaneshie", "hub_type": "bus", "hub_scale": "stop", "amenity": null, "railway": null, "public_transport": "platform", "highway": "bus_stop", "aeroway": null, "building": null, "operator": null, "network": null, "centroid_lat": 5.5640396, "centroid_lon": -0.2377839 }, "geometry": { "type": "Point", "coordinates": [ -0.2377839, 5.5640396 ] } },
{ "type": "Feature", "properties": { "osmid": 5058536208, "element": "node", "name": null, "hub_type": "bus", "hub_scale": "stop", "amenity": null, "railway": null, "public_transport": "stop_position", "highway": null, "aeroway": null, "building": null, "operator": null, "network": null, "centroid_lat": 5.5649425, "centroid_lon": -0.2354576 }, "geometry": { "type": "Point", "coordinates": [ -0.2354576, 5.5649425 ] } },
{ "type": "Feature", "properties": { "osmid": 5058536209, "element": "node", "name": null, "hub_type": "bus", "hub_scale": "stop", "amenity": null, "railway": null, "public_transport": "stop_position", "highway": null, "aeroway": null, "building": null, "operator": null, "network": null, "centroid_lat": 5.5652096, "centroid_lon": -0.235918 }, "geometry": { "type": "Point", "coordinates": [ -0.235918, 5.5652096 ] } },
{ "type": "Feature", "properties": { "osmid": 5058536210, "element": "node", "name": null, "hub_type": "bus", "hub_scale": "stop", "amenity": null, "railway": null, "public_transport": "stop_position", "highway": null, "aeroway": null, "building": null, "operator": null, "network": null, "centroid_lat": 5.5506146, "centroid_lon": -0.2130886 }, "geometry": { "type": "Point", "coordinates": [ -0.2130886, 5.5506146 ] } },
{ "type": "Feature", "properties": { "osmid": 5058536211, "element": "node", "name": null, "hub_type": "bus", "hub_scale": "stop", "amenity": null, "railway": null, "public_transport": "stop_position", "highway": null, "aeroway": null, "building": null, "operator": null, "network": null, "centroid_lat": 5.56912, "centroid_lon": -0.2171278 }, "geometry": { "type": "Point", "coordinates": [ -0.2171278, 5.56912 ] } },
{ "type": "Feature", "properties": { "osmid": 5058536212, "element": "node", "name": null, "hub_type": "bus", "hub_scale": "stop", "amenity": null, "railway": null, "public_transport": "stop_position", "highway": null, "aeroway": null, "building": null, "operator": null, "network": null, "centroid_lat": 5.5702444, "centroid_lon": -0.2554256 }, "geometry": { "type": "Point", "coordinates": [ -0.2554256, 5.5702444 ] } },
{ "type": "Feature", "properties": { "osmid": 5058536213, "element": "node", "name": null, "hub_type": "bus", "hub_scale": "stop", "amenity": null, "railway": null, "public_transport": "stop_position", "highway": null, "aeroway": null, "building": null, "operator": null, "network": null, "centroid_lat": 5.5798353, "centroid_lon": -0.2469843 }, "geometry": { "type": "Point", "coordinates": [ -0.2469843, 5.5798353 ] } },
{ "type": "Feature", "properties": { "osmid": 5058536214, "element": "node", "name": null, "hub_type": "bus", "hub_scale": "stop", "amenity": null, "railway": null, "public_transport": "stop_position", "highway": null, "aeroway": null, "building": null, "operator": null, "network": null, "centroid_lat": 5.5757005, "centroid_lon": -0.2485957 }, "geometry": { "type": "Point", "coordinates": [ -0.2485957, 5.5757005 ] } },
{ "type": "Feature", "properties": { "osmid": 5058536217, "element": "node", "name": "Mallam Attah", "hub_type": "bus", "hub_scale": "stop", "amenity": null, "railway": null, "public_transport": "platform", "highway": "bus_stop", "aeroway": null, "building": null, "operator": null, "network": null, "centroid_lat": 5.5794835, "centroid_lon": -0.2097192 }, "geometry": { "type": "Point", "coordinates": [ -0.2097192, 5.5794835 ] } },
{ "type": "Feature", "properties": { "osmid": 5058536219, "element": "node", "name": null, "hub_type": "bus", "hub_scale": "stop", "amenity": null, "railway": null, "public_transport": "stop_position", "highway": null, "aeroway": null, "building": null, "operator": null, "network": null, "centroid_lat": 5.6501363, "centroid_lon": -0.1789138 }, "geometry": { "type": "Point", "coordinates": [ -0.1789138, 5.6501363 ] } },
{ "type": "Feature", "properties": { "osmid": 5058536220, "element": "node", "name": null, "hub_type": "bus", "hub_scale": "stop", "amenity": null, "railway": null, "public_transport": "stop_position", "highway": null, "aeroway": null, "building": null, "operator": null, "network": null, "centroid_lat": 5.6405971, "centroid_lon": -0.1792887 }, "geometry": { "type": "Point", "coordinates": [ -0.1792887, 5.6405971 ] } },
{ "type": "Feature", "properties": { "osmid": 5058537021, "element": "node", "name": null, "hub_type": "bus", "hub_scale": "stop", "amenity": null, "railway": null, "public_transport": "stop_position", "highway": null, "aeroway": null, "building": null, "operator": null, "network": null, "centroid_lat": 5.5300385, "centroid_lon": -0.2653223 }, "geometry": { "type": "Point", "coordinates": [ -0.2653223, 5.5300385 ] } },
{ "type": "Feature", "properties": { "osmid": 5058537022, "element": "node", "name": null, "hub_type": "bus", "hub_scale": "stop", "amenity": null, "railway": null, "public_transport": "stop_position", "highway": null, "aeroway": null, "building": null, "operator": null, "network": null, "centroid_lat": 5.6163911, "centroid_lon": -0.2294525 }, "geometry": { "type": "Point", "coordinates": [ -0.2294525, 5.6163911 ] } },
{ "type": "Feature", "properties": { "osmid": 5058537023, "element": "node", "name": null, "hub_type": "bus", "hub_scale": "stop", "amenity": null, "railway": null, "public_transport": "stop_position", "highway": null, "aeroway": null, "building": null, "operator": null, "network": null, "centroid_lat": 5.5379069, "centroid_lon": -0.2647641 }, "geometry": { "type": "Point", "coordinates": [ -0.2647641, 5.5379069 ] } },
{ "type": "Feature", "properties": { "osmid": 5058537024, "element": "node", "name": null, "hub_type": "bus", "hub_scale": "stop", "amenity": null, "railway": null, "public_transport": "stop_position", "highway": null, "aeroway": null, "building": null, "operator": null, "network": null, "centroid_lat": 5.5981247, "centroid_lon": -0.1983381 }, "geometry": { "type": "Point", "coordinates": [ -0.1983381, 5.5981247 ] } },
{ "type": "Feature", "properties": { "osmid": 5058537025, "element": "node", "name": null, "hub_type": "bus", "hub_scale": "stop", "amenity": null, "railway": null, "public_transport": "stop_position", "highway": null, "aeroway": null, "building": null, "operator": null, "network": null, "centroid_lat": 5.5731337, "centroid_lon": -0.2142613 }, "geometry": { "type": "Point", "coordinates": [ -0.2142613, 5.5731337 ] } },
{ "type": "Feature", "properties": { "osmid": 5058537026, "element": "node", "name": null, "hub_type": "bus", "hub_scale": "stop", "amenity": null, "railway": null, "public_transport": "stop_position", "highway": null, "aeroway": null, "building": null, "operator": null, "network": null, "centroid_lat": 5.5942406, "centroid_lon": -0.1946413 }, "geometry": { "type": "Point", "coordinates": [ -0.1946413, 5.5942406 ] } },
{ "type": "Feature", "properties": { "osmid": 5058537027, "element": "node", "name": null, "hub_type": "bus", "hub_scale": "stop", "amenity": null, "railway": null, "public_transport": "stop_position", "highway": null, "aeroway": null, "building": null, "operator": null, "network": null, "centroid_lat": 5.5841108, "centroid_lon": -0.2340151 }, "geometry": { "type": "Point", "coordinates": [ -0.2340151, 5.5841108 ] } },
{ "type": "Feature", "properties": { "osmid": 5058537028, "element": "node", "name": null, "hub_type": "bus", "hub_scale": "stop", "amenity": null, "railway": null, "public_transport": "stop_position", "highway": null, "aeroway": null, "building": null, "operator": null, "network": null, "centroid_lat": 5.585203, "centroid_lon": -0.2214007 }, "geometry": { "type": "Point", "coordinates": [ -0.2214007, 5.585203 ] } },
{ "type": "Feature", "properties": { "osmid": 5058537029, "element": "node", "name": null, "hub_type": "bus", "hub_scale": "stop", "amenity": null, "railway": null, "public_transport": "stop_position", "highway": null, "aeroway": null, "building": null, "operator": null, "network": null, "centroid_lat": 5.5897973, "centroid_lon": -0.2314583 }, "geometry": { "type": "Point", "coordinates": [ -0.2314583, 5.5897973 ] } },
{ "type": "Feature", "properties": { "osmid": 5058537030, "element": "node", "name": null, "hub_type": "bus", "hub_scale": "stop", "amenity": null, "railway": null, "public_transport": "stop_position", "highway": null, "aeroway": null, "building": null, "operator": null, "network": null, "centroid_lat": 5.5898796, "centroid_lon": -0.2312945 }, "geometry": { "type": "Point", "coordinates": [ -0.2312945, 5.5898796 ] } },
{ "type": "Feature", "properties": { "osmid": 5058537031, "element": "node", "name": null, "hub_type": "bus", "hub_scale": "stop", "amenity": null, "railway": null, "public_transport": "stop_position", "highway": null, "aeroway": null, "building": null, "operator": null, "network": null, "centroid_lat": 5.5829917, "centroid_lon": -0.2401499 }, "geometry": { "type": "Point", "coordinates": [ -0.2401499, 5.5829917 ] } },
{ "type": "Feature", "properties": { "osmid": 5058537032, "element": "node", "name": "Circle", "hub_type": "bus", "hub_scale": "stop", "amenity": null, "railway": null, "public_transport": "platform", "highway": "bus_stop", "aeroway": null, "building": null, "operator": null, "network": null, "centroid_lat": 5.5697217, "centroid_lon": -0.2173568 }, "geometry": { "type": "Point", "coordinates": [ -0.2173568, 5.5697217 ] } },
{ "type": "Feature", "properties": { "osmid": 5058537034, "element": "node", "name": "Osu", "hub_type": "bus", "hub_scale": "stop", "amenity": null, "railway": null, "public_transport": "platform", "highway": "bus_stop", "aeroway": null, "building": null, "operator": null, "network": null, "centroid_lat": 5.5540406, "centroid_lon": -0.1836113 }, "geometry": { "type": "Point", "coordinates": [ -0.1836113, 5.5540406 ] } },
{ "type": "Feature", "properties": { "osmid": 5058537035, "element": "node", "name": null, "hub_type": "bus", "hub_scale": "stop", "amenity": null, "railway": null, "public_transport": "stop_position", "highway": null, "aeroway": null, "building": null, "operator": null, "network": null, "centroid_lat": 5.5701604, "centroid_lon": -0.2139723 }, "geometry": { "type": "Point", "coordinates": [ -0.2139723, 5.5701604 ] } },
{ "type": "Feature", "properties": { "osmid": 5058537123, "element": "node", "name": null, "hub_type": "bus", "hub_scale": "stop", "amenity": null, "railway": null, "public_transport": "stop_position", "highway": null, "aeroway": null, "building": null, "operator": null, "network": null, "centroid_lat": 5.6216438, "centroid_lon": -0.2260404 }, "geometry": { "type": "Point", "coordinates": [ -0.2260404, 5.6216438 ] } },
{ "type": "Feature", "properties": { "osmid": 5058537124, "element": "node", "name": null, "hub_type": "bus", "hub_scale": "stop", "amenity": null, "railway": null, "public_transport": "stop_position", "highway": null, "aeroway": null, "building": null, "operator": null, "network": null, "centroid_lat": 5.6273246, "centroid_lon": -0.1760121 }, "geometry": { "type": "Point", "coordinates": [ -0.1760121, 5.6273246 ] } },
{ "type": "Feature", "properties": { "osmid": 5058537127, "element": "node", "name": null, "hub_type": "bus", "hub_scale": "stop", "amenity": null, "railway": null, "public_transport": "stop_position", "highway": null, "aeroway": null, "building": null, "operator": null, "network": null, "centroid_lat": 5.5888723, "centroid_lon": -0.2509786 }, "geometry": { "type": "Point", "coordinates": [ -0.2509786, 5.5888723 ] } },
{ "type": "Feature", "properties": { "osmid": 5058537129, "element": "node", "name": "Accra", "hub_type": "bus", "hub_scale": "stop", "amenity": null, "railway": null, "public_transport": "platform", "highway": "bus_stop", "aeroway": null, "building": null, "operator": null, "network": null, "centroid_lat": 5.5524011, "centroid_lon": -0.2139608 }, "geometry": { "type": "Point", "coordinates": [ -0.2139608, 5.5524011 ] } },
{ "type": "Feature", "properties": { "osmid": 5058537131, "element": "node", "name": null, "hub_type": "bus", "hub_scale": "stop", "amenity": null, "railway": null, "public_transport": "stop_position", "highway": null, "aeroway": null, "building": null, "operator": null, "network": null, "centroid_lat": 5.5651305, "centroid_lon": -0.2365002 }, "geometry": { "type": "Point", "coordinates": [ -0.2365002, 5.5651305 ] } },
{ "type": "Feature", "properties": { "osmid": 5058537132, "element": "node", "name": null, "hub_type": "bus", "hub_scale": "stop", "amenity": null, "railway": null, "public_transport": "stop_position", "highway": null, "aeroway": null, "building": null, "operator": null, "network": null, "centroid_lat": 5.5803178, "centroid_lon": -0.2398646 }, "geometry": { "type": "Point", "coordinates": [ -0.2398646, 5.5803178 ] } },
{ "type": "Feature", "properties": { "osmid": 5058537135, "element": "node", "name": null, "hub_type": "bus", "hub_scale": "stop", "amenity": null, "railway": null, "public_transport": "stop_position", "highway": null, "aeroway": null, "building": null, "operator": null, "network": null, "centroid_lat": 5.5794532, "centroid_lon": -0.209738 }, "geometry": { "type": "Point", "coordinates": [ -0.209738, 5.5794532 ] } },
{ "type": "Feature", "properties": { "osmid": 5058537136, "element": "node", "name": null, "hub_type": "bus", "hub_scale": "stop", "amenity": null, "railway": null, "public_transport": "stop_position", "highway": null, "aeroway": null, "building": null, "operator": null, "network": null, "centroid_lat": 5.5775444, "centroid_lon": -0.2545328 }, "geometry": { "type": "Point", "coordinates": [ -0.2545328, 5.5775444 ] } },
{ "type": "Feature", "properties": { "osmid": 5058537137, "element": "node", "name": null, "hub_type": "bus", "hub_scale": "stop", "amenity": null, "railway": null, "public_transport": "stop_position", "highway": null, "aeroway": null, "building": null, "operator": null, "network": null, "centroid_lat": 5.5776092, "centroid_lon": -0.2544954 }, "geometry": { "type": "Point", "coordinates": [ -0.2544954, 5.5776092 ] } },
{ "type": "Feature", "properties": { "osmid": 5058537138, "element": "node", "name": null, "hub_type": "bus", "hub_scale": "stop", "amenity": null, "railway": null, "public_transport": "stop_position", "highway": null, "aeroway": null, "building": null, "operator": null, "network": null, "centroid_lat": 5.600759, "centroid_lon": -0.2391494 }, "geometry": { "type": "Point", "coordinates": [ -0.2391494, 5.600759 ] } },
{ "type": "Feature", "properties": { "osmid": 5058537139, "element": "node", "name": null, "hub_type": "bus", "hub_scale": "stop", "amenity": null, "railway": null, "public_transport": "stop_position", "highway": null, "aeroway": null, "building": null, "operator": null, "network": null, "centroid_lat": 5.6064517, "centroid_lon": -0.2490687 }, "geometry": { "type": "Point", "coordinates": [ -0.2490687, 5.6064517 ] } },
{ "type": "Feature", "properties": { "osmid": 5058537140, "element": "node", "name": null, "hub_type": "bus", "hub_scale": "stop", "amenity": null, "railway": null, "public_transport": "stop_position", "highway": null, "aeroway": null, "building": null, "operator": null, "network": null, "centroid_lat": 5.6021759, "centroid_lon": -0.0791272 }, "geometry": { "type": "Point", "coordinates": [ -0.0791272, 5.6021759 ] } },
{ "type": "Feature", "properties": { "osmid": 5058537141, "element": "node", "name": null, "hub_type": "bus", "hub_scale": "stop", "amenity": null, "railway": null, "public_transport": "stop_position", "highway": null, "aeroway": null, "building": null, "operator": null, "network": null, "centroid_lat": 5.5468793, "centroid_lon": -0.2100283 }, "geometry": { "type": "Point", "coordinates": [ -0.2100283, 5.5468793 ] } },
{ "type": "Feature", "properties": { "osmid": 5058537142, "element": "node", "name": null, "hub_type": "bus", "hub_scale": "stop", "amenity": null, "railway": null, "public_transport": "stop_position", "highway": null, "aeroway": null, "building": null, "operator": null, "network": null, "centroid_lat": 5.5876968, "centroid_lon": -0.1385588 }, "geometry": { "type": "Point", "coordinates": [ -0.1385588, 5.5876968 ] } },
{ "type": "Feature", "properties": { "osmid": 5058537143, "element": "node", "name": null, "hub_type": "bus", "hub_scale": "stop", "amenity": null, "railway": null, "public_transport": "stop_position", "highway": null, "aeroway": null, "building": null, "operator": null, "network": null, "centroid_lat": 5.6072608, "centroid_lon": -0.2466682 }, "geometry": { "type": "Point", "coordinates": [ -0.2466682, 5.6072608 ] } },
{ "type": "Feature", "properties": { "osmid": 5058537144, "element": "node", "name": "Abeka Lapaz", "hub_type": "bus", "hub_scale": "stop", "amenity": null, "railway": null, "public_transport": "platform", "highway": "bus_stop", "aeroway": null, "building": null, "operator": null, "network": null, "centroid_lat": 5.6063595, "centroid_lon": -0.2481432 }, "geometry": { "type": "Point", "coordinates": [ -0.2481432, 5.6063595 ] } },
{ "type": "Feature", "properties": { "osmid": 5058537145, "element": "node", "name": null, "hub_type": "bus", "hub_scale": "stop", "amenity": null, "railway": null, "public_transport": "stop_position", "highway": null, "aeroway": null, "building": null, "operator": null, "network": null, "centroid_lat": 5.6060846, "centroid_lon": -0.2469245 }, "geometry": { "type": "Point", "coordinates": [ -0.2469245, 5.6060846 ] } },
{ "type": "Feature", "properties": { "osmid": 5058537146, "element": "node", "name": "New Fadama", "hub_type": "bus", "hub_scale": "stop", "amenity": null, "railway": null, "public_transport": "platform", "highway": "bus_stop", "aeroway": null, "building": null, "operator": null, "network": null, "centroid_lat": 5.6004076, "centroid_lon": -0.2482973 }, "geometry": { "type": "Point", "coordinates": [ -0.2482973, 5.6004076 ] } },
{ "type": "Feature", "properties": { "osmid": 5058537147, "element": "node", "name": null, "hub_type": "bus", "hub_scale": "stop", "amenity": null, "railway": null, "public_transport": "stop_position", "highway": null, "aeroway": null, "building": null, "operator": null, "network": null, "centroid_lat": 5.6172384, "centroid_lon": -0.1770734 }, "geometry": { "type": "Point", "coordinates": [ -0.1770734, 5.6172384 ] } },
{ "type": "Feature", "properties": { "osmid": 5058537148, "element": "node", "name": null, "hub_type": "bus", "hub_scale": "stop", "amenity": null, "railway": null, "public_transport": "stop_position", "highway": null, "aeroway": null, "building": null, "operator": null, "network": null, "centroid_lat": 5.5706676, "centroid_lon": -0.2133062 }, "geometry": { "type": "Point", "coordinates": [ -0.2133062, 5.5706676 ] } },
{ "type": "Feature", "properties": { "osmid": 5064268096, "element": "node", "name": "Kaneshie Last Stop", "hub_type": "bus", "hub_scale": "stop", "amenity": null, "railway": null, "public_transport": "platform", "highway": "bus_stop", "aeroway": null, "building": null, "operator": null, "network": null, "centroid_lat": 5.5662033, "centroid_lon": -0.233974 }, "geometry": { "type": "Point", "coordinates": [ -0.233974, 5.5662033 ] } },
{ "type": "Feature", "properties": { "osmid": 5064268097, "element": "node", "name": "Welfare", "hub_type": "bus", "hub_scale": "stop", "amenity": null, "railway": null, "public_transport": "platform", "highway": "bus_stop", "aeroway": null, "building": null, "operator": null, "network": null, "centroid_lat": 5.5691119, "centroid_lon": -0.234168 }, "geometry": { "type": "Point", "coordinates": [ -0.234168, 5.5691119 ] } },
{ "type": "Feature", "properties": { "osmid": 5064268098, "element": "node", "name": "Sunlight", "hub_type": "bus", "hub_scale": "stop", "amenity": null, "railway": null, "public_transport": "platform", "highway": "bus_stop", "aeroway": null, "building": null, "operator": null, "network": null, "centroid_lat": 5.5900616, "centroid_lon": -0.2322468 }, "geometry": { "type": "Point", "coordinates": [ -0.2322468, 5.5900616 ] } },
{ "type": "Feature", "properties": { "osmid": 5064268099, "element": "node", "name": "Drug Store", "hub_type": "bus", "hub_scale": "stop", "amenity": null, "railway": null, "public_transport": "platform", "highway": "bus_stop", "aeroway": null, "building": null, "operator": null, "network": null, "centroid_lat": 5.590827, "centroid_lon": -0.2326527 }, "geometry": { "type": "Point", "coordinates": [ -0.2326527, 5.590827 ] } },
{ "type": "Feature", "properties": { "osmid": 5064268100, "element": "node", "name": "Souvenir 2nd", "hub_type": "bus", "hub_scale": "stop", "amenity": null, "railway": null, "public_transport": "platform", "highway": "bus_stop", "aeroway": null, "building": null, "operator": null, "network": null, "centroid_lat": 5.5938677, "centroid_lon": -0.2329906 }, "geometry": { "type": "Point", "coordinates": [ -0.2329906, 5.5938677 ] } },
{ "type": "Feature", "properties": { "osmid": 5064268101, "element": "node", "name": "Junction", "hub_type": "bus", "hub_scale": "stop", "amenity": null, "railway": null, "public_transport": "platform", "highway": "bus_stop", "aeroway": null, "building": null, "operator": null, "network": null, "centroid_lat": 5.5960832, "centroid_lon": -0.2333063 }, "geometry": { "type": "Point", "coordinates": [ -0.2333063, 5.5960832 ] } },
{ "type": "Feature", "properties": { "osmid": 5064359908, "element": "node", "name": "School Juction", "hub_type": "bus", "hub_scale": "stop", "amenity": null, "railway": null, "public_transport": "platform", "highway": "bus_stop", "aeroway": null, "building": null, "operator": null, "network": null, "centroid_lat": 5.5954117, "centroid_lon": -0.2331783 }, "geometry": { "type": "Point", "coordinates": [ -0.2331783, 5.5954117 ] } },
{ "type": "Feature", "properties": { "osmid": 5064359909, "element": "node", "name": "Washing Bay", "hub_type": "bus", "hub_scale": "stop", "amenity": null, "railway": null, "public_transport": "platform", "highway": "bus_stop", "aeroway": null, "building": null, "operator": null, "network": null, "centroid_lat": 5.5941969, "centroid_lon": -0.2328893 }, "geometry": { "type": "Point", "coordinates": [ -0.2328893, 5.5941969 ] } },
{ "type": "Feature", "properties": { "osmid": 5064359910, "element": "node", "name": "Blue Kiosk", "hub_type": "bus", "hub_scale": "stop", "amenity": null, "railway": null, "public_transport": "platform", "highway": "bus_stop", "aeroway": null, "building": null, "operator": null, "network": null, "centroid_lat": 5.5933778, "centroid_lon": -0.2333101 }, "geometry": { "type": "Point", "coordinates": [ -0.2333101, 5.5933778 ] } },
{ "type": "Feature", "properties": { "osmid": 5064359911, "element": "node", "name": "First Junction", "hub_type": "bus", "hub_scale": "stop", "amenity": null, "railway": null, "public_transport": "platform", "highway": "bus_stop", "aeroway": null, "building": null, "operator": null, "network": null, "centroid_lat": 5.5922367, "centroid_lon": -0.2333366 }, "geometry": { "type": "Point", "coordinates": [ -0.2333366, 5.5922367 ] } },
{ "type": "Feature", "properties": { "osmid": 5064359912, "element": "node", "name": "Drug Store", "hub_type": "bus", "hub_scale": "stop", "amenity": null, "railway": null, "public_transport": "platform", "highway": "bus_stop", "aeroway": null, "building": null, "operator": null, "network": null, "centroid_lat": 5.5907127, "centroid_lon": -0.232533 }, "geometry": { "type": "Point", "coordinates": [ -0.232533, 5.5907127 ] } },
{ "type": "Feature", "properties": { "osmid": 5064359913, "element": "node", "name": "Picadilly", "hub_type": "bus", "hub_scale": "stop", "amenity": null, "railway": null, "public_transport": "platform", "highway": "bus_stop", "aeroway": null, "building": null, "operator": null, "network": null, "centroid_lat": 5.578111, "centroid_lon": -0.2276574 }, "geometry": { "type": "Point", "coordinates": [ -0.2276574, 5.578111 ] } },
{ "type": "Feature", "properties": { "osmid": 5064359914, "element": "node", "name": "Mantse 2nd gate", "hub_type": "bus", "hub_scale": "stop", "amenity": null, "railway": null, "public_transport": "platform", "highway": "bus_stop", "aeroway": null, "building": null, "operator": null, "network": null, "centroid_lat": 5.5762902, "centroid_lon": -0.2283981 }, "geometry": { "type": "Point", "coordinates": [ -0.2283981, 5.5762902 ] } },
{ "type": "Feature", "properties": { "osmid": 5064359915, "element": "node", "name": "Mantse 1st gate", "hub_type": "bus", "hub_scale": "stop", "amenity": null, "railway": null, "public_transport": "platform", "highway": "bus_stop", "aeroway": null, "building": null, "operator": null, "network": null, "centroid_lat": 5.5756283, "centroid_lon": -0.2291134 }, "geometry": { "type": "Point", "coordinates": [ -0.2291134, 5.5756283 ] } },
{ "type": "Feature", "properties": { "osmid": 5064359916, "element": "node", "name": "Big Boss", "hub_type": "bus", "hub_scale": "stop", "amenity": null, "railway": null, "public_transport": "platform", "highway": "bus_stop", "aeroway": null, "building": null, "operator": null, "network": null, "centroid_lat": 5.5708751, "centroid_lon": -0.2323619 }, "geometry": { "type": "Point", "coordinates": [ -0.2323619, 5.5708751 ] } },
{ "type": "Feature", "properties": { "osmid": 5064359917, "element": "node", "name": "Welfare", "hub_type": "bus", "hub_scale": "stop", "amenity": null, "railway": null, "public_transport": "platform", "highway": "bus_stop", "aeroway": null, "building": null, "operator": null, "network": null, "centroid_lat": 5.5690745, "centroid_lon": -0.2341115 }, "geometry": { "type": "Point", "coordinates": [ -0.2341115, 5.5690745 ] } },
{ "type": "Feature", "properties": { "osmid": 5064405319, "element": "node", "name": "Agbogbloshie", "hub_type": "bus", "hub_scale": "stop", "amenity": null, "railway": null, "public_transport": "platform", "highway": "bus_stop", "aeroway": null, "building": null, "operator": null, "network": null, "centroid_lat": 5.5552916, "centroid_lon": -0.2261222 }, "geometry": { "type": "Point", "coordinates": [ -0.2261222, 5.5552916 ] } },
{ "type": "Feature", "properties": { "osmid": 5064405320, "element": "node", "name": "Ghana commercial bank", "hub_type": "bus", "hub_scale": "stop", "amenity": null, "railway": null, "public_transport": "platform", "highway": "bus_stop", "aeroway": null, "building": null, "operator": null, "network": null, "centroid_lat": 5.5762195, "centroid_lon": -0.2231662 }, "geometry": { "type": "Point", "coordinates": [ -0.2231662, 5.5762195 ] } },
{ "type": "Feature", "properties": { "osmid": 5064519465, "element": "node", "name": "Mama Lizzy", "hub_type": "bus", "hub_scale": "stop", "amenity": null, "railway": null, "public_transport": "platform", "highway": "bus_stop", "aeroway": null, "building": null, "operator": null, "network": null, "centroid_lat": 5.5850717, "centroid_lon": -0.2318464 }, "geometry": { "type": "Point", "coordinates": [ -0.2318464, 5.5850717 ] } },
{ "type": "Feature", "properties": { "osmid": 5064519466, "element": "node", "name": "Prince of peace", "hub_type": "bus", "hub_scale": "stop", "amenity": null, "railway": null, "public_transport": "platform", "highway": "bus_stop", "aeroway": null, "building": null, "operator": null, "network": null, "centroid_lat": 5.5795709, "centroid_lon": -0.2317989 }, "geometry": { "type": "Point", "coordinates": [ -0.2317989, 5.5795709 ] } },
{ "type": "Feature", "properties": { "osmid": 5064519467, "element": "node", "name": "Nkrumah Flat", "hub_type": "bus", "hub_scale": "stop", "amenity": null, "railway": null, "public_transport": "platform", "highway": "bus_stop", "aeroway": null, "building": null, "operator": null, "network": null, "centroid_lat": 5.5739285, "centroid_lon": -0.2319218 }, "geometry": { "type": "Point", "coordinates": [ -0.2319218, 5.5739285 ] } },
{ "type": "Feature", "properties": { "osmid": 5064519468, "element": "node", "name": "Abossey Okai", "hub_type": "bus", "hub_scale": "stop", "amenity": null, "railway": null, "public_transport": "platform", "highway": "bus_stop", "aeroway": null, "building": null, "operator": null, "network": null, "centroid_lat": 5.559443, "centroid_lon": -0.230272 }, "geometry": { "type": "Point", "coordinates": [ -0.230272, 5.559443 ] } },
{ "type": "Feature", "properties": { "osmid": 5064519469, "element": "node", "name": "Agbogbloshie", "hub_type": "bus", "hub_scale": "stop", "amenity": null, "railway": null, "public_transport": "platform", "highway": "bus_stop", "aeroway": null, "building": null, "operator": null, "network": null, "centroid_lat": 5.5516948, "centroid_lon": -0.2198427 }, "geometry": { "type": "Point", "coordinates": [ -0.2198427, 5.5516948 ] } },
{ "type": "Feature", "properties": { "osmid": 5064890131, "element": "node", "name": "Manet", "hub_type": "bus", "hub_scale": "stop", "amenity": null, "railway": null, "public_transport": "platform", "highway": "bus_stop", "aeroway": null, "building": null, "operator": null, "network": null, "centroid_lat": 5.6409092, "centroid_lon": -0.1281196 }, "geometry": { "type": "Point", "coordinates": [ -0.1281196, 5.6409092 ] } },
{ "type": "Feature", "properties": { "osmid": 5064890132, "element": "node", "name": "Action Chapel", "hub_type": "bus", "hub_scale": "stop", "amenity": null, "railway": null, "public_transport": "platform", "highway": "bus_stop", "aeroway": null, "building": null, "operator": null, "network": null, "centroid_lat": 5.6263623, "centroid_lon": -0.1657708 }, "geometry": { "type": "Point", "coordinates": [ -0.1657708, 5.6263623 ] } },
{ "type": "Feature", "properties": { "osmid": 5064916988, "element": "node", "name": "Airport Junction", "hub_type": "bus", "hub_scale": "stop", "amenity": null, "railway": null, "public_transport": "platform", "highway": "bus_stop", "aeroway": null, "building": null, "operator": null, "network": null, "centroid_lat": 5.6226115, "centroid_lon": -0.1782719 }, "geometry": { "type": "Point", "coordinates": [ -0.1782719, 5.6226115 ] } },
{ "type": "Feature", "properties": { "osmid": 5064916989, "element": "node", "name": "Action Chapel", "hub_type": "bus", "hub_scale": "stop", "amenity": null, "railway": null, "public_transport": "platform", "highway": "bus_stop", "aeroway": null, "building": null, "operator": null, "network": null, "centroid_lat": 5.6267821, "centroid_lon": -0.1655281 }, "geometry": { "type": "Point", "coordinates": [ -0.1655281, 5.6267821 ] } },
{ "type": "Feature", "properties": { "osmid": 5064916990, "element": "node", "name": "Flower Pot", "hub_type": "bus", "hub_scale": "stop", "amenity": null, "railway": null, "public_transport": "platform", "highway": "bus_stop", "aeroway": null, "building": null, "operator": null, "network": null, "centroid_lat": 5.6302277, "centroid_lon": -0.1548285 }, "geometry": { "type": "Point", "coordinates": [ -0.1548285, 5.6302277 ] } },
{ "type": "Feature", "properties": { "osmid": 5064916991, "element": "node", "name": "Ticket booth", "hub_type": "bus", "hub_scale": "stop", "amenity": null, "railway": null, "public_transport": "platform", "highway": "bus_stop", "aeroway": null, "building": null, "operator": null, "network": null, "centroid_lat": 5.6342154, "centroid_lon": -0.1455015 }, "geometry": { "type": "Point", "coordinates": [ -0.1455015, 5.6342154 ] } },
{ "type": "Feature", "properties": { "osmid": 5064974045, "element": "node", "name": "Bawaleshie Acheampong", "hub_type": "bus", "hub_scale": "stop", "amenity": null, "railway": null, "public_transport": "platform", "highway": "bus_stop", "aeroway": null, "building": null, "operator": null, "network": null, "centroid_lat": 5.6428153, "centroid_lon": -0.1600681 }, "geometry": { "type": "Point", "coordinates": [ -0.1600681, 5.6428153 ] } },
{ "type": "Feature", "properties": { "osmid": 5064974046, "element": "node", "name": "Yeboah", "hub_type": "bus", "hub_scale": "stop", "amenity": null, "railway": null, "public_transport": "platform", "highway": "bus_stop", "aeroway": null, "building": null, "operator": null, "network": null, "centroid_lat": 5.6362494, "centroid_lon": -0.1717732 }, "geometry": { "type": "Point", "coordinates": [ -0.1717732, 5.6362494 ] } },
{ "type": "Feature", "properties": { "osmid": 5064974047, "element": "node", "name": "Shiashie", "hub_type": "bus", "hub_scale": "stop", "amenity": null, "railway": null, "public_transport": "platform", "highway": "bus_stop", "aeroway": null, "building": null, "operator": null, "network": null, "centroid_lat": 5.6274853, "centroid_lon": -0.1758338 }, "geometry": { "type": "Point", "coordinates": [ -0.1758338, 5.6274853 ] } },
{ "type": "Feature", "properties": { "osmid": 5064974048, "element": "node", "name": "Achimota Forest", "hub_type": "bus", "hub_scale": "stop", "amenity": null, "railway": null, "public_transport": "platform", "highway": "bus_stop", "aeroway": null, "building": null, "operator": null, "network": null, "centroid_lat": 5.6207628, "centroid_lon": -0.2185736 }, "geometry": { "type": "Point", "coordinates": [ -0.2185736, 5.6207628 ] } },
{ "type": "Feature", "properties": { "osmid": 5064991458, "element": "node", "name": "GSL", "hub_type": "bus", "hub_scale": "stop", "amenity": null, "railway": null, "public_transport": "platform", "highway": "bus_stop", "aeroway": null, "building": null, "operator": null, "network": null, "centroid_lat": 5.6170769, "centroid_lon": -0.1992497 }, "geometry": { "type": "Point", "coordinates": [ -0.1992497, 5.6170769 ] } },
{ "type": "Feature", "properties": { "osmid": 5064991459, "element": "node", "name": "Bawaleshie Traffic Light", "hub_type": "bus", "hub_scale": "stop", "amenity": null, "railway": null, "public_transport": "platform", "highway": "bus_stop", "aeroway": null, "building": null, "operator": null, "network": null, "centroid_lat": 5.6412506, "centroid_lon": -0.1697202 }, "geometry": { "type": "Point", "coordinates": [ -0.1697202, 5.6412506 ] } },
{ "type": "Feature", "properties": { "osmid": 5064991460, "element": "node", "name": "Bawaleshie First", "hub_type": "bus", "hub_scale": "stop", "amenity": null, "railway": null, "public_transport": "platform", "highway": "bus_stop", "aeroway": null, "building": null, "operator": null, "network": null, "centroid_lat": 5.6421651, "centroid_lon": -0.1648465 }, "geometry": { "type": "Point", "coordinates": [ -0.1648465, 5.6421651 ] } },
{ "type": "Feature", "properties": { "osmid": 5078026280, "element": "node", "name": "Tudu Main Station", "hub_type": "bus", "hub_scale": "interchange", "amenity": "bus_station", "railway": null, "public_transport": "station", "highway": null, "aeroway": null, "building": null, "operator": null, "network": null, "centroid_lat": 5.5498266, "centroid_lon": -0.2069525 }, "geometry": { "type": "Point", "coordinates": [ -0.2069525, 5.5498266 ] } },
{ "type": "Feature", "properties": { "osmid": 5079127710, "element": "node", "name": "Akweteyman Zongo (Last Stop)", "hub_type": "bus", "hub_scale": "stop", "amenity": null, "railway": null, "public_transport": "platform", "highway": "bus_stop", "aeroway": null, "building": null, "operator": null, "network": null, "centroid_lat": 5.6143591, "centroid_lon": -0.2402385 }, "geometry": { "type": "Point", "coordinates": [ -0.2402385, 5.6143591 ] } },
{ "type": "Feature", "properties": { "osmid": 5079127711, "element": "node", "name": "Akweteyman Zongo", "hub_type": "bus", "hub_scale": "stop", "amenity": null, "railway": null, "public_transport": "platform", "highway": "bus_stop", "aeroway": null, "building": null, "operator": null, "network": null, "centroid_lat": 5.6157852, "centroid_lon": -0.2374455 }, "geometry": { "type": "Point", "coordinates": [ -0.2374455, 5.6157852 ] } },
{ "type": "Feature", "properties": { "osmid": 5079127712, "element": "node", "name": "Adwenpa", "hub_type": "bus", "hub_scale": "stop", "amenity": null, "railway": null, "public_transport": "platform", "highway": "bus_stop", "aeroway": null, "building": null, "operator": null, "network": null, "centroid_lat": 5.6149544, "centroid_lon": -0.2349652 }, "geometry": { "type": "Point", "coordinates": [ -0.2349652, 5.6149544 ] } },
{ "type": "Feature", "properties": { "osmid": 5079127713, "element": "node", "name": "Kopevi", "hub_type": "bus", "hub_scale": "stop", "amenity": null, "railway": null, "public_transport": "platform", "highway": "bus_stop", "aeroway": null, "building": null, "operator": null, "network": null, "centroid_lat": 5.6145674, "centroid_lon": -0.2335977 }, "geometry": { "type": "Point", "coordinates": [ -0.2335977, 5.6145674 ] } },
{ "type": "Feature", "properties": { "osmid": 5079240134, "element": "node", "name": "Kingsby Taxi Rank", "hub_type": "bus", "hub_scale": "stop", "amenity": null, "railway": null, "public_transport": "platform", "highway": "bus_stop", "aeroway": null, "building": null, "operator": null, "network": null, "centroid_lat": 5.6197884, "centroid_lon": -0.2324604 }, "geometry": { "type": "Point", "coordinates": [ -0.2324604, 5.6197884 ] } },
{ "type": "Feature", "properties": { "osmid": 5079240135, "element": "node", "name": "Achimota Market", "hub_type": "bus", "hub_scale": "stop", "amenity": null, "railway": null, "public_transport": "platform", "highway": "bus_stop", "aeroway": null, "building": null, "operator": null, "network": null, "centroid_lat": 5.6194352, "centroid_lon": -0.2320343 }, "geometry": { "type": "Point", "coordinates": [ -0.2320343, 5.6194352 ] } },
{ "type": "Feature", "properties": { "osmid": 5079240136, "element": "node", "name": "Cemetry Junction", "hub_type": "bus", "hub_scale": "stop", "amenity": null, "railway": null, "public_transport": "platform", "highway": "bus_stop", "aeroway": null, "building": null, "operator": null, "network": null, "centroid_lat": 5.617391, "centroid_lon": -0.2337256 }, "geometry": { "type": "Point", "coordinates": [ -0.2337256, 5.617391 ] } },
{ "type": "Feature", "properties": { "osmid": 5079240137, "element": "node", "name": "Living God Junction", "hub_type": "bus", "hub_scale": "stop", "amenity": null, "railway": null, "public_transport": "platform", "highway": "bus_stop", "aeroway": null, "building": null, "operator": null, "network": null, "centroid_lat": 5.6159897, "centroid_lon": -0.2362465 }, "geometry": { "type": "Point", "coordinates": [ -0.2362465, 5.6159897 ] } },
{ "type": "Feature", "properties": { "osmid": 5079240138, "element": "node", "name": "Akweteyman Zongo", "hub_type": "bus", "hub_scale": "stop", "amenity": null, "railway": null, "public_transport": "platform", "highway": "bus_stop", "aeroway": null, "building": null, "operator": null, "network": null, "centroid_lat": 5.6157368, "centroid_lon": -0.2375182 }, "geometry": { "type": "Point", "coordinates": [ -0.2375182, 5.6157368 ] } },
{ "type": "Feature", "properties": { "osmid": 5079240139, "element": "node", "name": "Akweteyman Zongo (Last Stop)", "hub_type": "bus", "hub_scale": "stop", "amenity": null, "railway": null, "public_transport": "platform", "highway": "bus_stop", "aeroway": null, "building": null, "operator": null, "network": null, "centroid_lat": 5.614324, "centroid_lon": -0.2401782 }, "geometry": { "type": "Point", "coordinates": [ -0.2401782, 5.614324 ] } },
{ "type": "Feature", "properties": { "osmid": 5079513343, "element": "node", "name": "Accra High School", "hub_type": "bus", "hub_scale": "stop", "amenity": null, "railway": null, "public_transport": "platform", "highway": "bus_stop", "aeroway": null, "building": null, "operator": null, "network": null, "centroid_lat": 5.5688527, "centroid_lon": -0.2009011 }, "geometry": { "type": "Point", "coordinates": [ -0.2009011, 5.5688527 ] } },
{ "type": "Feature", "properties": { "osmid": 5079513344, "element": "node", "name": "Overhead", "hub_type": "bus", "hub_scale": "stop", "amenity": null, "railway": null, "public_transport": "platform", "highway": "bus_stop", "aeroway": null, "building": null, "operator": null, "network": null, "centroid_lat": 5.5771783, "centroid_lon": -0.1970395 }, "geometry": { "type": "Point", "coordinates": [ -0.1970395, 5.5771783 ] } },
{ "type": "Feature", "properties": { "osmid": 5079513345, "element": "node", "name": "Nima Junction", "hub_type": "bus", "hub_scale": "stop", "amenity": null, "railway": null, "public_transport": "platform", "highway": "bus_stop", "aeroway": null, "building": null, "operator": null, "network": null, "centroid_lat": 5.581985, "centroid_lon": -0.1948065 }, "geometry": { "type": "Point", "coordinates": [ -0.1948065, 5.581985 ] } },
{ "type": "Feature", "properties": { "osmid": 5079513346, "element": "node", "name": "Kanda Masalaachi", "hub_type": "bus", "hub_scale": "stop", "amenity": null, "railway": null, "public_transport": "platform", "highway": "bus_stop", "aeroway": null, "building": null, "operator": null, "network": null, "centroid_lat": 5.5867284, "centroid_lon": -0.1927163 }, "geometry": { "type": "Point", "coordinates": [ -0.1927163, 5.5867284 ] } },
{ "type": "Feature", "properties": { "osmid": 5079513347, "element": "node", "name": "Kaukudi", "hub_type": "bus", "hub_scale": "stop", "amenity": null, "railway": null, "public_transport": "platform", "highway": "bus_stop", "aeroway": null, "building": null, "operator": null, "network": null, "centroid_lat": 5.5940469, "centroid_lon": -0.1894888 }, "geometry": { "type": "Point", "coordinates": [ -0.1894888, 5.5940469 ] } },
{ "type": "Feature", "properties": { "osmid": 5079586572, "element": "node", "name": "Curve", "hub_type": "bus", "hub_scale": "stop", "amenity": null, "railway": null, "public_transport": "platform", "highway": "bus_stop", "aeroway": null, "building": null, "operator": null, "network": null, "centroid_lat": 5.6196832, "centroid_lon": -0.2258668 }, "geometry": { "type": "Point", "coordinates": [ -0.2258668, 5.6196832 ] } },
{ "type": "Feature", "properties": { "osmid": 5079586573, "element": "node", "name": "Vulcanizer", "hub_type": "bus", "hub_scale": "stop", "amenity": null, "railway": null, "public_transport": "platform", "highway": "bus_stop", "aeroway": null, "building": null, "operator": null, "network": null, "centroid_lat": 5.6196274, "centroid_lon": -0.2250184 }, "geometry": { "type": "Point", "coordinates": [ -0.2250184, 5.6196274 ] } },
{ "type": "Feature", "properties": { "osmid": 5079586574, "element": "node", "name": "Pig Farm Junction", "hub_type": "bus", "hub_scale": "stop", "amenity": null, "railway": null, "public_transport": "platform", "highway": "bus_stop", "aeroway": null, "building": null, "operator": null, "network": null, "centroid_lat": 5.601231, "centroid_lon": -0.1975412 }, "geometry": { "type": "Point", "coordinates": [ -0.1975412, 5.601231 ] } },
{ "type": "Feature", "properties": { "osmid": 5079586575, "element": "node", "name": "Kaukudi", "hub_type": "bus", "hub_scale": "stop", "amenity": null, "railway": null, "public_transport": "platform", "highway": "bus_stop", "aeroway": null, "building": null, "operator": null, "network": null, "centroid_lat": 5.5931947, "centroid_lon": -0.1894146 }, "geometry": { "type": "Point", "coordinates": [ -0.1894146, 5.5931947 ] } },
{ "type": "Feature", "properties": { "osmid": 5079586576, "element": "node", "name": "Library", "hub_type": "bus", "hub_scale": "stop", "amenity": null, "railway": null, "public_transport": "platform", "highway": "bus_stop", "aeroway": null, "building": null, "operator": null, "network": null, "centroid_lat": 5.5885563, "centroid_lon": -0.1918205 }, "geometry": { "type": "Point", "coordinates": [ -0.1918205, 5.5885563 ] } },
{ "type": "Feature", "properties": { "osmid": 5079586577, "element": "node", "name": "441", "hub_type": "bus", "hub_scale": "stop", "amenity": null, "railway": null, "public_transport": "platform", "highway": "bus_stop", "aeroway": null, "building": null, "operator": null, "network": null, "centroid_lat": 5.5868755, "centroid_lon": -0.1924785 }, "geometry": { "type": "Point", "coordinates": [ -0.1924785, 5.5868755 ] } },
{ "type": "Feature", "properties": { "osmid": 5079586578, "element": "node", "name": "Nima Junction", "hub_type": "bus", "hub_scale": "stop", "amenity": null, "railway": null, "public_transport": "platform", "highway": "bus_stop", "aeroway": null, "building": null, "operator": null, "network": null, "centroid_lat": 5.5826114, "centroid_lon": -0.1943796 }, "geometry": { "type": "Point", "coordinates": [ -0.1943796, 5.5826114 ] } },
{ "type": "Feature", "properties": { "osmid": 5079586579, "element": "node", "name": "Sunny FM", "hub_type": "bus", "hub_scale": "stop", "amenity": null, "railway": null, "public_transport": "platform", "highway": "bus_stop", "aeroway": null, "building": null, "operator": null, "network": null, "centroid_lat": 5.5709431, "centroid_lon": -0.199547 }, "geometry": { "type": "Point", "coordinates": [ -0.199547, 5.5709431 ] } },
{ "type": "Feature", "properties": { "osmid": 5079630603, "element": "node", "name": "La-Palm Hotel", "hub_type": "bus", "hub_scale": "stop", "amenity": null, "railway": null, "public_transport": "platform", "highway": "bus_stop", "aeroway": null, "building": null, "operator": null, "network": null, "centroid_lat": 5.5633178, "centroid_lon": -0.1431045 }, "geometry": { "type": "Point", "coordinates": [ -0.1431045, 5.5633178 ] } },
{ "type": "Feature", "properties": { "osmid": 5079630604, "element": "node", "name": "Green Court", "hub_type": "bus", "hub_scale": "stop", "amenity": null, "railway": null, "public_transport": "platform", "highway": "bus_stop", "aeroway": null, "building": null, "operator": null, "network": null, "centroid_lat": 5.5655701, "centroid_lon": -0.1448749 }, "geometry": { "type": "Point", "coordinates": [ -0.1448749, 5.5655701 ] } },
{ "type": "Feature", "properties": { "osmid": 5079630605, "element": "node", "name": "Soul Clinic", "hub_type": "bus", "hub_scale": "stop", "amenity": null, "railway": null, "public_transport": "platform", "highway": "bus_stop", "aeroway": null, "building": null, "operator": null, "network": null, "centroid_lat": 5.5817652, "centroid_lon": -0.1591396 }, "geometry": { "type": "Point", "coordinates": [ -0.1591396, 5.5817652 ] } },
{ "type": "Feature", "properties": { "osmid": 5079630606, "element": "node", "name": "Congo Junction", "hub_type": "bus", "hub_scale": "stop", "amenity": null, "railway": null, "public_transport": "platform", "highway": "bus_stop", "aeroway": null, "building": null, "operator": null, "network": null, "centroid_lat": 5.587343, "centroid_lon": -0.1619152 }, "geometry": { "type": "Point", "coordinates": [ -0.1619152, 5.587343 ] } },
{ "type": "Feature", "properties": { "osmid": 5079677921, "element": "node", "name": "El-Wak", "hub_type": "bus", "hub_scale": "stop", "amenity": null, "railway": null, "public_transport": "platform", "highway": "bus_stop", "aeroway": null, "building": null, "operator": null, "network": null, "centroid_lat": 5.5870842, "centroid_lon": -0.1720888 }, "geometry": { "type": "Point", "coordinates": [ -0.1720888, 5.5870842 ] } },
{ "type": "Feature", "properties": { "osmid": 5079677922, "element": "node", "name": "Soul Clinic", "hub_type": "bus", "hub_scale": "stop", "amenity": null, "railway": null, "public_transport": "platform", "highway": "bus_stop", "aeroway": null, "building": null, "operator": null, "network": null, "centroid_lat": 5.582496, "centroid_lon": -0.1592614 }, "geometry": { "type": "Point", "coordinates": [ -0.1592614, 5.582496 ] } },
{ "type": "Feature", "properties": { "osmid": 5079677923, "element": "node", "name": "Trade Fair", "hub_type": "bus", "hub_scale": "stop", "amenity": null, "railway": null, "public_transport": "platform", "highway": "bus_stop", "aeroway": null, "building": null, "operator": null, "network": null, "centroid_lat": 5.5694651, "centroid_lon": -0.1474018 }, "geometry": { "type": "Point", "coordinates": [ -0.1474018, 5.5694651 ] } },
{ "type": "Feature", "properties": { "osmid": 5079677924, "element": "node", "name": "T-Junction Curve", "hub_type": "bus", "hub_scale": "stop", "amenity": null, "railway": null, "public_transport": "platform", "highway": "bus_stop", "aeroway": null, "building": null, "operator": null, "network": null, "centroid_lat": 5.5641312, "centroid_lon": -0.1437218 }, "geometry": { "type": "Point", "coordinates": [ -0.1437218, 5.5641312 ] } },
{ "type": "Feature", "properties": { "osmid": 5079677925, "element": "node", "name": "Bank", "hub_type": "bus", "hub_scale": "stop", "amenity": null, "railway": null, "public_transport": "platform", "highway": "bus_stop", "aeroway": null, "building": null, "operator": null, "network": null, "centroid_lat": 5.6001649, "centroid_lon": -0.0803876 }, "geometry": { "type": "Point", "coordinates": [ -0.0803876, 5.6001649 ] } },
{ "type": "Feature", "properties": { "osmid": 5082543195, "element": "node", "name": "Kotobabi Police Station", "hub_type": "bus", "hub_scale": "stop", "amenity": null, "railway": null, "public_transport": "platform", "highway": "bus_stop", "aeroway": null, "building": null, "operator": null, "network": null, "centroid_lat": 5.5918437, "centroid_lon": -0.2046852 }, "geometry": { "type": "Point", "coordinates": [ -0.2046852, 5.5918437 ] } },
{ "type": "Feature", "properties": { "osmid": 5082543196, "element": "node", "name": "CJ School", "hub_type": "bus", "hub_scale": "stop", "amenity": null, "railway": null, "public_transport": "platform", "highway": "bus_stop", "aeroway": null, "building": null, "operator": null, "network": null, "centroid_lat": 5.5927096, "centroid_lon": -0.2056691 }, "geometry": { "type": "Point", "coordinates": [ -0.2056691, 5.5927096 ] } },
{ "type": "Feature", "properties": { "osmid": 5082543197, "element": "node", "name": "Prempeh", "hub_type": "bus", "hub_scale": "stop", "amenity": null, "railway": null, "public_transport": "platform", "highway": "bus_stop", "aeroway": null, "building": null, "operator": null, "network": null, "centroid_lat": 5.5937165, "centroid_lon": -0.2067663 }, "geometry": { "type": "Point", "coordinates": [ -0.2067663, 5.5937165 ] } },
{ "type": "Feature", "properties": { "osmid": 5082543198, "element": "node", "name": "Kotobabi Night Market", "hub_type": "bus", "hub_scale": "stop", "amenity": null, "railway": null, "public_transport": "platform", "highway": "bus_stop", "aeroway": null, "building": null, "operator": null, "network": null, "centroid_lat": 5.5946942, "centroid_lon": -0.2076808 }, "geometry": { "type": "Point", "coordinates": [ -0.2076808, 5.5946942 ] } },
{ "type": "Feature", "properties": { "osmid": 5082543199, "element": "node", "name": "Modest", "hub_type": "bus", "hub_scale": "stop", "amenity": null, "railway": null, "public_transport": "platform", "highway": "bus_stop", "aeroway": null, "building": null, "operator": null, "network": null, "centroid_lat": 5.5962339, "centroid_lon": -0.2097218 }, "geometry": { "type": "Point", "coordinates": [ -0.2097218, 5.5962339 ] } },
{ "type": "Feature", "properties": { "osmid": 5082543200, "element": "node", "name": "Polo Junction", "hub_type": "bus", "hub_scale": "stop", "amenity": null, "railway": null, "public_transport": "platform", "highway": "bus_stop", "aeroway": null, "building": null, "operator": null, "network": null, "centroid_lat": 5.598347, "centroid_lon": -0.212226 }, "geometry": { "type": "Point", "coordinates": [ -0.212226, 5.598347 ] } },
{ "type": "Feature", "properties": { "osmid": 5082543201, "element": "node", "name": "Alajo Blue Kiosk", "hub_type": "bus", "hub_scale": "stop", "amenity": null, "railway": null, "public_transport": "platform", "highway": "bus_stop", "aeroway": null, "building": null, "operator": null, "network": null, "centroid_lat": 5.5984993, "centroid_lon": -0.2145178 }, "geometry": { "type": "Point", "coordinates": [ -0.2145178, 5.5984993 ] } },
{ "type": "Feature", "properties": { "osmid": 5082543202, "element": "node", "name": "Sarbah Junction", "hub_type": "bus", "hub_scale": "stop", "amenity": null, "railway": null, "public_transport": "platform", "highway": "bus_stop", "aeroway": null, "building": null, "operator": null, "network": null, "centroid_lat": 5.5952385, "centroid_lon": -0.2167767 }, "geometry": { "type": "Point", "coordinates": [ -0.2167767, 5.5952385 ] } },
{ "type": "Feature", "properties": { "osmid": 5082543203, "element": "node", "name": "Alajo Junction", "hub_type": "bus", "hub_scale": "stop", "amenity": null, "railway": null, "public_transport": "platform", "highway": "bus_stop", "aeroway": null, "building": null, "operator": null, "network": null, "centroid_lat": 5.5905534, "centroid_lon": -0.218066 }, "geometry": { "type": "Point", "coordinates": [ -0.218066, 5.5905534 ] } },
{ "type": "Feature", "properties": { "osmid": 5082556330, "element": "node", "name": "Kotobabi Police Station", "hub_type": "bus", "hub_scale": "stop", "amenity": null, "railway": null, "public_transport": "platform", "highway": "bus_stop", "aeroway": null, "building": null, "operator": null, "network": null, "centroid_lat": 5.5920054, "centroid_lon": -0.2047826 }, "geometry": { "type": "Point", "coordinates": [ -0.2047826, 5.5920054 ] } },
{ "type": "Feature", "properties": { "osmid": 5082556331, "element": "node", "name": "Merciful Hotel", "hub_type": "bus", "hub_scale": "stop", "amenity": null, "railway": null, "public_transport": "platform", "highway": "bus_stop", "aeroway": null, "building": null, "operator": null, "network": null, "centroid_lat": 5.5985535, "centroid_lon": -0.2135911 }, "geometry": { "type": "Point", "coordinates": [ -0.2135911, 5.5985535 ] } },
{ "type": "Feature", "properties": { "osmid": 5082556332, "element": "node", "name": "Polo Junction", "hub_type": "bus", "hub_scale": "stop", "amenity": null, "railway": null, "public_transport": "platform", "highway": "bus_stop", "aeroway": null, "building": null, "operator": null, "network": null, "centroid_lat": 5.5984629, "centroid_lon": -0.2123745 }, "geometry": { "type": "Point", "coordinates": [ -0.2123745, 5.5984629 ] } },
{ "type": "Feature", "properties": { "osmid": 5082556333, "element": "node", "name": "Modest", "hub_type": "bus", "hub_scale": "stop", "amenity": null, "railway": null, "public_transport": "platform", "highway": "bus_stop", "aeroway": null, "building": null, "operator": null, "network": null, "centroid_lat": 5.5963532, "centroid_lon": -0.2097089 }, "geometry": { "type": "Point", "coordinates": [ -0.2097089, 5.5963532 ] } },
{ "type": "Feature", "properties": { "osmid": 5082556334, "element": "node", "name": "Social", "hub_type": "bus", "hub_scale": "stop", "amenity": null, "railway": null, "public_transport": "platform", "highway": "bus_stop", "aeroway": null, "building": null, "operator": null, "network": null, "centroid_lat": 5.5951637, "centroid_lon": -0.2082218 }, "geometry": { "type": "Point", "coordinates": [ -0.2082218, 5.5951637 ] } },
{ "type": "Feature", "properties": { "osmid": 5082613245, "element": "node", "name": "Arena", "hub_type": "bus", "hub_scale": "stop", "amenity": null, "railway": null, "public_transport": "platform", "highway": "bus_stop", "aeroway": null, "building": null, "operator": null, "network": null, "centroid_lat": 5.5457735, "centroid_lon": -0.215753 }, "geometry": { "type": "Point", "coordinates": [ -0.215753, 5.5457735 ] } },
{ "type": "Feature", "properties": { "osmid": 5082619899, "element": "node", "name": "Market", "hub_type": "bus", "hub_scale": "stop", "amenity": null, "railway": null, "public_transport": "platform", "highway": "bus_stop", "aeroway": null, "building": null, "operator": null, "network": null, "centroid_lat": 5.5512025, "centroid_lon": -0.2216032 }, "geometry": { "type": "Point", "coordinates": [ -0.2216032, 5.5512025 ] } },
{ "type": "Feature", "properties": { "osmid": 5082619900, "element": "node", "name": "Sikkens", "hub_type": "bus", "hub_scale": "stop", "amenity": null, "railway": null, "public_transport": "platform", "highway": "bus_stop", "aeroway": null, "building": null, "operator": null, "network": null, "centroid_lat": 5.552669, "centroid_lon": -0.2232387 }, "geometry": { "type": "Point", "coordinates": [ -0.2232387, 5.552669 ] } },
{ "type": "Feature", "properties": { "osmid": 5082971645, "element": "node", "name": "Palledium", "hub_type": "bus", "hub_scale": "stop", "amenity": null, "railway": null, "public_transport": "platform", "highway": "bus_stop", "aeroway": null, "building": null, "operator": null, "network": null, "centroid_lat": 5.5420116, "centroid_lon": -0.2156498 }, "geometry": { "type": "Point", "coordinates": [ -0.2156498, 5.5420116 ] } },
{ "type": "Feature", "properties": { "osmid": 5082993455, "element": "node", "name": "Galloway", "hub_type": "bus", "hub_scale": "stop", "amenity": null, "railway": null, "public_transport": "platform", "highway": "bus_stop", "aeroway": null, "building": null, "operator": null, "network": null, "centroid_lat": 5.5480245, "centroid_lon": -0.218063 }, "geometry": { "type": "Point", "coordinates": [ -0.218063, 5.5480245 ] } },
{ "type": "Feature", "properties": { "osmid": 5082993456, "element": "node", "name": "Sabolai", "hub_type": "bus", "hub_scale": "stop", "amenity": null, "railway": null, "public_transport": "platform", "highway": "bus_stop", "aeroway": null, "building": null, "operator": null, "network": null, "centroid_lat": 5.5550324, "centroid_lon": -0.2253995 }, "geometry": { "type": "Point", "coordinates": [ -0.2253995, 5.5550324 ] } },
{ "type": "Feature", "properties": { "osmid": 5082993457, "element": "node", "name": "Abossey Okai junction", "hub_type": "bus", "hub_scale": "stop", "amenity": null, "railway": null, "public_transport": "platform", "highway": "bus_stop", "aeroway": null, "building": null, "operator": null, "network": null, "centroid_lat": 5.5559064, "centroid_lon": -0.2336468 }, "geometry": { "type": "Point", "coordinates": [ -0.2336468, 5.5559064 ] } },
{ "type": "Feature", "properties": { "osmid": 5082993458, "element": "node", "name": "Great Lamptey", "hub_type": "bus", "hub_scale": "stop", "amenity": null, "railway": null, "public_transport": "platform", "highway": "bus_stop", "aeroway": null, "building": null, "operator": null, "network": null, "centroid_lat": 5.5567354, "centroid_lon": -0.2373808 }, "geometry": { "type": "Point", "coordinates": [ -0.2373808, 5.5567354 ] } },
{ "type": "Feature", "properties": { "osmid": 5082993459, "element": "node", "name": "Zongo Junction", "hub_type": "bus", "hub_scale": "stop", "amenity": null, "railway": null, "public_transport": "platform", "highway": "bus_stop", "aeroway": null, "building": null, "operator": null, "network": null, "centroid_lat": 5.5574766, "centroid_lon": -0.2405444 }, "geometry": { "type": "Point", "coordinates": [ -0.2405444, 5.5574766 ] } },
{ "type": "Feature", "properties": { "osmid": 5082993460, "element": "node", "name": "Block Factory junction", "hub_type": "bus", "hub_scale": "stop", "amenity": null, "railway": null, "public_transport": "platform", "highway": "bus_stop", "aeroway": null, "building": null, "operator": null, "network": null, "centroid_lat": 5.5581545, "centroid_lon": -0.2435292 }, "geometry": { "type": "Point", "coordinates": [ -0.2435292, 5.5581545 ] } },
{ "type": "Feature", "properties": { "osmid": 5082993461, "element": "node", "name": "Seven Great Junction", "hub_type": "bus", "hub_scale": "stop", "amenity": null, "railway": null, "public_transport": "platform", "highway": "bus_stop", "aeroway": null, "building": null, "operator": null, "network": null, "centroid_lat": 5.5583181, "centroid_lon": -0.2444151 }, "geometry": { "type": "Point", "coordinates": [ -0.2444151, 5.5583181 ] } },
{ "type": "Feature", "properties": { "osmid": 5083057445, "element": "node", "name": "Shell", "hub_type": "bus", "hub_scale": "stop", "amenity": null, "railway": null, "public_transport": "platform", "highway": "bus_stop", "aeroway": null, "building": null, "operator": null, "network": null, "centroid_lat": 5.5580165, "centroid_lon": -0.1822972 }, "geometry": { "type": "Point", "coordinates": [ -0.1822972, 5.5580165 ] } },
{ "type": "Feature", "properties": { "osmid": 5083057446, "element": "node", "name": "Tema station", "hub_type": "bus", "hub_scale": "stop", "amenity": null, "railway": null, "public_transport": "platform", "highway": "bus_stop", "aeroway": null, "building": null, "operator": null, "network": null, "centroid_lat": 5.5480827, "centroid_lon": -0.2015402 }, "geometry": { "type": "Point", "coordinates": [ -0.2015402, 5.5480827 ] } },
{ "type": "Feature", "properties": { "osmid": 5083117565, "element": "node", "name": "Osu Salem", "hub_type": "bus", "hub_scale": "stop", "amenity": null, "railway": null, "public_transport": "platform", "highway": "bus_stop", "aeroway": null, "building": null, "operator": null, "network": null, "centroid_lat": 5.5543082, "centroid_lon": -0.1836159 }, "geometry": { "type": "Point", "coordinates": [ -0.1836159, 5.5543082 ] } },
{ "type": "Feature", "properties": { "osmid": 5083164018, "element": "node", "name": "Mamprobi Police Station", "hub_type": "bus", "hub_scale": "stop", "amenity": null, "railway": null, "public_transport": "platform", "highway": "bus_stop", "aeroway": null, "building": null, "operator": null, "network": null, "centroid_lat": 5.533956, "centroid_lon": -0.2397401 }, "geometry": { "type": "Point", "coordinates": [ -0.2397401, 5.533956 ] } },
{ "type": "Feature", "properties": { "osmid": 5083164019, "element": "node", "name": "Timber Market", "hub_type": "bus", "hub_scale": "stop", "amenity": null, "railway": null, "public_transport": "platform", "highway": "bus_stop", "aeroway": null, "building": null, "operator": null, "network": null, "centroid_lat": 5.5435678, "centroid_lon": -0.2162409 }, "geometry": { "type": "Point", "coordinates": [ -0.2162409, 5.5435678 ] } },
{ "type": "Feature", "properties": { "osmid": 5083198037, "element": "node", "name": "Galloway", "hub_type": "bus", "hub_scale": "stop", "amenity": null, "railway": null, "public_transport": "platform", "highway": "bus_stop", "aeroway": null, "building": null, "operator": null, "network": null, "centroid_lat": 5.5477778, "centroid_lon": -0.2177288 }, "geometry": { "type": "Point", "coordinates": [ -0.2177288, 5.5477778 ] } },
{ "type": "Feature", "properties": { "osmid": 5083251759, "element": "node", "name": "Asoredanho", "hub_type": "bus", "hub_scale": "stop", "amenity": null, "railway": null, "public_transport": "platform", "highway": "bus_stop", "aeroway": null, "building": null, "operator": null, "network": null, "centroid_lat": 5.5841501, "centroid_lon": -0.2380742 }, "geometry": { "type": "Point", "coordinates": [ -0.2380742, 5.5841501 ] } },
{ "type": "Feature", "properties": { "osmid": 5083251760, "element": "node", "name": "Kaneshie Roundabout", "hub_type": "bus", "hub_scale": "stop", "amenity": null, "railway": null, "public_transport": "platform", "highway": "bus_stop", "aeroway": null, "building": null, "operator": null, "network": null, "centroid_lat": 5.57111, "centroid_lon": -0.2298287 }, "geometry": { "type": "Point", "coordinates": [ -0.2298287, 5.57111 ] } },
{ "type": "Feature", "properties": { "osmid": 5083477301, "element": "node", "name": "Palledium", "hub_type": "bus", "hub_scale": "stop", "amenity": null, "railway": null, "public_transport": "platform", "highway": "bus_stop", "aeroway": null, "building": null, "operator": null, "network": null, "centroid_lat": 5.5416013, "centroid_lon": -0.2154358 }, "geometry": { "type": "Point", "coordinates": [ -0.2154358, 5.5416013 ] } },
{ "type": "Feature", "properties": { "osmid": 5083477302, "element": "node", "name": "Roundabout", "hub_type": "bus", "hub_scale": "stop", "amenity": null, "railway": null, "public_transport": "platform", "highway": "bus_stop", "aeroway": null, "building": null, "operator": null, "network": null, "centroid_lat": 5.5359502, "centroid_lon": -0.2134198 }, "geometry": { "type": "Point", "coordinates": [ -0.2134198, 5.5359502 ] } },
{ "type": "Feature", "properties": { "osmid": 5083477303, "element": "node", "name": "Accra Royal", "hub_type": "bus", "hub_scale": "stop", "amenity": null, "railway": null, "public_transport": "platform", "highway": "bus_stop", "aeroway": null, "building": null, "operator": null, "network": null, "centroid_lat": 5.5354981, "centroid_lon": -0.2144033 }, "geometry": { "type": "Point", "coordinates": [ -0.2144033, 5.5354981 ] } },
{ "type": "Feature", "properties": { "osmid": 5083477304, "element": "node", "name": "Korle Beach Resort Junction", "hub_type": "bus", "hub_scale": "stop", "amenity": null, "railway": null, "public_transport": "platform", "highway": "bus_stop", "aeroway": null, "building": null, "operator": null, "network": null, "centroid_lat": 5.529311, "centroid_lon": -0.2276452 }, "geometry": { "type": "Point", "coordinates": [ -0.2276452, 5.529311 ] } },
{ "type": "Feature", "properties": { "osmid": 5083501064, "element": "node", "name": "Tea Garden", "hub_type": "bus", "hub_scale": "stop", "amenity": null, "railway": null, "public_transport": "platform", "highway": "bus_stop", "aeroway": null, "building": null, "operator": null, "network": null, "centroid_lat": 5.526985, "centroid_lon": -0.2416824 }, "geometry": { "type": "Point", "coordinates": [ -0.2416824, 5.526985 ] } },
{ "type": "Feature", "properties": { "osmid": 5083501065, "element": "node", "name": "Tei Abaa", "hub_type": "bus", "hub_scale": "stop", "amenity": null, "railway": null, "public_transport": "platform", "highway": "bus_stop", "aeroway": null, "building": null, "operator": null, "network": null, "centroid_lat": 5.5273041, "centroid_lon": -0.2380777 }, "geometry": { "type": "Point", "coordinates": [ -0.2380777, 5.5273041 ] } },
{ "type": "Feature", "properties": { "osmid": 5083501066, "element": "node", "name": "Korle gonno shell", "hub_type": "bus", "hub_scale": "stop", "amenity": null, "railway": null, "public_transport": "platform", "highway": "bus_stop", "aeroway": null, "building": null, "operator": null, "network": null, "centroid_lat": 5.5299332, "centroid_lon": -0.2249037 }, "geometry": { "type": "Point", "coordinates": [ -0.2249037, 5.5299332 ] } },
{ "type": "Feature", "properties": { "osmid": 5083501067, "element": "node", "name": "Accra Royal", "hub_type": "bus", "hub_scale": "stop", "amenity": null, "railway": null, "public_transport": "platform", "highway": "bus_stop", "aeroway": null, "building": null, "operator": null, "network": null, "centroid_lat": 5.5354688, "centroid_lon": -0.2149929 }, "geometry": { "type": "Point", "coordinates": [ -0.2149929, 5.5354688 ] } },
{ "type": "Feature", "properties": { "osmid": 5083501068, "element": "node", "name": "Jamestown Police Station", "hub_type": "bus", "hub_scale": "stop", "amenity": null, "railway": null, "public_transport": "platform", "highway": "bus_stop", "aeroway": null, "building": null, "operator": null, "network": null, "centroid_lat": 5.536136, "centroid_lon": -0.2135751 }, "geometry": { "type": "Point", "coordinates": [ -0.2135751, 5.536136 ] } },
{ "type": "Feature", "properties": { "osmid": 5084236789, "element": "node", "name": "Alajo", "hub_type": "bus", "hub_scale": "stop", "amenity": null, "railway": null, "public_transport": "platform", "highway": "bus_stop", "aeroway": null, "building": null, "operator": null, "network": null, "centroid_lat": 5.6000976, "centroid_lon": -0.2183596 }, "geometry": { "type": "Point", "coordinates": [ -0.2183596, 5.6000976 ] } },
{ "type": "Feature", "properties": { "osmid": 5084325674, "element": "node", "name": "Rana Motors", "hub_type": "bus", "hub_scale": "stop", "amenity": null, "railway": null, "public_transport": "platform", "highway": "bus_stop", "aeroway": null, "building": null, "operator": null, "network": null, "centroid_lat": 5.5585234, "centroid_lon": -0.2244496 }, "geometry": { "type": "Point", "coordinates": [ -0.2244496, 5.5585234 ] } },
{ "type": "Feature", "properties": { "osmid": 5084413301, "element": "node", "name": "Awoshie Mangoase", "hub_type": "bus", "hub_scale": "stop", "amenity": null, "railway": null, "public_transport": "platform", "highway": "bus_stop", "aeroway": null, "building": null, "operator": null, "network": null, "centroid_lat": 5.5861833, "centroid_lon": -0.2781256 }, "geometry": { "type": "Point", "coordinates": [ -0.2781256, 5.5861833 ] } },
{ "type": "Feature", "properties": { "osmid": 5084413303, "element": "node", "name": "Glory Land", "hub_type": "bus", "hub_scale": "stop", "amenity": null, "railway": null, "public_transport": "platform", "highway": "bus_stop", "aeroway": null, "building": null, "operator": null, "network": null, "centroid_lat": 5.5782711, "centroid_lon": -0.2580518 }, "geometry": { "type": "Point", "coordinates": [ -0.2580518, 5.5782711 ] } },
{ "type": "Feature", "properties": { "osmid": 5084413304, "element": "node", "name": "Waterworks junction", "hub_type": "bus", "hub_scale": "stop", "amenity": null, "railway": null, "public_transport": "platform", "highway": "bus_stop", "aeroway": null, "building": null, "operator": null, "network": null, "centroid_lat": 5.5795988, "centroid_lon": -0.2601827 }, "geometry": { "type": "Point", "coordinates": [ -0.2601827, 5.5795988 ] } },
{ "type": "Feature", "properties": { "osmid": 5084413305, "element": "node", "name": "Chabaar", "hub_type": "bus", "hub_scale": "stop", "amenity": null, "railway": null, "public_transport": "platform", "highway": "bus_stop", "aeroway": null, "building": null, "operator": null, "network": null, "centroid_lat": 5.57471, "centroid_lon": -0.2769539 }, "geometry": { "type": "Point", "coordinates": [ -0.2769539, 5.57471 ] } },
{ "type": "Feature", "properties": { "osmid": 5084413306, "element": "node", "name": "Awoshie Baahyard", "hub_type": "bus", "hub_scale": "stop", "amenity": null, "railway": null, "public_transport": "platform", "highway": "bus_stop", "aeroway": null, "building": null, "operator": null, "network": null, "centroid_lat": 5.5845542, "centroid_lon": -0.2751275 }, "geometry": { "type": "Point", "coordinates": [ -0.2751275, 5.5845542 ] } },
{ "type": "Feature", "properties": { "osmid": 5084819921, "element": "node", "name": "Kwashieman School Junction", "hub_type": "bus", "hub_scale": "stop", "amenity": null, "railway": null, "public_transport": "platform", "highway": "bus_stop", "aeroway": null, "building": null, "operator": null, "network": null, "centroid_lat": 5.5896671, "centroid_lon": -0.2670071 }, "geometry": { "type": "Point", "coordinates": [ -0.2670071, 5.5896671 ] } },
{ "type": "Feature", "properties": { "osmid": 5084819922, "element": "node", "name": "Odorkor Market", "hub_type": "bus", "hub_scale": "stop", "amenity": null, "railway": null, "public_transport": "platform", "highway": "bus_stop", "aeroway": null, "building": null, "operator": null, "network": null, "centroid_lat": 5.5829571, "centroid_lon": -0.2641332 }, "geometry": { "type": "Point", "coordinates": [ -0.2641332, 5.5829571 ] } },
{ "type": "Feature", "properties": { "osmid": 5084819923, "element": "node", "name": "Odorkor Station", "hub_type": "bus", "hub_scale": "stop", "amenity": null, "railway": null, "public_transport": "platform", "highway": "bus_stop", "aeroway": null, "building": null, "operator": null, "network": null, "centroid_lat": 5.581884, "centroid_lon": -0.2637732 }, "geometry": { "type": "Point", "coordinates": [ -0.2637732, 5.581884 ] } },
{ "type": "Feature", "properties": { "osmid": 5084834960, "element": "node", "name": "Rana motors", "hub_type": "bus", "hub_scale": "stop", "amenity": null, "railway": null, "public_transport": "platform", "highway": "bus_stop", "aeroway": null, "building": null, "operator": null, "network": null, "centroid_lat": 5.5588566, "centroid_lon": -0.2254001 }, "geometry": { "type": "Point", "coordinates": [ -0.2254001, 5.5588566 ] } },
{ "type": "Feature", "properties": { "osmid": 5084834961, "element": "node", "name": "Odorkor Station", "hub_type": "bus", "hub_scale": "stop", "amenity": null, "railway": null, "public_transport": "platform", "highway": "bus_stop", "aeroway": null, "building": null, "operator": null, "network": null, "centroid_lat": 5.5810372, "centroid_lon": -0.2638505 }, "geometry": { "type": "Point", "coordinates": [ -0.2638505, 5.5810372 ] } },
{ "type": "Feature", "properties": { "osmid": 5084834962, "element": "node", "name": "Odorkor Market", "hub_type": "bus", "hub_scale": "stop", "amenity": null, "railway": null, "public_transport": "platform", "highway": "bus_stop", "aeroway": null, "building": null, "operator": null, "network": null, "centroid_lat": 5.5829341, "centroid_lon": -0.2641792 }, "geometry": { "type": "Point", "coordinates": [ -0.2641792, 5.5829341 ] } },
{ "type": "Feature", "properties": { "osmid": 5084834963, "element": "node", "name": "Odorkor Official Town", "hub_type": "bus", "hub_scale": "stop", "amenity": null, "railway": null, "public_transport": "platform", "highway": "bus_stop", "aeroway": null, "building": null, "operator": null, "network": null, "centroid_lat": 5.5872685, "centroid_lon": -0.2656221 }, "geometry": { "type": "Point", "coordinates": [ -0.2656221, 5.5872685 ] } },
{ "type": "Feature", "properties": { "osmid": 5086960823, "element": "node", "name": "Second", "hub_type": "bus", "hub_scale": "stop", "amenity": null, "railway": null, "public_transport": "platform", "highway": "bus_stop", "aeroway": null, "building": null, "operator": null, "network": null, "centroid_lat": 5.6319597, "centroid_lon": -0.140632 }, "geometry": { "type": "Point", "coordinates": [ -0.140632, 5.6319597 ] } },
{ "type": "Feature", "properties": { "osmid": 5087182230, "element": "node", "name": "Banana Inn", "hub_type": "bus", "hub_scale": "stop", "amenity": null, "railway": null, "public_transport": "platform", "highway": "bus_stop", "aeroway": null, "building": null, "operator": null, "network": null, "centroid_lat": 5.5413867, "centroid_lon": -0.2549389 }, "geometry": { "type": "Point", "coordinates": [ -0.2549389, 5.5413867 ] } },
{ "type": "Feature", "properties": { "osmid": 5087182231, "element": "node", "name": "Dansoman (SSNIT flats)", "hub_type": "bus", "hub_scale": "stop", "amenity": null, "railway": null, "public_transport": "platform", "highway": "bus_stop", "aeroway": null, "building": null, "operator": null, "network": null, "centroid_lat": 5.5624236, "centroid_lon": -0.2730303 }, "geometry": { "type": "Point", "coordinates": [ -0.2730303, 5.5624236 ] } },
{ "type": "Feature", "properties": { "osmid": 5087268448, "element": "node", "name": "Mt Olivet", "hub_type": "bus", "hub_scale": "stop", "amenity": null, "railway": null, "public_transport": "platform", "highway": "bus_stop", "aeroway": null, "building": null, "operator": null, "network": null, "centroid_lat": 5.5606439, "centroid_lon": -0.2676402 }, "geometry": { "type": "Point", "coordinates": [ -0.2676402, 5.5606439 ] } },
{ "type": "Feature", "properties": { "osmid": 5087268449, "element": "node", "name": "Opoku Ware", "hub_type": "bus", "hub_scale": "stop", "amenity": null, "railway": null, "public_transport": "platform", "highway": "bus_stop", "aeroway": null, "building": null, "operator": null, "network": null, "centroid_lat": 5.5642066, "centroid_lon": -0.2732572 }, "geometry": { "type": "Point", "coordinates": [ -0.2732572, 5.5642066 ] } },
{ "type": "Feature", "properties": { "osmid": 5087268450, "element": "node", "name": "Abam Kofi", "hub_type": "bus", "hub_scale": "stop", "amenity": null, "railway": null, "public_transport": "platform", "highway": "bus_stop", "aeroway": null, "building": null, "operator": null, "network": null, "centroid_lat": 5.5621265, "centroid_lon": -0.270742 }, "geometry": { "type": "Point", "coordinates": [ -0.270742, 5.5621265 ] } },
{ "type": "Feature", "properties": { "osmid": 5087268451, "element": "node", "name": "First Gate", "hub_type": "bus", "hub_scale": "stop", "amenity": null, "railway": null, "public_transport": "platform", "highway": "bus_stop", "aeroway": null, "building": null, "operator": null, "network": null, "centroid_lat": 5.5613939, "centroid_lon": -0.2695391 }, "geometry": { "type": "Point", "coordinates": [ -0.2695391, 5.5613939 ] } },
{ "type": "Feature", "properties": { "osmid": 5087376299, "element": "node", "name": "Darkuman", "hub_type": "bus", "hub_scale": "stop", "amenity": null, "railway": null, "public_transport": "platform", "highway": "bus_stop", "aeroway": null, "building": null, "operator": null, "network": null, "centroid_lat": 5.5887569, "centroid_lon": -0.2512109 }, "geometry": { "type": "Point", "coordinates": [ -0.2512109, 5.5887569 ] } },
{ "type": "Feature", "properties": { "osmid": 5087397764, "element": "node", "name": "Presby", "hub_type": "bus", "hub_scale": "stop", "amenity": null, "railway": null, "public_transport": "platform", "highway": "bus_stop", "aeroway": null, "building": null, "operator": null, "network": null, "centroid_lat": 5.5888854, "centroid_lon": -0.2498154 }, "geometry": { "type": "Point", "coordinates": [ -0.2498154, 5.5888854 ] } },
{ "type": "Feature", "properties": { "osmid": 5087397765, "element": "node", "name": "Mangoase", "hub_type": "bus", "hub_scale": "stop", "amenity": null, "railway": null, "public_transport": "platform", "highway": "bus_stop", "aeroway": null, "building": null, "operator": null, "network": null, "centroid_lat": 5.5862893, "centroid_lon": -0.2483343 }, "geometry": { "type": "Point", "coordinates": [ -0.2483343, 5.5862893 ] } },
{ "type": "Feature", "properties": { "osmid": 5088442010, "element": "node", "name": "Post Office", "hub_type": "bus", "hub_scale": "stop", "amenity": null, "railway": null, "public_transport": "platform", "highway": "bus_stop", "aeroway": null, "building": null, "operator": null, "network": null, "centroid_lat": 5.5416982, "centroid_lon": -0.2091462 }, "geometry": { "type": "Point", "coordinates": [ -0.2091462, 5.5416982 ] } },
{ "type": "Feature", "properties": { "osmid": 5088442011, "element": "node", "name": "Ebenezer", "hub_type": "bus", "hub_scale": "stop", "amenity": null, "railway": null, "public_transport": "platform", "highway": "bus_stop", "aeroway": null, "building": null, "operator": null, "network": null, "centroid_lat": 5.529509, "centroid_lon": -0.2699202 }, "geometry": { "type": "Point", "coordinates": [ -0.2699202, 5.529509 ] } },
{ "type": "Feature", "properties": { "osmid": 5088471612, "element": "node", "name": "Accra Bishop", "hub_type": "bus", "hub_scale": "stop", "amenity": null, "railway": null, "public_transport": "platform", "highway": "bus_stop", "aeroway": null, "building": null, "operator": null, "network": null, "centroid_lat": 5.5437448, "centroid_lon": -0.2048637 }, "geometry": { "type": "Point", "coordinates": [ -0.2048637, 5.5437448 ] } },
{ "type": "Feature", "properties": { "osmid": 5088569159, "element": "node", "name": "Children's Park Second", "hub_type": "bus", "hub_scale": "stop", "amenity": null, "railway": null, "public_transport": "platform", "highway": "bus_stop", "aeroway": null, "building": null, "operator": null, "network": null, "centroid_lat": 5.5566575, "centroid_lon": -0.1995269 }, "geometry": { "type": "Point", "coordinates": [ -0.1995269, 5.5566575 ] } },
{ "type": "Feature", "properties": { "osmid": 5088569160, "element": "node", "name": "ADB House", "hub_type": "bus", "hub_scale": "stop", "amenity": null, "railway": null, "public_transport": "platform", "highway": "bus_stop", "aeroway": null, "building": null, "operator": null, "network": null, "centroid_lat": 5.5645354, "centroid_lon": -0.194399 }, "geometry": { "type": "Point", "coordinates": [ -0.194399, 5.5645354 ] } },
{ "type": "Feature", "properties": { "osmid": 5088569161, "element": "node", "name": "KFC", "hub_type": "bus", "hub_scale": "stop", "amenity": null, "railway": null, "public_transport": "platform", "highway": "bus_stop", "aeroway": null, "building": null, "operator": null, "network": null, "centroid_lat": 5.6395721, "centroid_lon": -0.1697006 }, "geometry": { "type": "Point", "coordinates": [ -0.1697006, 5.6395721 ] } },
{ "type": "Feature", "properties": { "osmid": 5089149952, "element": "node", "name": "School Junction", "hub_type": "bus", "hub_scale": "stop", "amenity": null, "railway": null, "public_transport": "platform", "highway": "bus_stop", "aeroway": null, "building": null, "operator": null, "network": null, "centroid_lat": 5.585191, "centroid_lon": -0.2102043 }, "geometry": { "type": "Point", "coordinates": [ -0.2102043, 5.585191 ] } },
{ "type": "Feature", "properties": { "osmid": 5089149953, "element": "node", "name": "Total", "hub_type": "bus", "hub_scale": "stop", "amenity": null, "railway": null, "public_transport": "platform", "highway": "bus_stop", "aeroway": null, "building": null, "operator": null, "network": null, "centroid_lat": 5.6078434, "centroid_lon": -0.226392 }, "geometry": { "type": "Point", "coordinates": [ -0.226392, 5.6078434 ] } },
{ "type": "Feature", "properties": { "osmid": 5092806451, "element": "node", "name": "Sadisco", "hub_type": "bus", "hub_scale": "stop", "amenity": null, "railway": null, "public_transport": "platform", "highway": "bus_stop", "aeroway": null, "building": null, "operator": null, "network": null, "centroid_lat": 5.5756917, "centroid_lon": -0.2134912 }, "geometry": { "type": "Point", "coordinates": [ -0.2134912, 5.5756917 ] } },
{ "type": "Feature", "properties": { "osmid": 5092806452, "element": "node", "name": "Abelenkpe Fire Station", "hub_type": "bus", "hub_scale": "stop", "amenity": null, "railway": null, "public_transport": "platform", "highway": "bus_stop", "aeroway": null, "building": null, "operator": null, "network": null, "centroid_lat": 5.6092978, "centroid_lon": -0.212166 }, "geometry": { "type": "Point", "coordinates": [ -0.212166, 5.6092978 ] } },
{ "type": "Feature", "properties": { "osmid": 5092806453, "element": "node", "name": "Abelenkpe", "hub_type": "bus", "hub_scale": "stop", "amenity": null, "railway": null, "public_transport": "platform", "highway": "bus_stop", "aeroway": null, "building": null, "operator": null, "network": null, "centroid_lat": 5.6078237, "centroid_lon": -0.2182036 }, "geometry": { "type": "Point", "coordinates": [ -0.2182036, 5.6078237 ] } },
{ "type": "Feature", "properties": { "osmid": 5092884387, "element": "node", "name": "Abelenkpe", "hub_type": "bus", "hub_scale": "stop", "amenity": null, "railway": null, "public_transport": "platform", "highway": "bus_stop", "aeroway": null, "building": null, "operator": null, "network": null, "centroid_lat": 5.6077936, "centroid_lon": -0.2181246 }, "geometry": { "type": "Point", "coordinates": [ -0.2181246, 5.6077936 ] } },
{ "type": "Feature", "properties": { "osmid": 5092998363, "element": "node", "name": "White Wall", "hub_type": "bus", "hub_scale": "stop", "amenity": null, "railway": null, "public_transport": "platform", "highway": "bus_stop", "aeroway": null, "building": null, "operator": null, "network": null, "centroid_lat": 5.6135692, "centroid_lon": -0.1962331 }, "geometry": { "type": "Point", "coordinates": [ -0.1962331, 5.6135692 ] } },
{ "type": "Feature", "properties": { "osmid": 5092998364, "element": "node", "name": "Kokomlemle (Pro Credit)", "hub_type": "bus", "hub_scale": "stop", "amenity": null, "railway": null, "public_transport": "platform", "highway": "bus_stop", "aeroway": null, "building": null, "operator": null, "network": null, "centroid_lat": 5.5783627, "centroid_lon": -0.2114448 }, "geometry": { "type": "Point", "coordinates": [ -0.2114448, 5.5783627 ] } },
{ "type": "Feature", "properties": { "osmid": 5093045161, "element": "node", "name": "Kokomlemle", "hub_type": "bus", "hub_scale": "stop", "amenity": null, "railway": null, "public_transport": "platform", "highway": "bus_stop", "aeroway": null, "building": null, "operator": null, "network": null, "centroid_lat": 5.576308, "centroid_lon": -0.2130455 }, "geometry": { "type": "Point", "coordinates": [ -0.2130455, 5.576308 ] } },
{ "type": "Feature", "properties": { "osmid": 5093104321, "element": "node", "name": "Atico", "hub_type": "bus", "hub_scale": "stop", "amenity": null, "railway": null, "public_transport": "platform", "highway": "bus_stop", "aeroway": null, "building": null, "operator": null, "network": null, "centroid_lat": 5.5743722, "centroid_lon": -0.2507167 }, "geometry": { "type": "Point", "coordinates": [ -0.2507167, 5.5743722 ] } },
{ "type": "Feature", "properties": { "osmid": 5093104322, "element": "node", "name": "Flamingo", "hub_type": "bus", "hub_scale": "stop", "amenity": null, "railway": null, "public_transport": "platform", "highway": "bus_stop", "aeroway": null, "building": null, "operator": null, "network": null, "centroid_lat": 5.5645406, "centroid_lon": -0.2445081 }, "geometry": { "type": "Point", "coordinates": [ -0.2445081, 5.5645406 ] } },
{ "type": "Feature", "properties": { "osmid": 5093166185, "element": "node", "name": "Zoti", "hub_type": "bus", "hub_scale": "stop", "amenity": null, "railway": null, "public_transport": "platform", "highway": "bus_stop", "aeroway": null, "building": null, "operator": null, "network": null, "centroid_lat": 5.5468906, "centroid_lon": -0.2282694 }, "geometry": { "type": "Point", "coordinates": [ -0.2282694, 5.5468906 ] } },
{ "type": "Feature", "properties": { "osmid": 5093166186, "element": "node", "name": "Estate", "hub_type": "bus", "hub_scale": "stop", "amenity": null, "railway": null, "public_transport": "platform", "highway": "bus_stop", "aeroway": null, "building": null, "operator": null, "network": null, "centroid_lat": 5.5525572, "centroid_lon": -0.2308875 }, "geometry": { "type": "Point", "coordinates": [ -0.2308875, 5.5525572 ] } },
{ "type": "Feature", "properties": { "osmid": 5093166187, "element": "node", "name": "Goil", "hub_type": "bus", "hub_scale": "stop", "amenity": null, "railway": null, "public_transport": "platform", "highway": "bus_stop", "aeroway": null, "building": null, "operator": null, "network": null, "centroid_lat": 5.5728553, "centroid_lon": -0.2490097 }, "geometry": { "type": "Point", "coordinates": [ -0.2490097, 5.5728553 ] } },
{ "type": "Feature", "properties": { "osmid": 5093166188, "element": "node", "name": "Kwashieman School Junction", "hub_type": "bus", "hub_scale": "stop", "amenity": null, "railway": null, "public_transport": "platform", "highway": "bus_stop", "aeroway": null, "building": null, "operator": null, "network": null, "centroid_lat": 5.5898393, "centroid_lon": -0.2673652 }, "geometry": { "type": "Point", "coordinates": [ -0.2673652, 5.5898393 ] } },
{ "type": "Feature", "properties": { "osmid": 5093488045, "element": "node", "name": "Sue's Inn", "hub_type": "bus", "hub_scale": "stop", "amenity": null, "railway": null, "public_transport": "platform", "highway": "bus_stop", "aeroway": null, "building": null, "operator": null, "network": null, "centroid_lat": 5.6108439, "centroid_lon": -0.2325207 }, "geometry": { "type": "Point", "coordinates": [ -0.2325207, 5.6108439 ] } },
{ "type": "Feature", "properties": { "osmid": 5095971777, "element": "node", "name": "Akoo Store", "hub_type": "bus", "hub_scale": "stop", "amenity": null, "railway": null, "public_transport": "platform", "highway": "bus_stop", "aeroway": null, "building": null, "operator": null, "network": null, "centroid_lat": 5.5500489, "centroid_lon": -0.2547955 }, "geometry": { "type": "Point", "coordinates": [ -0.2547955, 5.5500489 ] } },
{ "type": "Feature", "properties": { "osmid": 5095971778, "element": "node", "name": "Loso", "hub_type": "bus", "hub_scale": "stop", "amenity": null, "railway": null, "public_transport": "platform", "highway": "bus_stop", "aeroway": null, "building": null, "operator": null, "network": null, "centroid_lat": 5.5510243, "centroid_lon": -0.2546007 }, "geometry": { "type": "Point", "coordinates": [ -0.2546007, 5.5510243 ] } },
{ "type": "Feature", "properties": { "osmid": 5095971779, "element": "node", "name": "Sukura Market", "hub_type": "bus", "hub_scale": "stop", "amenity": null, "railway": null, "public_transport": "platform", "highway": "bus_stop", "aeroway": null, "building": null, "operator": null, "network": null, "centroid_lat": 5.5524034, "centroid_lon": -0.2512097 }, "geometry": { "type": "Point", "coordinates": [ -0.2512097, 5.5524034 ] } },
{ "type": "Feature", "properties": { "osmid": 5095971780, "element": "node", "name": "Waterworks", "hub_type": "bus", "hub_scale": "stop", "amenity": null, "railway": null, "public_transport": "platform", "highway": "bus_stop", "aeroway": null, "building": null, "operator": null, "network": null, "centroid_lat": 5.5560825, "centroid_lon": -0.2404217 }, "geometry": { "type": "Point", "coordinates": [ -0.2404217, 5.5560825 ] } },
{ "type": "Feature", "properties": { "osmid": 5096135456, "element": "node", "name": null, "hub_type": "bus", "hub_scale": "stop", "amenity": null, "railway": null, "public_transport": "stop_position", "highway": null, "aeroway": null, "building": null, "operator": null, "network": null, "centroid_lat": 5.5457487, "centroid_lon": -0.2075702 }, "geometry": { "type": "Point", "coordinates": [ -0.2075702, 5.5457487 ] } },
{ "type": "Feature", "properties": { "osmid": 5096135458, "element": "node", "name": "Accra Rawlings Park", "hub_type": "bus", "hub_scale": "stop", "amenity": null, "railway": null, "public_transport": "platform", "highway": "bus_stop", "aeroway": null, "building": null, "operator": null, "network": null, "centroid_lat": 5.5457443, "centroid_lon": -0.2076333 }, "geometry": { "type": "Point", "coordinates": [ -0.2076333, 5.5457443 ] } },
{ "type": "Feature", "properties": { "osmid": 5096189434, "element": "node", "name": "Korle Gonno", "hub_type": "bus", "hub_scale": "stop", "amenity": null, "railway": null, "public_transport": "platform", "highway": "bus_stop", "aeroway": null, "building": null, "operator": null, "network": null, "centroid_lat": 5.5287408, "centroid_lon": -0.2304346 }, "geometry": { "type": "Point", "coordinates": [ -0.2304346, 5.5287408 ] } },
{ "type": "Feature", "properties": { "osmid": 5096289421, "element": "node", "name": "Zongo Junction", "hub_type": "bus", "hub_scale": "stop", "amenity": null, "railway": null, "public_transport": "platform", "highway": "bus_stop", "aeroway": null, "building": null, "operator": null, "network": null, "centroid_lat": 5.5564785, "centroid_lon": -0.2401821 }, "geometry": { "type": "Point", "coordinates": [ -0.2401821, 5.5564785 ] } },
{ "type": "Feature", "properties": { "osmid": 5096305001, "element": "node", "name": "Zongo Junction", "hub_type": "bus", "hub_scale": "stop", "amenity": null, "railway": null, "public_transport": "platform", "highway": "bus_stop", "aeroway": null, "building": null, "operator": null, "network": null, "centroid_lat": 5.5568182, "centroid_lon": -0.2400745 }, "geometry": { "type": "Point", "coordinates": [ -0.2400745, 5.5568182 ] } },
{ "type": "Feature", "properties": { "osmid": 5102104495, "element": "node", "name": "Agege", "hub_type": "bus", "hub_scale": "stop", "amenity": null, "railway": null, "public_transport": "platform", "highway": "bus_stop", "aeroway": null, "building": null, "operator": null, "network": null, "centroid_lat": 5.5290031, "centroid_lon": -0.2646911 }, "geometry": { "type": "Point", "coordinates": [ -0.2646911, 5.5290031 ] } },
{ "type": "Feature", "properties": { "osmid": 5102155248, "element": "node", "name": "Dan Wright", "hub_type": "bus", "hub_scale": "stop", "amenity": null, "railway": null, "public_transport": "platform", "highway": "bus_stop", "aeroway": null, "building": null, "operator": null, "network": null, "centroid_lat": 5.5399648, "centroid_lon": -0.2428971 }, "geometry": { "type": "Point", "coordinates": [ -0.2428971, 5.5399648 ] } },
{ "type": "Feature", "properties": { "osmid": 5102155249, "element": "node", "name": "Radio Gold", "hub_type": "bus", "hub_scale": "stop", "amenity": null, "railway": null, "public_transport": "platform", "highway": "bus_stop", "aeroway": null, "building": null, "operator": null, "network": null, "centroid_lat": 5.5470743, "centroid_lon": -0.2397905 }, "geometry": { "type": "Point", "coordinates": [ -0.2397905, 5.5470743 ] } },
{ "type": "Feature", "properties": { "osmid": 5102155250, "element": "node", "name": "Flat", "hub_type": "bus", "hub_scale": "stop", "amenity": null, "railway": null, "public_transport": "platform", "highway": "bus_stop", "aeroway": null, "building": null, "operator": null, "network": null, "centroid_lat": 5.5472362, "centroid_lon": -0.2333116 }, "geometry": { "type": "Point", "coordinates": [ -0.2333116, 5.5472362 ] } },
{ "type": "Feature", "properties": { "osmid": 5102559169, "element": "node", "name": null, "hub_type": "bus", "hub_scale": "stop", "amenity": null, "railway": null, "public_transport": "stop_position", "highway": null, "aeroway": null, "building": null, "operator": null, "network": null, "centroid_lat": 5.5623261, "centroid_lon": -0.2373976 }, "geometry": { "type": "Point", "coordinates": [ -0.2373976, 5.5623261 ] } },
{ "type": "Feature", "properties": { "osmid": 5102559170, "element": "node", "name": "Kaneshie", "hub_type": "bus", "hub_scale": "stop", "amenity": null, "railway": null, "public_transport": "platform", "highway": "bus_stop", "aeroway": null, "building": null, "operator": null, "network": null, "centroid_lat": 5.5623056, "centroid_lon": -0.2374033 }, "geometry": { "type": "Point", "coordinates": [ -0.2374033, 5.5623056 ] } },
{ "type": "Feature", "properties": { "osmid": 5102559171, "element": "node", "name": "Dan Wright", "hub_type": "bus", "hub_scale": "stop", "amenity": null, "railway": null, "public_transport": "platform", "highway": "bus_stop", "aeroway": null, "building": null, "operator": null, "network": null, "centroid_lat": 5.5398852, "centroid_lon": -0.2428541 }, "geometry": { "type": "Point", "coordinates": [ -0.2428541, 5.5398852 ] } },
{ "type": "Feature", "properties": { "osmid": 5102588594, "element": "node", "name": null, "hub_type": "bus", "hub_scale": "stop", "amenity": null, "railway": null, "public_transport": "stop_position", "highway": null, "aeroway": null, "building": null, "operator": null, "network": null, "centroid_lat": 5.5643619, "centroid_lon": -0.2362088 }, "geometry": { "type": "Point", "coordinates": [ -0.2362088, 5.5643619 ] } },
{ "type": "Feature", "properties": { "osmid": 5102588595, "element": "node", "name": "Kaneshie Market", "hub_type": "bus", "hub_scale": "stop", "amenity": null, "railway": null, "public_transport": "platform", "highway": "bus_stop", "aeroway": null, "building": null, "operator": null, "network": null, "centroid_lat": 5.5647722, "centroid_lon": -0.2366647 }, "geometry": { "type": "Point", "coordinates": [ -0.2366647, 5.5647722 ] } },
{ "type": "Feature", "properties": { "osmid": 5102588596, "element": "node", "name": "Kaneshie", "hub_type": "bus", "hub_scale": "stop", "amenity": null, "railway": null, "public_transport": "platform", "highway": "bus_stop", "aeroway": null, "building": null, "operator": null, "network": null, "centroid_lat": 5.5643666, "centroid_lon": -0.2361929 }, "geometry": { "type": "Point", "coordinates": [ -0.2361929, 5.5643666 ] } },
{ "type": "Feature", "properties": { "osmid": 5102649416, "element": "node", "name": "Happy Days", "hub_type": "bus", "hub_scale": "stop", "amenity": null, "railway": null, "public_transport": "platform", "highway": "bus_stop", "aeroway": null, "building": null, "operator": null, "network": null, "centroid_lat": 5.5560724, "centroid_lon": -0.2344711 }, "geometry": { "type": "Point", "coordinates": [ -0.2344711, 5.5560724 ] } },
{ "type": "Feature", "properties": { "osmid": 5102649417, "element": "node", "name": "Flamingo", "hub_type": "bus", "hub_scale": "stop", "amenity": null, "railway": null, "public_transport": "platform", "highway": "bus_stop", "aeroway": null, "building": null, "operator": null, "network": null, "centroid_lat": 5.5581757, "centroid_lon": -0.246561 }, "geometry": { "type": "Point", "coordinates": [ -0.246561, 5.5581757 ] } },
{ "type": "Feature", "properties": { "osmid": 5102649418, "element": "node", "name": "Sukura Market", "hub_type": "bus", "hub_scale": "stop", "amenity": null, "railway": null, "public_transport": "platform", "highway": "bus_stop", "aeroway": null, "building": null, "operator": null, "network": null, "centroid_lat": 5.5522781, "centroid_lon": -0.2513874 }, "geometry": { "type": "Point", "coordinates": [ -0.2513874, 5.5522781 ] } },
{ "type": "Feature", "properties": { "osmid": 5102649419, "element": "node", "name": "Loso", "hub_type": "bus", "hub_scale": "stop", "amenity": null, "railway": null, "public_transport": "platform", "highway": "bus_stop", "aeroway": null, "building": null, "operator": null, "network": null, "centroid_lat": 5.5511416, "centroid_lon": -0.2545317 }, "geometry": { "type": "Point", "coordinates": [ -0.2545317, 5.5511416 ] } },
{ "type": "Feature", "properties": { "osmid": 5102716808, "element": "node", "name": "Boodi", "hub_type": "bus", "hub_scale": "stop", "amenity": null, "railway": null, "public_transport": "platform", "highway": "bus_stop", "aeroway": null, "building": null, "operator": null, "network": null, "centroid_lat": 5.5327395, "centroid_lon": -0.2147105 }, "geometry": { "type": "Point", "coordinates": [ -0.2147105, 5.5327395 ] } },
{ "type": "Feature", "properties": { "osmid": 5102717948, "element": "node", "name": "Ama Mensah", "hub_type": "bus", "hub_scale": "stop", "amenity": null, "railway": null, "public_transport": "platform", "highway": "bus_stop", "aeroway": null, "building": null, "operator": null, "network": null, "centroid_lat": 5.5288825, "centroid_lon": -0.230029 }, "geometry": { "type": "Point", "coordinates": [ -0.230029, 5.5288825 ] } },
{ "type": "Feature", "properties": { "osmid": 5102717949, "element": "node", "name": "1st stop", "hub_type": "bus", "hub_scale": "stop", "amenity": null, "railway": null, "public_transport": "platform", "highway": "bus_stop", "aeroway": null, "building": null, "operator": null, "network": null, "centroid_lat": 5.5294972, "centroid_lon": -0.2270166 }, "geometry": { "type": "Point", "coordinates": [ -0.2270166, 5.5294972 ] } },
{ "type": "Feature", "properties": { "osmid": 5102717950, "element": "node", "name": "Nzunzu", "hub_type": "bus", "hub_scale": "stop", "amenity": null, "railway": null, "public_transport": "platform", "highway": "bus_stop", "aeroway": null, "building": null, "operator": null, "network": null, "centroid_lat": 5.5301095, "centroid_lon": -0.2241098 }, "geometry": { "type": "Point", "coordinates": [ -0.2241098, 5.5301095 ] } },
{ "type": "Feature", "properties": { "osmid": 5102717951, "element": "node", "name": "Fire Service", "hub_type": "bus", "hub_scale": "stop", "amenity": null, "railway": null, "public_transport": "platform", "highway": "bus_stop", "aeroway": null, "building": null, "operator": null, "network": null, "centroid_lat": 5.5320594, "centroid_lon": -0.2169272 }, "geometry": { "type": "Point", "coordinates": [ -0.2169272, 5.5320594 ] } },
{ "type": "Feature", "properties": { "osmid": 5102779993, "element": "node", "name": "Camara", "hub_type": "bus", "hub_scale": "stop", "amenity": null, "railway": null, "public_transport": "platform", "highway": "bus_stop", "aeroway": null, "building": null, "operator": null, "network": null, "centroid_lat": 5.5373111, "centroid_lon": -0.2571508 }, "geometry": { "type": "Point", "coordinates": [ -0.2571508, 5.5373111 ] } },
{ "type": "Feature", "properties": { "osmid": 5102779994, "element": "node", "name": "London Market", "hub_type": "bus", "hub_scale": "stop", "amenity": null, "railway": null, "public_transport": "platform", "highway": "bus_stop", "aeroway": null, "building": null, "operator": null, "network": null, "centroid_lat": 5.5383722, "centroid_lon": -0.2164893 }, "geometry": { "type": "Point", "coordinates": [ -0.2164893, 5.5383722 ] } },
{ "type": "Feature", "properties": { "osmid": 5102779995, "element": "node", "name": "Agbado", "hub_type": "bus", "hub_scale": "stop", "amenity": null, "railway": null, "public_transport": "platform", "highway": "bus_stop", "aeroway": null, "building": null, "operator": null, "network": null, "centroid_lat": 5.5388397, "centroid_lon": -0.2144794 }, "geometry": { "type": "Point", "coordinates": [ -0.2144794, 5.5388397 ] } },
{ "type": "Feature", "properties": { "osmid": 5102779996, "element": "node", "name": "Akoto Lante", "hub_type": "bus", "hub_scale": "stop", "amenity": null, "railway": null, "public_transport": "platform", "highway": "bus_stop", "aeroway": null, "building": null, "operator": null, "network": null, "centroid_lat": 5.5393755, "centroid_lon": -0.213248 }, "geometry": { "type": "Point", "coordinates": [ -0.213248, 5.5393755 ] } },
{ "type": "Feature", "properties": { "osmid": 5102779997, "element": "node", "name": "Atta Quarshie", "hub_type": "bus", "hub_scale": "stop", "amenity": null, "railway": null, "public_transport": "platform", "highway": "bus_stop", "aeroway": null, "building": null, "operator": null, "network": null, "centroid_lat": 5.5414873, "centroid_lon": -0.2117923 }, "geometry": { "type": "Point", "coordinates": [ -0.2117923, 5.5414873 ] } },
{ "type": "Feature", "properties": { "osmid": 5102802455, "element": "node", "name": "Mamprobi Shell", "hub_type": "bus", "hub_scale": "stop", "amenity": null, "railway": null, "public_transport": "platform", "highway": "bus_stop", "aeroway": null, "building": null, "operator": null, "network": null, "centroid_lat": 5.5336498, "centroid_lon": -0.2380437 }, "geometry": { "type": "Point", "coordinates": [ -0.2380437, 5.5336498 ] } },
{ "type": "Feature", "properties": { "osmid": 5102845904, "element": "node", "name": "Shiabu", "hub_type": "bus", "hub_scale": "stop", "amenity": null, "railway": null, "public_transport": "platform", "highway": "bus_stop", "aeroway": null, "building": null, "operator": null, "network": null, "centroid_lat": 5.5253011, "centroid_lon": -0.2566779 }, "geometry": { "type": "Point", "coordinates": [ -0.2566779, 5.5253011 ] } },
{ "type": "Feature", "properties": { "osmid": 5102890840, "element": "node", "name": "Shiabu", "hub_type": "bus", "hub_scale": "stop", "amenity": null, "railway": null, "public_transport": "platform", "highway": "bus_stop", "aeroway": null, "building": null, "operator": null, "network": null, "centroid_lat": 5.5253602, "centroid_lon": -0.2567437 }, "geometry": { "type": "Point", "coordinates": [ -0.2567437, 5.5253602 ] } },
{ "type": "Feature", "properties": { "osmid": 5102890841, "element": "node", "name": "Curve Shiabu", "hub_type": "bus", "hub_scale": "stop", "amenity": null, "railway": null, "public_transport": "platform", "highway": "bus_stop", "aeroway": null, "building": null, "operator": null, "network": null, "centroid_lat": 5.5258184, "centroid_lon": -0.25466 }, "geometry": { "type": "Point", "coordinates": [ -0.25466, 5.5258184 ] } },
{ "type": "Feature", "properties": { "osmid": 5102949426, "element": "node", "name": "Awotsɛ Kojo", "hub_type": "bus", "hub_scale": "stop", "amenity": null, "railway": null, "public_transport": "platform", "highway": "bus_stop", "aeroway": null, "building": null, "operator": null, "network": null, "centroid_lat": 5.5346389, "centroid_lon": -0.2329271 }, "geometry": { "type": "Point", "coordinates": [ -0.2329271, 5.5346389 ] } },
{ "type": "Feature", "properties": { "osmid": 5102949427, "element": "node", "name": null, "hub_type": "bus", "hub_scale": "stop", "amenity": null, "railway": null, "public_transport": "stop_position", "highway": null, "aeroway": null, "building": null, "operator": null, "network": null, "centroid_lat": 5.5404374, "centroid_lon": -0.2088888 }, "geometry": { "type": "Point", "coordinates": [ -0.2088888, 5.5404374 ] } },
{ "type": "Feature", "properties": { "osmid": 5102949428, "element": "node", "name": "Appiah Danquah", "hub_type": "bus", "hub_scale": "stop", "amenity": null, "railway": null, "public_transport": "platform", "highway": "bus_stop", "aeroway": null, "building": null, "operator": null, "network": null, "centroid_lat": 5.5467717, "centroid_lon": -0.2464951 }, "geometry": { "type": "Point", "coordinates": [ -0.2464951, 5.5467717 ] } },
{ "type": "Feature", "properties": { "osmid": 5102949429, "element": "node", "name": "Taxi Rank", "hub_type": "bus", "hub_scale": "stop", "amenity": null, "railway": null, "public_transport": "platform", "highway": "bus_stop", "aeroway": null, "building": null, "operator": null, "network": null, "centroid_lat": 5.5467769, "centroid_lon": -0.2459042 }, "geometry": { "type": "Point", "coordinates": [ -0.2459042, 5.5467769 ] } },
{ "type": "Feature", "properties": { "osmid": 5102949430, "element": "node", "name": "Mangoase", "hub_type": "bus", "hub_scale": "stop", "amenity": null, "railway": null, "public_transport": "platform", "highway": "bus_stop", "aeroway": null, "building": null, "operator": null, "network": null, "centroid_lat": 5.5480737, "centroid_lon": -0.2428086 }, "geometry": { "type": "Point", "coordinates": [ -0.2428086, 5.5480737 ] } },
{ "type": "Feature", "properties": { "osmid": 5102949431, "element": "node", "name": "Radio Gold", "hub_type": "bus", "hub_scale": "stop", "amenity": null, "railway": null, "public_transport": "platform", "highway": "bus_stop", "aeroway": null, "building": null, "operator": null, "network": null, "centroid_lat": 5.5480675, "centroid_lon": -0.2403079 }, "geometry": { "type": "Point", "coordinates": [ -0.2403079, 5.5480675 ] } },
{ "type": "Feature", "properties": { "osmid": 5102949432, "element": "node", "name": "UTC", "hub_type": "bus", "hub_scale": "stop", "amenity": null, "railway": null, "public_transport": "platform", "highway": "bus_stop", "aeroway": null, "building": null, "operator": null, "network": null, "centroid_lat": 5.5374174, "centroid_lon": -0.21727 }, "geometry": { "type": "Point", "coordinates": [ -0.21727, 5.5374174 ] } },
{ "type": "Feature", "properties": { "osmid": 5102949433, "element": "node", "name": "Agbado", "hub_type": "bus", "hub_scale": "stop", "amenity": null, "railway": null, "public_transport": "platform", "highway": "bus_stop", "aeroway": null, "building": null, "operator": null, "network": null, "centroid_lat": 5.540445, "centroid_lon": -0.2166568 }, "geometry": { "type": "Point", "coordinates": [ -0.2166568, 5.540445 ] } },
{ "type": "Feature", "properties": { "osmid": 5102949434, "element": "node", "name": "Akoto Lante", "hub_type": "bus", "hub_scale": "stop", "amenity": null, "railway": null, "public_transport": "platform", "highway": "bus_stop", "aeroway": null, "building": null, "operator": null, "network": null, "centroid_lat": 5.5407833, "centroid_lon": -0.2154061 }, "geometry": { "type": "Point", "coordinates": [ -0.2154061, 5.5407833 ] } },
{ "type": "Feature", "properties": { "osmid": 5102983307, "element": "node", "name": "Mantse Agbonaa", "hub_type": "bus", "hub_scale": "stop", "amenity": null, "railway": null, "public_transport": "platform", "highway": "bus_stop", "aeroway": null, "building": null, "operator": null, "network": null, "centroid_lat": 5.5363942, "centroid_lon": -0.2106696 }, "geometry": { "type": "Point", "coordinates": [ -0.2106696, 5.5363942 ] } },
{ "type": "Feature", "properties": { "osmid": 5102983308, "element": "node", "name": "Korle Bu Junction", "hub_type": "bus", "hub_scale": "stop", "amenity": null, "railway": null, "public_transport": "platform", "highway": "bus_stop", "aeroway": null, "building": null, "operator": null, "network": null, "centroid_lat": 5.5437091, "centroid_lon": -0.2400087 }, "geometry": { "type": "Point", "coordinates": [ -0.2400087, 5.5437091 ] } },
{ "type": "Feature", "properties": { "osmid": 5102983309, "element": "node", "name": "Radio Gold", "hub_type": "bus", "hub_scale": "stop", "amenity": null, "railway": null, "public_transport": "platform", "highway": "bus_stop", "aeroway": null, "building": null, "operator": null, "network": null, "centroid_lat": 5.5480009, "centroid_lon": -0.2403724 }, "geometry": { "type": "Point", "coordinates": [ -0.2403724, 5.5480009 ] } },
{ "type": "Feature", "properties": { "osmid": 5102983310, "element": "node", "name": "Junction Appiah Danquah", "hub_type": "bus", "hub_scale": "stop", "amenity": null, "railway": null, "public_transport": "platform", "highway": "bus_stop", "aeroway": null, "building": null, "operator": null, "network": null, "centroid_lat": 5.5466592, "centroid_lon": -0.2439026 }, "geometry": { "type": "Point", "coordinates": [ -0.2439026, 5.5466592 ] } },
{ "type": "Feature", "properties": { "osmid": 5102983311, "element": "node", "name": "Taxi Rank", "hub_type": "bus", "hub_scale": "stop", "amenity": null, "railway": null, "public_transport": "platform", "highway": "bus_stop", "aeroway": null, "building": null, "operator": null, "network": null, "centroid_lat": 5.5467323, "centroid_lon": -0.2459356 }, "geometry": { "type": "Point", "coordinates": [ -0.2459356, 5.5467323 ] } },
{ "type": "Feature", "properties": { "osmid": 5102983312, "element": "node", "name": "Appiah Danquah", "hub_type": "bus", "hub_scale": "stop", "amenity": null, "railway": null, "public_transport": "platform", "highway": "bus_stop", "aeroway": null, "building": null, "operator": null, "network": null, "centroid_lat": 5.5466693, "centroid_lon": -0.2465004 }, "geometry": { "type": "Point", "coordinates": [ -0.2465004, 5.5466693 ] } },
{ "type": "Feature", "properties": { "osmid": 5104075746, "element": "node", "name": "T-Junction", "hub_type": "bus", "hub_scale": "stop", "amenity": null, "railway": null, "public_transport": "platform", "highway": "bus_stop", "aeroway": null, "building": null, "operator": null, "network": null, "centroid_lat": 5.5637357, "centroid_lon": -0.1428132 }, "geometry": { "type": "Point", "coordinates": [ -0.1428132, 5.5637357 ] } },
{ "type": "Feature", "properties": { "osmid": 5104165251, "element": "node", "name": "La Olympia", "hub_type": "bus", "hub_scale": "stop", "amenity": null, "railway": null, "public_transport": "platform", "highway": "bus_stop", "aeroway": null, "building": null, "operator": null, "network": null, "centroid_lat": 5.5596887, "centroid_lon": -0.1585498 }, "geometry": { "type": "Point", "coordinates": [ -0.1585498, 5.5596887 ] } },
{ "type": "Feature", "properties": { "osmid": 5104165252, "element": "node", "name": "Kaadzano Junction", "hub_type": "bus", "hub_scale": "stop", "amenity": null, "railway": null, "public_transport": "platform", "highway": "bus_stop", "aeroway": null, "building": null, "operator": null, "network": null, "centroid_lat": 5.5536535, "centroid_lon": -0.1744149 }, "geometry": { "type": "Point", "coordinates": [ -0.1744149, 5.5536535 ] } },
{ "type": "Feature", "properties": { "osmid": 5104165253, "element": "node", "name": "Osu Salem", "hub_type": "bus", "hub_scale": "stop", "amenity": null, "railway": null, "public_transport": "platform", "highway": "bus_stop", "aeroway": null, "building": null, "operator": null, "network": null, "centroid_lat": 5.5559081, "centroid_lon": -0.185967 }, "geometry": { "type": "Point", "coordinates": [ -0.185967, 5.5559081 ] } },
{ "type": "Feature", "properties": { "osmid": 5104165254, "element": "node", "name": "Osu Cemetry Junction", "hub_type": "bus", "hub_scale": "stop", "amenity": null, "railway": null, "public_transport": "platform", "highway": "bus_stop", "aeroway": null, "building": null, "operator": null, "network": null, "centroid_lat": 5.5531368, "centroid_lon": -0.1893916 }, "geometry": { "type": "Point", "coordinates": [ -0.1893916, 5.5531368 ] } },
{ "type": "Feature", "properties": { "osmid": 5104165255, "element": "node", "name": "Stadium Junction", "hub_type": "bus", "hub_scale": "stop", "amenity": null, "railway": null, "public_transport": "platform", "highway": "bus_stop", "aeroway": null, "building": null, "operator": null, "network": null, "centroid_lat": 5.5502461, "centroid_lon": -0.1909015 }, "geometry": { "type": "Point", "coordinates": [ -0.1909015, 5.5502461 ] } },
{ "type": "Feature", "properties": { "osmid": 5104184938, "element": "node", "name": "Osu Police Station", "hub_type": "bus", "hub_scale": "stop", "amenity": null, "railway": null, "public_transport": "platform", "highway": "bus_stop", "aeroway": null, "building": null, "operator": null, "network": null, "centroid_lat": 5.5525029, "centroid_lon": -0.1778036 }, "geometry": { "type": "Point", "coordinates": [ -0.1778036, 5.5525029 ] } },
{ "type": "Feature", "properties": { "osmid": 5104184939, "element": "node", "name": "Osu Salem", "hub_type": "bus", "hub_scale": "stop", "amenity": null, "railway": null, "public_transport": "platform", "highway": "bus_stop", "aeroway": null, "building": null, "operator": null, "network": null, "centroid_lat": 5.552133, "centroid_lon": -0.1843583 }, "geometry": { "type": "Point", "coordinates": [ -0.1843583, 5.552133 ] } },
{ "type": "Feature", "properties": { "osmid": 5104184940, "element": "node", "name": "La Olympia", "hub_type": "bus", "hub_scale": "stop", "amenity": null, "railway": null, "public_transport": "platform", "highway": "bus_stop", "aeroway": null, "building": null, "operator": null, "network": null, "centroid_lat": 5.5598933, "centroid_lon": -0.1581616 }, "geometry": { "type": "Point", "coordinates": [ -0.1581616, 5.5598933 ] } },
{ "type": "Feature", "properties": { "osmid": 5104221273, "element": "node", "name": "Total", "hub_type": "bus", "hub_scale": "stop", "amenity": null, "railway": null, "public_transport": "platform", "highway": "bus_stop", "aeroway": null, "building": null, "operator": null, "network": null, "centroid_lat": 5.5353957, "centroid_lon": -0.2290708 }, "geometry": { "type": "Point", "coordinates": [ -0.2290708, 5.5353957 ] } },
{ "type": "Feature", "properties": { "osmid": 5104241682, "element": "node", "name": null, "hub_type": "bus", "hub_scale": "stop", "amenity": null, "railway": null, "public_transport": "stop_position", "highway": null, "aeroway": null, "building": null, "operator": null, "network": null, "centroid_lat": 5.6409277, "centroid_lon": -0.1763961 }, "geometry": { "type": "Point", "coordinates": [ -0.1763961, 5.6409277 ] } },
{ "type": "Feature", "properties": { "osmid": 5104241683, "element": "node", "name": "Okponglo", "hub_type": "bus", "hub_scale": "stop", "amenity": null, "railway": null, "public_transport": "platform", "highway": "bus_stop", "aeroway": null, "building": null, "operator": null, "network": null, "centroid_lat": 5.6408993, "centroid_lon": -0.1763927 }, "geometry": { "type": "Point", "coordinates": [ -0.1763927, 5.6408993 ] } },
{ "type": "Feature", "properties": { "osmid": 5104249330, "element": "node", "name": "Okponglo", "hub_type": "bus", "hub_scale": "stop", "amenity": null, "railway": null, "public_transport": "platform", "highway": "bus_stop", "aeroway": null, "building": null, "operator": null, "network": null, "centroid_lat": 5.6409416, "centroid_lon": -0.1763916 }, "geometry": { "type": "Point", "coordinates": [ -0.1763916, 5.6409416 ] } },
{ "type": "Feature", "properties": { "osmid": 5104249331, "element": "node", "name": "Bawaleshie Traffic Light", "hub_type": "bus", "hub_scale": "stop", "amenity": null, "railway": null, "public_transport": "platform", "highway": "bus_stop", "aeroway": null, "building": null, "operator": null, "network": null, "centroid_lat": 5.6415982, "centroid_lon": -0.1700581 }, "geometry": { "type": "Point", "coordinates": [ -0.1700581, 5.6415982 ] } },
{ "type": "Feature", "properties": { "osmid": 5104904323, "element": "node", "name": "School Junction", "hub_type": "bus", "hub_scale": "stop", "amenity": null, "railway": null, "public_transport": "platform", "highway": "bus_stop", "aeroway": null, "building": null, "operator": null, "network": null, "centroid_lat": 5.5618188, "centroid_lon": -0.2084412 }, "geometry": { "type": "Point", "coordinates": [ -0.2084412, 5.5618188 ] } },
{ "type": "Feature", "properties": { "osmid": 5104904324, "element": "node", "name": "Ridge", "hub_type": "bus", "hub_scale": "stop", "amenity": null, "railway": null, "public_transport": "platform", "highway": "bus_stop", "aeroway": null, "building": null, "operator": null, "network": null, "centroid_lat": 5.5636144, "centroid_lon": -0.2016559 }, "geometry": { "type": "Point", "coordinates": [ -0.2016559, 5.5636144 ] } },
{ "type": "Feature", "properties": { "osmid": 5104944364, "element": "node", "name": "Masalachi", "hub_type": "bus", "hub_scale": "stop", "amenity": null, "railway": null, "public_transport": "platform", "highway": "bus_stop", "aeroway": null, "building": null, "operator": null, "network": null, "centroid_lat": 5.590114, "centroid_lon": -0.2070668 }, "geometry": { "type": "Point", "coordinates": [ -0.2070668, 5.590114 ] } },
{ "type": "Feature", "properties": { "osmid": 5104944365, "element": "node", "name": "P.T.C", "hub_type": "bus", "hub_scale": "stop", "amenity": null, "railway": null, "public_transport": "platform", "highway": "bus_stop", "aeroway": null, "building": null, "operator": null, "network": null, "centroid_lat": 5.5683329, "centroid_lon": -0.213734 }, "geometry": { "type": "Point", "coordinates": [ -0.213734, 5.5683329 ] } },
{ "type": "Feature", "properties": { "osmid": 5104994688, "element": "node", "name": "Flat", "hub_type": "bus", "hub_scale": "stop", "amenity": null, "railway": null, "public_transport": "platform", "highway": "bus_stop", "aeroway": null, "building": null, "operator": null, "network": null, "centroid_lat": 5.5472876, "centroid_lon": -0.2331093 }, "geometry": { "type": "Point", "coordinates": [ -0.2331093, 5.5472876 ] } },
{ "type": "Feature", "properties": { "osmid": 5105027556, "element": "node", "name": "Academy", "hub_type": "bus", "hub_scale": "stop", "amenity": null, "railway": null, "public_transport": "platform", "highway": "bus_stop", "aeroway": null, "building": null, "operator": null, "network": null, "centroid_lat": 5.5291558, "centroid_lon": -0.2711852 }, "geometry": { "type": "Point", "coordinates": [ -0.2711852, 5.5291558 ] } },
{ "type": "Feature", "properties": { "osmid": 5106081343, "element": "node", "name": null, "hub_type": "bus", "hub_scale": "stop", "amenity": null, "railway": null, "public_transport": "stop_position", "highway": null, "aeroway": null, "building": null, "operator": null, "network": null, "centroid_lat": 5.6428554, "centroid_lon": -0.1600416 }, "geometry": { "type": "Point", "coordinates": [ -0.1600416, 5.6428554 ] } },
{ "type": "Feature", "properties": { "osmid": 5109596751, "element": "node", "name": "A&C Mall", "hub_type": "bus", "hub_scale": "stop", "amenity": null, "railway": null, "public_transport": "platform", "highway": "bus_stop", "aeroway": null, "building": null, "operator": null, "network": null, "centroid_lat": 5.64208, "centroid_lon": -0.1516424 }, "geometry": { "type": "Point", "coordinates": [ -0.1516424, 5.64208 ] } },
{ "type": "Feature", "properties": { "osmid": 5109596752, "element": "node", "name": "Christian Centre", "hub_type": "bus", "hub_scale": "stop", "amenity": null, "railway": null, "public_transport": "platform", "highway": "bus_stop", "aeroway": null, "building": null, "operator": null, "network": null, "centroid_lat": 5.6384138, "centroid_lon": -0.1502392 }, "geometry": { "type": "Point", "coordinates": [ -0.1502392, 5.6384138 ] } },
{ "type": "Feature", "properties": { "osmid": 5109596753, "element": "node", "name": "Christian Centre", "hub_type": "bus", "hub_scale": "stop", "amenity": null, "railway": null, "public_transport": "platform", "highway": "bus_stop", "aeroway": null, "building": null, "operator": null, "network": null, "centroid_lat": 5.6384485, "centroid_lon": -0.1503211 }, "geometry": { "type": "Point", "coordinates": [ -0.1503211, 5.6384485 ] } },
{ "type": "Feature", "properties": { "osmid": 5110119202, "element": "node", "name": "Chabaar", "hub_type": "bus", "hub_scale": "stop", "amenity": null, "railway": null, "public_transport": "platform", "highway": "bus_stop", "aeroway": null, "building": null, "operator": null, "network": null, "centroid_lat": 5.5760642, "centroid_lon": -0.2750105 }, "geometry": { "type": "Point", "coordinates": [ -0.2750105, 5.5760642 ] } },
{ "type": "Feature", "properties": { "osmid": 5110119203, "element": "node", "name": "Sakaman", "hub_type": "bus", "hub_scale": "stop", "amenity": null, "railway": null, "public_transport": "platform", "highway": "bus_stop", "aeroway": null, "building": null, "operator": null, "network": null, "centroid_lat": 5.5766642, "centroid_lon": -0.2739904 }, "geometry": { "type": "Point", "coordinates": [ -0.2739904, 5.5766642 ] } },
{ "type": "Feature", "properties": { "osmid": 5110119204, "element": "node", "name": "Tipper", "hub_type": "bus", "hub_scale": "stop", "amenity": null, "railway": null, "public_transport": "platform", "highway": "bus_stop", "aeroway": null, "building": null, "operator": null, "network": null, "centroid_lat": 5.5784033, "centroid_lon": -0.2703227 }, "geometry": { "type": "Point", "coordinates": [ -0.2703227, 5.5784033 ] } },
{ "type": "Feature", "properties": { "osmid": 5110119205, "element": "node", "name": "Busia Junction", "hub_type": "bus", "hub_scale": "stop", "amenity": null, "railway": null, "public_transport": "platform", "highway": "bus_stop", "aeroway": null, "building": null, "operator": null, "network": null, "centroid_lat": 5.5791228, "centroid_lon": -0.2678356 }, "geometry": { "type": "Point", "coordinates": [ -0.2678356, 5.5791228 ] } },
{ "type": "Feature", "properties": { "osmid": 5110119206, "element": "node", "name": "Mataheko", "hub_type": "bus", "hub_scale": "stop", "amenity": null, "railway": null, "public_transport": "platform", "highway": "bus_stop", "aeroway": null, "building": null, "operator": null, "network": null, "centroid_lat": 5.5629792, "centroid_lon": -0.2439524 }, "geometry": { "type": "Point", "coordinates": [ -0.2439524, 5.5629792 ] } },
{ "type": "Feature", "properties": { "osmid": 5110140105, "element": "node", "name": "Tipper", "hub_type": "bus", "hub_scale": "stop", "amenity": null, "railway": null, "public_transport": "platform", "highway": "bus_stop", "aeroway": null, "building": null, "operator": null, "network": null, "centroid_lat": 5.5783095, "centroid_lon": -0.2699562 }, "geometry": { "type": "Point", "coordinates": [ -0.2699562, 5.5783095 ] } },
{ "type": "Feature", "properties": { "osmid": 5111502567, "element": "node", "name": "Abase", "hub_type": "bus", "hub_scale": "stop", "amenity": null, "railway": null, "public_transport": "platform", "highway": "bus_stop", "aeroway": null, "building": null, "operator": null, "network": null, "centroid_lat": 5.6165985, "centroid_lon": -0.2033473 }, "geometry": { "type": "Point", "coordinates": [ -0.2033473, 5.6165985 ] } },
{ "type": "Feature", "properties": { "osmid": 5111502568, "element": "node", "name": "Tullow", "hub_type": "bus", "hub_scale": "stop", "amenity": null, "railway": null, "public_transport": "platform", "highway": "bus_stop", "aeroway": null, "building": null, "operator": null, "network": null, "centroid_lat": 5.6217735, "centroid_lon": -0.1808284 }, "geometry": { "type": "Point", "coordinates": [ -0.1808284, 5.6217735 ] } },
{ "type": "Feature", "properties": { "osmid": 5111681606, "element": "node", "name": "Makola Market", "hub_type": "bus", "hub_scale": "stop", "amenity": null, "railway": null, "public_transport": "platform", "highway": "bus_stop", "aeroway": null, "building": null, "operator": null, "network": null, "centroid_lat": 5.5477344, "centroid_lon": -0.2049086 }, "geometry": { "type": "Point", "coordinates": [ -0.2049086, 5.5477344 ] } },
{ "type": "Feature", "properties": { "osmid": 5111681607, "element": "node", "name": "Ashfoam", "hub_type": "bus", "hub_scale": "stop", "amenity": null, "railway": null, "public_transport": "platform", "highway": "bus_stop", "aeroway": null, "building": null, "operator": null, "network": null, "centroid_lat": 5.5788465, "centroid_lon": -0.2234586 }, "geometry": { "type": "Point", "coordinates": [ -0.2234586, 5.5788465 ] } },
{ "type": "Feature", "properties": { "osmid": 5111681608, "element": "node", "name": "Sun Flower Junction", "hub_type": "bus", "hub_scale": "stop", "amenity": null, "railway": null, "public_transport": "platform", "highway": "bus_stop", "aeroway": null, "building": null, "operator": null, "network": null, "centroid_lat": 5.5897151, "centroid_lon": -0.2432211 }, "geometry": { "type": "Point", "coordinates": [ -0.2432211, 5.5897151 ] } },
{ "type": "Feature", "properties": { "osmid": 5111681609, "element": "node", "name": "Darkuman junction", "hub_type": "bus", "hub_scale": "stop", "amenity": null, "railway": null, "public_transport": "platform", "highway": "bus_stop", "aeroway": null, "building": null, "operator": null, "network": null, "centroid_lat": 5.5915404, "centroid_lon": -0.2526922 }, "geometry": { "type": "Point", "coordinates": [ -0.2526922, 5.5915404 ] } },
{ "type": "Feature", "properties": { "osmid": 5111681610, "element": "node", "name": "Odorkor Official Town Junction", "hub_type": "bus", "hub_scale": "stop", "amenity": null, "railway": null, "public_transport": "platform", "highway": "bus_stop", "aeroway": null, "building": null, "operator": null, "network": null, "centroid_lat": 5.5887611, "centroid_lon": -0.2618668 }, "geometry": { "type": "Point", "coordinates": [ -0.2618668, 5.5887611 ] } },
{ "type": "Feature", "properties": { "osmid": 5111702003, "element": "node", "name": null, "hub_type": "bus", "hub_scale": "stop", "amenity": null, "railway": null, "public_transport": "stop_position", "highway": null, "aeroway": null, "building": null, "operator": null, "network": null, "centroid_lat": 5.5455538, "centroid_lon": -0.2084962 }, "geometry": { "type": "Point", "coordinates": [ -0.2084962, 5.5455538 ] } },
{ "type": "Feature", "properties": { "osmid": 5111702006, "element": "node", "name": "Accra Rawlings Park", "hub_type": "bus", "hub_scale": "stop", "amenity": null, "railway": null, "public_transport": "platform", "highway": "bus_stop", "aeroway": null, "building": null, "operator": null, "network": null, "centroid_lat": 5.5455539, "centroid_lon": -0.2085122 }, "geometry": { "type": "Point", "coordinates": [ -0.2085122, 5.5455539 ] } },
{ "type": "Feature", "properties": { "osmid": 5111702007, "element": "node", "name": "Central University", "hub_type": "bus", "hub_scale": "stop", "amenity": null, "railway": null, "public_transport": "platform", "highway": "bus_stop", "aeroway": null, "building": null, "operator": null, "network": null, "centroid_lat": 5.5662267, "centroid_lon": -0.2420182 }, "geometry": { "type": "Point", "coordinates": [ -0.2420182, 5.5662267 ] } },
{ "type": "Feature", "properties": { "osmid": 5111702008, "element": "node", "name": "Mataheko", "hub_type": "bus", "hub_scale": "stop", "amenity": null, "railway": null, "public_transport": "platform", "highway": "bus_stop", "aeroway": null, "building": null, "operator": null, "network": null, "centroid_lat": 5.5604305, "centroid_lon": -0.2390114 }, "geometry": { "type": "Point", "coordinates": [ -0.2390114, 5.5604305 ] } },
{ "type": "Feature", "properties": { "osmid": 5111702009, "element": "node", "name": "Abossey Okai Zongo Junction", "hub_type": "bus", "hub_scale": "stop", "amenity": null, "railway": null, "public_transport": "platform", "highway": "bus_stop", "aeroway": null, "building": null, "operator": null, "network": null, "centroid_lat": 5.5561093, "centroid_lon": -0.2344091 }, "geometry": { "type": "Point", "coordinates": [ -0.2344091, 5.5561093 ] } },
{ "type": "Feature", "properties": { "osmid": 5111743570, "element": "node", "name": "Ghana Commercial Bank", "hub_type": "bus", "hub_scale": "stop", "amenity": null, "railway": null, "public_transport": "platform", "highway": "bus_stop", "aeroway": null, "building": null, "operator": null, "network": null, "centroid_lat": 5.5846932, "centroid_lon": -0.2081132 }, "geometry": { "type": "Point", "coordinates": [ -0.2081132, 5.5846932 ] } },
{ "type": "Feature", "properties": { "osmid": 5111784807, "element": "node", "name": "Peace Clinic", "hub_type": "bus", "hub_scale": "stop", "amenity": null, "railway": null, "public_transport": "platform", "highway": "bus_stop", "aeroway": null, "building": null, "operator": null, "network": null, "centroid_lat": 5.5660553, "centroid_lon": -0.2477508 }, "geometry": { "type": "Point", "coordinates": [ -0.2477508, 5.5660553 ] } },
{ "type": "Feature", "properties": { "osmid": 5111784808, "element": "node", "name": "Liberty", "hub_type": "bus", "hub_scale": "stop", "amenity": null, "railway": null, "public_transport": "platform", "highway": "bus_stop", "aeroway": null, "building": null, "operator": null, "network": null, "centroid_lat": 5.565211, "centroid_lon": -0.2548057 }, "geometry": { "type": "Point", "coordinates": [ -0.2548057, 5.565211 ] } },
{ "type": "Feature", "properties": { "osmid": 5111784809, "element": "node", "name": "Mars", "hub_type": "bus", "hub_scale": "stop", "amenity": null, "railway": null, "public_transport": "platform", "highway": "bus_stop", "aeroway": null, "building": null, "operator": null, "network": null, "centroid_lat": 5.5621759, "centroid_lon": -0.2549669 }, "geometry": { "type": "Point", "coordinates": [ -0.2549669, 5.5621759 ] } },
{ "type": "Feature", "properties": { "osmid": 5111784810, "element": "node", "name": "New Russia", "hub_type": "bus", "hub_scale": "stop", "amenity": null, "railway": null, "public_transport": "platform", "highway": "bus_stop", "aeroway": null, "building": null, "operator": null, "network": null, "centroid_lat": 5.5561363, "centroid_lon": -0.2570488 }, "geometry": { "type": "Point", "coordinates": [ -0.2570488, 5.5561363 ] } },
{ "type": "Feature", "properties": { "osmid": 5111784811, "element": "node", "name": "Mataheko", "hub_type": "bus", "hub_scale": "stop", "amenity": null, "railway": null, "public_transport": "platform", "highway": "bus_stop", "aeroway": null, "building": null, "operator": null, "network": null, "centroid_lat": 5.5556049, "centroid_lon": -0.257078 }, "geometry": { "type": "Point", "coordinates": [ -0.257078, 5.5556049 ] } },
{ "type": "Feature", "properties": { "osmid": 5111790653, "element": "node", "name": "Mataheko", "hub_type": "bus", "hub_scale": "stop", "amenity": null, "railway": null, "public_transport": "platform", "highway": "bus_stop", "aeroway": null, "building": null, "operator": null, "network": null, "centroid_lat": 5.5550155, "centroid_lon": -0.2571133 }, "geometry": { "type": "Point", "coordinates": [ -0.2571133, 5.5550155 ] } },
{ "type": "Feature", "properties": { "osmid": 5111790654, "element": "node", "name": "Filling Station", "hub_type": "bus", "hub_scale": "stop", "amenity": null, "railway": null, "public_transport": "platform", "highway": "bus_stop", "aeroway": null, "building": null, "operator": null, "network": null, "centroid_lat": 5.5591365, "centroid_lon": -0.2539324 }, "geometry": { "type": "Point", "coordinates": [ -0.2539324, 5.5591365 ] } },
{ "type": "Feature", "properties": { "osmid": 5111790655, "element": "node", "name": "Mars", "hub_type": "bus", "hub_scale": "stop", "amenity": null, "railway": null, "public_transport": "platform", "highway": "bus_stop", "aeroway": null, "building": null, "operator": null, "network": null, "centroid_lat": 5.564507, "centroid_lon": -0.2559659 }, "geometry": { "type": "Point", "coordinates": [ -0.2559659, 5.564507 ] } },
{ "type": "Feature", "properties": { "osmid": 5111790656, "element": "node", "name": "Station", "hub_type": "bus", "hub_scale": "stop", "amenity": null, "railway": null, "public_transport": "platform", "highway": "bus_stop", "aeroway": null, "building": null, "operator": null, "network": null, "centroid_lat": 5.566682, "centroid_lon": -0.2528763 }, "geometry": { "type": "Point", "coordinates": [ -0.2528763, 5.566682 ] } },
{ "type": "Feature", "properties": { "osmid": 5112610015, "element": "node", "name": "New Fadama", "hub_type": "bus", "hub_scale": "stop", "amenity": null, "railway": null, "public_transport": "platform", "highway": "bus_stop", "aeroway": null, "building": null, "operator": null, "network": null, "centroid_lat": 5.5983579, "centroid_lon": -0.247825 }, "geometry": { "type": "Point", "coordinates": [ -0.247825, 5.5983579 ] } },
{ "type": "Feature", "properties": { "osmid": 5112798929, "element": "node", "name": "Abelenkpe", "hub_type": "bus", "hub_scale": "stop", "amenity": null, "railway": null, "public_transport": "platform", "highway": "bus_stop", "aeroway": null, "building": null, "operator": null, "network": null, "centroid_lat": 5.6079878, "centroid_lon": -0.2180496 }, "geometry": { "type": "Point", "coordinates": [ -0.2180496, 5.6079878 ] } },
{ "type": "Feature", "properties": { "osmid": 5112822912, "element": "node", "name": "Novotel", "hub_type": "bus", "hub_scale": "stop", "amenity": null, "railway": null, "public_transport": "platform", "highway": "bus_stop", "aeroway": null, "building": null, "operator": null, "network": null, "centroid_lat": 5.5539658, "centroid_lon": -0.2047964 }, "geometry": { "type": "Point", "coordinates": [ -0.2047964, 5.5539658 ] } },
{ "type": "Feature", "properties": { "osmid": 5112822913, "element": "node", "name": "Kanda Overhead", "hub_type": "bus", "hub_scale": "stop", "amenity": null, "railway": null, "public_transport": "platform", "highway": "bus_stop", "aeroway": null, "building": null, "operator": null, "network": null, "centroid_lat": 5.5747177, "centroid_lon": -0.1983432 }, "geometry": { "type": "Point", "coordinates": [ -0.1983432, 5.5747177 ] } },
{ "type": "Feature", "properties": { "osmid": 5112822914, "element": "node", "name": "Commandos", "hub_type": "bus", "hub_scale": "stop", "amenity": null, "railway": null, "public_transport": "platform", "highway": "bus_stop", "aeroway": null, "building": null, "operator": null, "network": null, "centroid_lat": 5.5802631, "centroid_lon": -0.2052915 }, "geometry": { "type": "Point", "coordinates": [ -0.2052915, 5.5802631 ] } },
{ "type": "Feature", "properties": { "osmid": 5112822915, "element": "node", "name": "Club 1000", "hub_type": "bus", "hub_scale": "stop", "amenity": null, "railway": null, "public_transport": "platform", "highway": "bus_stop", "aeroway": null, "building": null, "operator": null, "network": null, "centroid_lat": 5.5957947, "centroid_lon": -0.200693 }, "geometry": { "type": "Point", "coordinates": [ -0.200693, 5.5957947 ] } },
{ "type": "Feature", "properties": { "osmid": 5112961115, "element": "node", "name": "Mallata", "hub_type": "bus", "hub_scale": "stop", "amenity": null, "railway": null, "public_transport": "platform", "highway": "bus_stop", "aeroway": null, "building": null, "operator": null, "network": null, "centroid_lat": 5.5776657, "centroid_lon": -0.2079011 }, "geometry": { "type": "Point", "coordinates": [ -0.2079011, 5.5776657 ] } },
{ "type": "Feature", "properties": { "osmid": 5112961116, "element": "node", "name": "Museum", "hub_type": "bus", "hub_scale": "stop", "amenity": null, "railway": null, "public_transport": "platform", "highway": "bus_stop", "aeroway": null, "building": null, "operator": null, "network": null, "centroid_lat": 5.5606235, "centroid_lon": -0.2058368 }, "geometry": { "type": "Point", "coordinates": [ -0.2058368, 5.5606235 ] } },
{ "type": "Feature", "properties": { "osmid": 5113056194, "element": "node", "name": "College", "hub_type": "bus", "hub_scale": "stop", "amenity": null, "railway": null, "public_transport": "platform", "highway": "bus_stop", "aeroway": null, "building": null, "operator": null, "network": null, "centroid_lat": 5.5832717, "centroid_lon": -0.2068995 }, "geometry": { "type": "Point", "coordinates": [ -0.2068995, 5.5832717 ] } },
{ "type": "Feature", "properties": { "osmid": 5113056195, "element": "node", "name": "Commercial Bank", "hub_type": "bus", "hub_scale": "stop", "amenity": null, "railway": null, "public_transport": "platform", "highway": "bus_stop", "aeroway": null, "building": null, "operator": null, "network": null, "centroid_lat": 5.5853237, "centroid_lon": -0.2079325 }, "geometry": { "type": "Point", "coordinates": [ -0.2079325, 5.5853237 ] } },
{ "type": "Feature", "properties": { "osmid": 5113124897, "element": "node", "name": "Police Container", "hub_type": "bus", "hub_scale": "stop", "amenity": null, "railway": null, "public_transport": "platform", "highway": "bus_stop", "aeroway": null, "building": null, "operator": null, "network": null, "centroid_lat": 5.6573176, "centroid_lon": -0.2075698 }, "geometry": { "type": "Point", "coordinates": [ -0.2075698, 5.6573176 ] } },
{ "type": "Feature", "properties": { "osmid": 5113124898, "element": "node", "name": "Brainy School Junction", "hub_type": "bus", "hub_scale": "stop", "amenity": null, "railway": null, "public_transport": "platform", "highway": "bus_stop", "aeroway": null, "building": null, "operator": null, "network": null, "centroid_lat": 5.6547708, "centroid_lon": -0.2083344 }, "geometry": { "type": "Point", "coordinates": [ -0.2083344, 5.6547708 ] } },
{ "type": "Feature", "properties": { "osmid": 5113124899, "element": "node", "name": "Communication", "hub_type": "bus", "hub_scale": "stop", "amenity": null, "railway": null, "public_transport": "platform", "highway": "bus_stop", "aeroway": null, "building": null, "operator": null, "network": null, "centroid_lat": 5.6538735, "centroid_lon": -0.2086516 }, "geometry": { "type": "Point", "coordinates": [ -0.2086516, 5.6538735 ] } },
{ "type": "Feature", "properties": { "osmid": 5113124900, "element": "node", "name": "Sign board", "hub_type": "bus", "hub_scale": "stop", "amenity": null, "railway": null, "public_transport": "platform", "highway": "bus_stop", "aeroway": null, "building": null, "operator": null, "network": null, "centroid_lat": 5.6515859, "centroid_lon": -0.2094173 }, "geometry": { "type": "Point", "coordinates": [ -0.2094173, 5.6515859 ] } },
{ "type": "Feature", "properties": { "osmid": 5113124901, "element": "node", "name": "Blue Kiosk", "hub_type": "bus", "hub_scale": "stop", "amenity": null, "railway": null, "public_transport": "platform", "highway": "bus_stop", "aeroway": null, "building": null, "operator": null, "network": null, "centroid_lat": 5.6475399, "centroid_lon": -0.2104242 }, "geometry": { "type": "Point", "coordinates": [ -0.2104242, 5.6475399 ] } },
{ "type": "Feature", "properties": { "osmid": 5113124902, "element": "node", "name": "Bridge", "hub_type": "bus", "hub_scale": "stop", "amenity": null, "railway": null, "public_transport": "platform", "highway": "bus_stop", "aeroway": null, "building": null, "operator": null, "network": null, "centroid_lat": 5.644851, "centroid_lon": -0.2104064 }, "geometry": { "type": "Point", "coordinates": [ -0.2104064, 5.644851 ] } },
{ "type": "Feature", "properties": { "osmid": 5113124903, "element": "node", "name": "2nd Curve", "hub_type": "bus", "hub_scale": "stop", "amenity": null, "railway": null, "public_transport": "platform", "highway": "bus_stop", "aeroway": null, "building": null, "operator": null, "network": null, "centroid_lat": 5.642975, "centroid_lon": -0.2098088 }, "geometry": { "type": "Point", "coordinates": [ -0.2098088, 5.642975 ] } },
{ "type": "Feature", "properties": { "osmid": 5113124904, "element": "node", "name": "1st Curve", "hub_type": "bus", "hub_scale": "stop", "amenity": null, "railway": null, "public_transport": "platform", "highway": "bus_stop", "aeroway": null, "building": null, "operator": null, "network": null, "centroid_lat": 5.6409243, "centroid_lon": -0.2117509 }, "geometry": { "type": "Point", "coordinates": [ -0.2117509, 5.6409243 ] } },
{ "type": "Feature", "properties": { "osmid": 5113195623, "element": "node", "name": "CP", "hub_type": "bus", "hub_scale": "stop", "amenity": null, "railway": null, "public_transport": "platform", "highway": "bus_stop", "aeroway": null, "building": null, "operator": null, "network": null, "centroid_lat": 5.6157629, "centroid_lon": -0.2140175 }, "geometry": { "type": "Point", "coordinates": [ -0.2140175, 5.6157629 ] } },
{ "type": "Feature", "properties": { "osmid": 5113195624, "element": "node", "name": "Blue Kiosk", "hub_type": "bus", "hub_scale": "stop", "amenity": null, "railway": null, "public_transport": "platform", "highway": "bus_stop", "aeroway": null, "building": null, "operator": null, "network": null, "centroid_lat": 5.6472812, "centroid_lon": -0.2105242 }, "geometry": { "type": "Point", "coordinates": [ -0.2105242, 5.6472812 ] } },
{ "type": "Feature", "properties": { "osmid": 5113195625, "element": "node", "name": "Kwashieman Junction", "hub_type": "bus", "hub_scale": "stop", "amenity": null, "railway": null, "public_transport": "platform", "highway": "bus_stop", "aeroway": null, "building": null, "operator": null, "network": null, "centroid_lat": 5.6493102, "centroid_lon": -0.2101245 }, "geometry": { "type": "Point", "coordinates": [ -0.2101245, 5.6493102 ] } },
{ "type": "Feature", "properties": { "osmid": 5113195626, "element": "node", "name": "Brainy School Junction", "hub_type": "bus", "hub_scale": "stop", "amenity": null, "railway": null, "public_transport": "platform", "highway": "bus_stop", "aeroway": null, "building": null, "operator": null, "network": null, "centroid_lat": 5.6548613, "centroid_lon": -0.2083924 }, "geometry": { "type": "Point", "coordinates": [ -0.2083924, 5.6548613 ] } },
{ "type": "Feature", "properties": { "osmid": 5113361303, "element": "node", "name": "ADB House", "hub_type": "bus", "hub_scale": "stop", "amenity": null, "railway": null, "public_transport": "platform", "highway": "bus_stop", "aeroway": null, "building": null, "operator": null, "network": null, "centroid_lat": 5.5649249, "centroid_lon": -0.1940004 }, "geometry": { "type": "Point", "coordinates": [ -0.1940004, 5.5649249 ] } },
{ "type": "Feature", "properties": { "osmid": 5113398162, "element": "node", "name": "Ministries", "hub_type": "bus", "hub_scale": "stop", "amenity": null, "railway": null, "public_transport": "platform", "highway": "bus_stop", "aeroway": null, "building": null, "operator": null, "network": null, "centroid_lat": 5.5516431, "centroid_lon": -0.1989184 }, "geometry": { "type": "Point", "coordinates": [ -0.1989184, 5.5516431 ] } },
{ "type": "Feature", "properties": { "osmid": 5113398163, "element": "node", "name": "National Theatre", "hub_type": "bus", "hub_scale": "stop", "amenity": null, "railway": null, "public_transport": "platform", "highway": "bus_stop", "aeroway": null, "building": null, "operator": null, "network": null, "centroid_lat": 5.5538539, "centroid_lon": -0.1997983 }, "geometry": { "type": "Point", "coordinates": [ -0.1997983, 5.5538539 ] } },
{ "type": "Feature", "properties": { "osmid": 5113398164, "element": "node", "name": "Immigration", "hub_type": "bus", "hub_scale": "stop", "amenity": null, "railway": null, "public_transport": "platform", "highway": "bus_stop", "aeroway": null, "building": null, "operator": null, "network": null, "centroid_lat": 5.5693854, "centroid_lon": -0.1918167 }, "geometry": { "type": "Point", "coordinates": [ -0.1918167, 5.5693854 ] } },
{ "type": "Feature", "properties": { "osmid": 5113528013, "element": "node", "name": "Lamptey Mills Junction", "hub_type": "bus", "hub_scale": "stop", "amenity": null, "railway": null, "public_transport": "platform", "highway": "bus_stop", "aeroway": null, "building": null, "operator": null, "network": null, "centroid_lat": 5.5561515, "centroid_lon": -0.2358832 }, "geometry": { "type": "Point", "coordinates": [ -0.2358832, 5.5561515 ] } },
{ "type": "Feature", "properties": { "osmid": 5113528014, "element": "node", "name": "Kaneshie Zongo", "hub_type": "bus", "hub_scale": "stop", "amenity": null, "railway": null, "public_transport": "platform", "highway": "bus_stop", "aeroway": null, "building": null, "operator": null, "network": null, "centroid_lat": 5.5525423, "centroid_lon": -0.2360096 }, "geometry": { "type": "Point", "coordinates": [ -0.2360096, 5.5525423 ] } },
{ "type": "Feature", "properties": { "osmid": 5113810459, "element": "node", "name": "MTN", "hub_type": "bus", "hub_scale": "stop", "amenity": null, "railway": null, "public_transport": "platform", "highway": "bus_stop", "aeroway": null, "building": null, "operator": null, "network": null, "centroid_lat": 5.6103093, "centroid_lon": -0.2356194 }, "geometry": { "type": "Point", "coordinates": [ -0.2356194, 5.6103093 ] } },
{ "type": "Feature", "properties": { "osmid": 5113829631, "element": "node", "name": "Mamobi Market", "hub_type": "bus", "hub_scale": "stop", "amenity": null, "railway": null, "public_transport": "platform", "highway": "bus_stop", "aeroway": null, "building": null, "operator": null, "network": null, "centroid_lat": 5.5939106, "centroid_lon": -0.1948634 }, "geometry": { "type": "Point", "coordinates": [ -0.1948634, 5.5939106 ] } },
{ "type": "Feature", "properties": { "osmid": 5114018827, "element": "node", "name": "Agbobloshie Market", "hub_type": "bus", "hub_scale": "stop", "amenity": null, "railway": null, "public_transport": "platform", "highway": "bus_stop", "aeroway": null, "building": null, "operator": null, "network": null, "centroid_lat": 5.5503625, "centroid_lon": -0.2201832 }, "geometry": { "type": "Point", "coordinates": [ -0.2201832, 5.5503625 ] } },
{ "type": "Feature", "properties": { "osmid": 5114018828, "element": "node", "name": "Arena", "hub_type": "bus", "hub_scale": "stop", "amenity": null, "railway": null, "public_transport": "platform", "highway": "bus_stop", "aeroway": null, "building": null, "operator": null, "network": null, "centroid_lat": 5.5455232, "centroid_lon": -0.216921 }, "geometry": { "type": "Point", "coordinates": [ -0.216921, 5.5455232 ] } },
{ "type": "Feature", "properties": { "osmid": 5114018829, "element": "node", "name": "Methodist", "hub_type": "bus", "hub_scale": "stop", "amenity": null, "railway": null, "public_transport": "platform", "highway": "bus_stop", "aeroway": null, "building": null, "operator": null, "network": null, "centroid_lat": 5.5349275, "centroid_lon": -0.2443053 }, "geometry": { "type": "Point", "coordinates": [ -0.2443053, 5.5349275 ] } },
{ "type": "Feature", "properties": { "osmid": 5114018830, "element": "node", "name": "USA", "hub_type": "bus", "hub_scale": "stop", "amenity": null, "railway": null, "public_transport": "platform", "highway": "bus_stop", "aeroway": null, "building": null, "operator": null, "network": null, "centroid_lat": 5.5322468, "centroid_lon": -0.2479427 }, "geometry": { "type": "Point", "coordinates": [ -0.2479427, 5.5322468 ] } },
{ "type": "Feature", "properties": { "osmid": 5114018831, "element": "node", "name": "Point 6", "hub_type": "bus", "hub_scale": "stop", "amenity": null, "railway": null, "public_transport": "platform", "highway": "bus_stop", "aeroway": null, "building": null, "operator": null, "network": null, "centroid_lat": 5.5275468, "centroid_lon": -0.2673465 }, "geometry": { "type": "Point", "coordinates": [ -0.2673465, 5.5275468 ] } },
{ "type": "Feature", "properties": { "osmid": 5115477021, "element": "node", "name": "Shangrila", "hub_type": "bus", "hub_scale": "stop", "amenity": null, "railway": null, "public_transport": "platform", "highway": "bus_stop", "aeroway": null, "building": null, "operator": null, "network": null, "centroid_lat": 5.6172269, "centroid_lon": -0.176424 }, "geometry": { "type": "Point", "coordinates": [ -0.176424, 5.6172269 ] } },
{ "type": "Feature", "properties": { "osmid": 5115688028, "element": "node", "name": "New Town", "hub_type": "bus", "hub_scale": "stop", "amenity": null, "railway": null, "public_transport": "platform", "highway": "bus_stop", "aeroway": null, "building": null, "operator": null, "network": null, "centroid_lat": 5.5826943, "centroid_lon": -0.2084479 }, "geometry": { "type": "Point", "coordinates": [ -0.2084479, 5.5826943 ] } },
{ "type": "Feature", "properties": { "osmid": 5115688029, "element": "node", "name": "Masalaachi Nima", "hub_type": "bus", "hub_scale": "stop", "amenity": null, "railway": null, "public_transport": "platform", "highway": "bus_stop", "aeroway": null, "building": null, "operator": null, "network": null, "centroid_lat": 5.5809249, "centroid_lon": -0.2063247 }, "geometry": { "type": "Point", "coordinates": [ -0.2063247, 5.5809249 ] } },
{ "type": "Feature", "properties": { "osmid": 5115688030, "element": "node", "name": "TV Africa", "hub_type": "bus", "hub_scale": "stop", "amenity": null, "railway": null, "public_transport": "platform", "highway": "bus_stop", "aeroway": null, "building": null, "operator": null, "network": null, "centroid_lat": 5.5718001, "centroid_lon": -0.2239087 }, "geometry": { "type": "Point", "coordinates": [ -0.2239087, 5.5718001 ] } },
{ "type": "Feature", "properties": { "osmid": 5115688031, "element": "node", "name": "Big Boss", "hub_type": "bus", "hub_scale": "stop", "amenity": null, "railway": null, "public_transport": "platform", "highway": "bus_stop", "aeroway": null, "building": null, "operator": null, "network": null, "centroid_lat": 5.5711373, "centroid_lon": -0.2320669 }, "geometry": { "type": "Point", "coordinates": [ -0.2320669, 5.5711373 ] } },
{ "type": "Feature", "properties": { "osmid": 5115688032, "element": "node", "name": "First Light", "hub_type": "bus", "hub_scale": "stop", "amenity": null, "railway": null, "public_transport": "platform", "highway": "bus_stop", "aeroway": null, "building": null, "operator": null, "network": null, "centroid_lat": 5.5695002, "centroid_lon": -0.2417323 }, "geometry": { "type": "Point", "coordinates": [ -0.2417323, 5.5695002 ] } },
{ "type": "Feature", "properties": { "osmid": 5115955262, "element": "node", "name": "Ticket booth", "hub_type": "bus", "hub_scale": "stop", "amenity": null, "railway": null, "public_transport": "platform", "highway": "bus_stop", "aeroway": null, "building": null, "operator": null, "network": null, "centroid_lat": 5.6344534, "centroid_lon": -0.1438361 }, "geometry": { "type": "Point", "coordinates": [ -0.1438361, 5.6344534 ] } },
{ "type": "Feature", "properties": { "osmid": 5115955263, "element": "node", "name": "Flower Pot", "hub_type": "bus", "hub_scale": "stop", "amenity": null, "railway": null, "public_transport": "platform", "highway": "bus_stop", "aeroway": null, "building": null, "operator": null, "network": null, "centroid_lat": 5.6296616, "centroid_lon": -0.1554893 }, "geometry": { "type": "Point", "coordinates": [ -0.1554893, 5.6296616 ] } },
{ "type": "Feature", "properties": { "osmid": 5115955264, "element": "node", "name": "National Service", "hub_type": "bus", "hub_scale": "stop", "amenity": null, "railway": null, "public_transport": "platform", "highway": "bus_stop", "aeroway": null, "building": null, "operator": null, "network": null, "centroid_lat": 5.6096595, "centroid_lon": -0.1831346 }, "geometry": { "type": "Point", "coordinates": [ -0.1831346, 5.6096595 ] } },
{ "type": "Feature", "properties": { "osmid": 5116037040, "element": "node", "name": "National Service", "hub_type": "bus", "hub_scale": "stop", "amenity": null, "railway": null, "public_transport": "platform", "highway": "bus_stop", "aeroway": null, "building": null, "operator": null, "network": null, "centroid_lat": 5.6097373, "centroid_lon": -0.1832193 }, "geometry": { "type": "Point", "coordinates": [ -0.1832193, 5.6097373 ] } },
{ "type": "Feature", "properties": { "osmid": 5116037041, "element": "node", "name": "Spanner", "hub_type": "bus", "hub_scale": "stop", "amenity": null, "railway": null, "public_transport": "platform", "highway": "bus_stop", "aeroway": null, "building": null, "operator": null, "network": null, "centroid_lat": 5.6197016, "centroid_lon": -0.1764479 }, "geometry": { "type": "Point", "coordinates": [ -0.1764479, 5.6197016 ] } },
{ "type": "Feature", "properties": { "osmid": 5116094284, "element": "node", "name": "Nima Station", "hub_type": "bus", "hub_scale": "stop", "amenity": null, "railway": null, "public_transport": "platform", "highway": "bus_stop", "aeroway": null, "building": null, "operator": null, "network": null, "centroid_lat": 5.5814603, "centroid_lon": -0.1986303 }, "geometry": { "type": "Point", "coordinates": [ -0.1986303, 5.5814603 ] } },
{ "type": "Feature", "properties": { "osmid": 5116094285, "element": "node", "name": "Bridge", "hub_type": "bus", "hub_scale": "stop", "amenity": null, "railway": null, "public_transport": "platform", "highway": "bus_stop", "aeroway": null, "building": null, "operator": null, "network": null, "centroid_lat": 5.5827055, "centroid_lon": -0.2036133 }, "geometry": { "type": "Point", "coordinates": [ -0.2036133, 5.5827055 ] } },
{ "type": "Feature", "properties": { "osmid": 5116094286, "element": "node", "name": "Accra Girls", "hub_type": "bus", "hub_scale": "stop", "amenity": null, "railway": null, "public_transport": "platform", "highway": "bus_stop", "aeroway": null, "building": null, "operator": null, "network": null, "centroid_lat": 5.5977479, "centroid_lon": -0.1943149 }, "geometry": { "type": "Point", "coordinates": [ -0.1943149, 5.5977479 ] } },
{ "type": "Feature", "properties": { "osmid": 5116094287, "element": "node", "name": "Pig Farm Junction", "hub_type": "bus", "hub_scale": "stop", "amenity": null, "railway": null, "public_transport": "platform", "highway": "bus_stop", "aeroway": null, "building": null, "operator": null, "network": null, "centroid_lat": 5.5990653, "centroid_lon": -0.196243 }, "geometry": { "type": "Point", "coordinates": [ -0.196243, 5.5990653 ] } },
{ "type": "Feature", "properties": { "osmid": 5116094288, "element": "node", "name": "Aquettey", "hub_type": "bus", "hub_scale": "stop", "amenity": null, "railway": null, "public_transport": "platform", "highway": "bus_stop", "aeroway": null, "building": null, "operator": null, "network": null, "centroid_lat": 5.6077479, "centroid_lon": -0.2159321 }, "geometry": { "type": "Point", "coordinates": [ -0.2159321, 5.6077479 ] } },
{ "type": "Feature", "properties": { "osmid": 5116094289, "element": "node", "name": "White House", "hub_type": "bus", "hub_scale": "stop", "amenity": null, "railway": null, "public_transport": "platform", "highway": "bus_stop", "aeroway": null, "building": null, "operator": null, "network": null, "centroid_lat": 5.6096616, "centroid_lon": -0.216987 }, "geometry": { "type": "Point", "coordinates": [ -0.216987, 5.6096616 ] } },
{ "type": "Feature", "properties": { "osmid": 5116094290, "element": "node", "name": "Vulcanizer", "hub_type": "bus", "hub_scale": "stop", "amenity": null, "railway": null, "public_transport": "platform", "highway": "bus_stop", "aeroway": null, "building": null, "operator": null, "network": null, "centroid_lat": 5.612659, "centroid_lon": -0.2223709 }, "geometry": { "type": "Point", "coordinates": [ -0.2223709, 5.612659 ] } },
{ "type": "Feature", "properties": { "osmid": 5116094291, "element": "node", "name": "Marwako", "hub_type": "bus", "hub_scale": "stop", "amenity": null, "railway": null, "public_transport": "platform", "highway": "bus_stop", "aeroway": null, "building": null, "operator": null, "network": null, "centroid_lat": 5.6121782, "centroid_lon": -0.2250924 }, "geometry": { "type": "Point", "coordinates": [ -0.2250924, 5.6121782 ] } },
{ "type": "Feature", "properties": { "osmid": 5116094292, "element": "node", "name": "Abofu", "hub_type": "bus", "hub_scale": "stop", "amenity": null, "railway": null, "public_transport": "platform", "highway": "bus_stop", "aeroway": null, "building": null, "operator": null, "network": null, "centroid_lat": 5.6136996, "centroid_lon": -0.2262307 }, "geometry": { "type": "Point", "coordinates": [ -0.2262307, 5.6136996 ] } },
{ "type": "Feature", "properties": { "osmid": 5119104079, "element": "node", "name": "Alajo Station", "hub_type": "bus", "hub_scale": "stop", "amenity": null, "railway": null, "public_transport": "platform", "highway": "bus_stop", "aeroway": null, "building": null, "operator": null, "network": null, "centroid_lat": 5.595073, "centroid_lon": -0.2168405 }, "geometry": { "type": "Point", "coordinates": [ -0.2168405, 5.595073 ] } },
{ "type": "Feature", "properties": { "osmid": 5119104080, "element": "node", "name": "Alajo Blue Kiosk", "hub_type": "bus", "hub_scale": "stop", "amenity": null, "railway": null, "public_transport": "platform", "highway": "bus_stop", "aeroway": null, "building": null, "operator": null, "network": null, "centroid_lat": 5.5985826, "centroid_lon": -0.2146076 }, "geometry": { "type": "Point", "coordinates": [ -0.2146076, 5.5985826 ] } },
{ "type": "Feature", "properties": { "osmid": 5119159347, "element": "node", "name": null, "hub_type": "bus", "hub_scale": "stop", "amenity": null, "railway": null, "public_transport": "stop_position", "highway": null, "aeroway": null, "building": null, "operator": null, "network": null, "centroid_lat": 5.5861043, "centroid_lon": -0.1972187 }, "geometry": { "type": "Point", "coordinates": [ -0.1972187, 5.5861043 ] } },
{ "type": "Feature", "properties": { "osmid": 5119159348, "element": "node", "name": null, "hub_type": "bus", "hub_scale": "stop", "amenity": null, "railway": null, "public_transport": "stop_position", "highway": null, "aeroway": null, "building": null, "operator": null, "network": null, "centroid_lat": 5.5955519, "centroid_lon": -0.2168325 }, "geometry": { "type": "Point", "coordinates": [ -0.2168325, 5.5955519 ] } },
{ "type": "Feature", "properties": { "osmid": 5119159349, "element": "node", "name": "Maamobi", "hub_type": "bus", "hub_scale": "stop", "amenity": null, "railway": null, "public_transport": "platform", "highway": "bus_stop", "aeroway": null, "building": null, "operator": null, "network": null, "centroid_lat": 5.5900425, "centroid_lon": -0.1987842 }, "geometry": { "type": "Point", "coordinates": [ -0.1987842, 5.5900425 ] } },
{ "type": "Feature", "properties": { "osmid": 5119159350, "element": "node", "name": "Polyclinic Junction", "hub_type": "bus", "hub_scale": "stop", "amenity": null, "railway": null, "public_transport": "platform", "highway": "bus_stop", "aeroway": null, "building": null, "operator": null, "network": null, "centroid_lat": 5.5894988, "centroid_lon": -0.2015221 }, "geometry": { "type": "Point", "coordinates": [ -0.2015221, 5.5894988 ] } },
{ "type": "Feature", "properties": { "osmid": 5119159351, "element": "node", "name": "Alajo Station", "hub_type": "bus", "hub_scale": "stop", "amenity": null, "railway": null, "public_transport": "platform", "highway": "bus_stop", "aeroway": null, "building": null, "operator": null, "network": null, "centroid_lat": 5.5955561, "centroid_lon": -0.2167876 }, "geometry": { "type": "Point", "coordinates": [ -0.2167876, 5.5955561 ] } },
{ "type": "Feature", "properties": { "osmid": 5119306504, "element": "node", "name": "Konka Curve", "hub_type": "bus", "hub_scale": "stop", "amenity": null, "railway": null, "public_transport": "platform", "highway": "bus_stop", "aeroway": null, "building": null, "operator": null, "network": null, "centroid_lat": 5.5956824, "centroid_lon": -0.1937817 }, "geometry": { "type": "Point", "coordinates": [ -0.1937817, 5.5956824 ] } },
{ "type": "Feature", "properties": { "osmid": 5120474814, "element": "node", "name": "Achimota New Station", "hub_type": "bus", "hub_scale": "stop", "amenity": null, "railway": null, "public_transport": "platform", "highway": "bus_stop", "aeroway": null, "building": null, "operator": null, "network": null, "centroid_lat": 5.6209013, "centroid_lon": -0.2235529 }, "geometry": { "type": "Point", "coordinates": [ -0.2235529, 5.6209013 ] } },
{ "type": "Feature", "properties": { "osmid": 5120539773, "element": "node", "name": "Graphic", "hub_type": "bus", "hub_scale": "stop", "amenity": null, "railway": null, "public_transport": "platform", "highway": "bus_stop", "aeroway": null, "building": null, "operator": null, "network": null, "centroid_lat": 5.5547868, "centroid_lon": -0.216882 }, "geometry": { "type": "Point", "coordinates": [ -0.216882, 5.5547868 ] } },
{ "type": "Feature", "properties": { "osmid": 5120539774, "element": "node", "name": "Market", "hub_type": "bus", "hub_scale": "stop", "amenity": null, "railway": null, "public_transport": "platform", "highway": "bus_stop", "aeroway": null, "building": null, "operator": null, "network": null, "centroid_lat": 5.5607112, "centroid_lon": -0.2119835 }, "geometry": { "type": "Point", "coordinates": [ -0.2119835, 5.5607112 ] } },
{ "type": "Feature", "properties": { "osmid": 5120608512, "element": "node", "name": "Frytol", "hub_type": "bus", "hub_scale": "stop", "amenity": null, "railway": null, "public_transport": "platform", "highway": "bus_stop", "aeroway": null, "building": null, "operator": null, "network": null, "centroid_lat": 5.5871629, "centroid_lon": -0.1968678 }, "geometry": { "type": "Point", "coordinates": [ -0.1968678, 5.5871629 ] } },
{ "type": "Feature", "properties": { "osmid": 5120608513, "element": "node", "name": "Borla", "hub_type": "bus", "hub_scale": "stop", "amenity": null, "railway": null, "public_transport": "platform", "highway": "bus_stop", "aeroway": null, "building": null, "operator": null, "network": null, "centroid_lat": 5.5837304, "centroid_lon": -0.1978329 }, "geometry": { "type": "Point", "coordinates": [ -0.1978329, 5.5837304 ] } },
{ "type": "Feature", "properties": { "osmid": 5120608514, "element": "node", "name": "Circle", "hub_type": "bus", "hub_scale": "stop", "amenity": null, "railway": null, "public_transport": "platform", "highway": "bus_stop", "aeroway": null, "building": null, "operator": null, "network": null, "centroid_lat": 5.5664773, "centroid_lon": -0.2118206 }, "geometry": { "type": "Point", "coordinates": [ -0.2118206, 5.5664773 ] } },
{ "type": "Feature", "properties": { "osmid": 5120630952, "element": "node", "name": "Nima Station", "hub_type": "bus", "hub_scale": "stop", "amenity": null, "railway": null, "public_transport": "platform", "highway": "bus_stop", "aeroway": null, "building": null, "operator": null, "network": null, "centroid_lat": 5.5808013, "centroid_lon": -0.1990071 }, "geometry": { "type": "Point", "coordinates": [ -0.1990071, 5.5808013 ] } },
{ "type": "Feature", "properties": { "osmid": 5120661648, "element": "node", "name": "Police Station Kanda", "hub_type": "bus", "hub_scale": "stop", "amenity": null, "railway": null, "public_transport": "platform", "highway": "bus_stop", "aeroway": null, "building": null, "operator": null, "network": null, "centroid_lat": 5.5752531, "centroid_lon": -0.1986692 }, "geometry": { "type": "Point", "coordinates": [ -0.1986692, 5.5752531 ] } },
{ "type": "Feature", "properties": { "osmid": 5122854026, "element": "node", "name": "Odorkor Police Station", "hub_type": "bus", "hub_scale": "stop", "amenity": null, "railway": null, "public_transport": "platform", "highway": "bus_stop", "aeroway": null, "building": null, "operator": null, "network": null, "centroid_lat": 5.5773181, "centroid_lon": -0.2564844 }, "geometry": { "type": "Point", "coordinates": [ -0.2564844, 5.5773181 ] } },
{ "type": "Feature", "properties": { "osmid": 5122881867, "element": "node", "name": "Odorkor Police Station", "hub_type": "bus", "hub_scale": "stop", "amenity": null, "railway": null, "public_transport": "platform", "highway": "bus_stop", "aeroway": null, "building": null, "operator": null, "network": null, "centroid_lat": 5.5776529, "centroid_lon": -0.2561054 }, "geometry": { "type": "Point", "coordinates": [ -0.2561054, 5.5776529 ] } },
{ "type": "Feature", "properties": { "osmid": 5122910516, "element": "node", "name": "Fatale", "hub_type": "bus", "hub_scale": "stop", "amenity": null, "railway": null, "public_transport": "platform", "highway": "bus_stop", "aeroway": null, "building": null, "operator": null, "network": null, "centroid_lat": 5.5578234, "centroid_lon": -0.2237364 }, "geometry": { "type": "Point", "coordinates": [ -0.2237364, 5.5578234 ] } },
{ "type": "Feature", "properties": { "osmid": 5123158993, "element": "node", "name": "Sakaman Blue Lagoon", "hub_type": "bus", "hub_scale": "stop", "amenity": null, "railway": null, "public_transport": "platform", "highway": "bus_stop", "aeroway": null, "building": null, "operator": null, "network": null, "centroid_lat": 5.571485, "centroid_lon": -0.2721356 }, "geometry": { "type": "Point", "coordinates": [ -0.2721356, 5.571485 ] } },
{ "type": "Feature", "properties": { "osmid": 5123186408, "element": "node", "name": "Camara Last Stop", "hub_type": "bus", "hub_scale": "stop", "amenity": null, "railway": null, "public_transport": "platform", "highway": "bus_stop", "aeroway": null, "building": null, "operator": null, "network": null, "centroid_lat": 5.5365881, "centroid_lon": -0.2558942 }, "geometry": { "type": "Point", "coordinates": [ -0.2558942, 5.5365881 ] } },
{ "type": "Feature", "properties": { "osmid": 5123186409, "element": "node", "name": "Mr Mensah", "hub_type": "bus", "hub_scale": "stop", "amenity": null, "railway": null, "public_transport": "platform", "highway": "bus_stop", "aeroway": null, "building": null, "operator": null, "network": null, "centroid_lat": 5.5377289, "centroid_lon": -0.2602179 }, "geometry": { "type": "Point", "coordinates": [ -0.2602179, 5.5377289 ] } },
{ "type": "Feature", "properties": { "osmid": 5123194248, "element": "node", "name": "One Way", "hub_type": "bus", "hub_scale": "stop", "amenity": null, "railway": null, "public_transport": "platform", "highway": "bus_stop", "aeroway": null, "building": null, "operator": null, "network": null, "centroid_lat": 5.5371136, "centroid_lon": -0.2102761 }, "geometry": { "type": "Point", "coordinates": [ -0.2102761, 5.5371136 ] } },
{ "type": "Feature", "properties": { "osmid": 5123194249, "element": "node", "name": "Akoto Lante", "hub_type": "bus", "hub_scale": "stop", "amenity": null, "railway": null, "public_transport": "platform", "highway": "bus_stop", "aeroway": null, "building": null, "operator": null, "network": null, "centroid_lat": 5.5389276, "centroid_lon": -0.2130945 }, "geometry": { "type": "Point", "coordinates": [ -0.2130945, 5.5389276 ] } },
{ "type": "Feature", "properties": { "osmid": 5123201415, "element": "node", "name": "Shell - Accra", "hub_type": "bus", "hub_scale": "stop", "amenity": null, "railway": null, "public_transport": "platform", "highway": "bus_stop", "aeroway": null, "building": null, "operator": null, "network": null, "centroid_lat": 5.5412161, "centroid_lon": -0.2131134 }, "geometry": { "type": "Point", "coordinates": [ -0.2131134, 5.5412161 ] } },
{ "type": "Feature", "properties": { "osmid": 5124460921, "element": "node", "name": "Darkuman - Circle Station", "hub_type": "bus", "hub_scale": "interchange", "amenity": "bus_station", "railway": null, "public_transport": null, "highway": null, "aeroway": null, "building": null, "operator": null, "network": null, "centroid_lat": 5.589081, "centroid_lon": -0.2511531 }, "geometry": { "type": "Point", "coordinates": [ -0.2511531, 5.589081 ] } },
{ "type": "Feature", "properties": { "osmid": 5124553578, "element": "node", "name": "Sukura (Kwahu Store)", "hub_type": "bus", "hub_scale": "stop", "amenity": null, "railway": null, "public_transport": "platform", "highway": "bus_stop", "aeroway": null, "building": null, "operator": null, "network": null, "centroid_lat": 5.5521816, "centroid_lon": -0.25222 }, "geometry": { "type": "Point", "coordinates": [ -0.25222, 5.5521816 ] } },
{ "type": "Feature", "properties": { "osmid": 5124622921, "element": "node", "name": "Nima Market", "hub_type": "bus", "hub_scale": "stop", "amenity": null, "railway": null, "public_transport": "platform", "highway": "bus_stop", "aeroway": null, "building": null, "operator": null, "network": null, "centroid_lat": 5.5800155, "centroid_lon": -0.1994969 }, "geometry": { "type": "Point", "coordinates": [ -0.1994969, 5.5800155 ] } },
{ "type": "Feature", "properties": { "osmid": 5124622922, "element": "node", "name": "Abossey Okai", "hub_type": "bus", "hub_scale": "stop", "amenity": null, "railway": null, "public_transport": "platform", "highway": "bus_stop", "aeroway": null, "building": null, "operator": null, "network": null, "centroid_lat": 5.5575921, "centroid_lon": -0.2362111 }, "geometry": { "type": "Point", "coordinates": [ -0.2362111, 5.5575921 ] } },
{ "type": "Feature", "properties": { "osmid": 5124622923, "element": "node", "name": "Libirio", "hub_type": "bus", "hub_scale": "stop", "amenity": null, "railway": null, "public_transport": "platform", "highway": "bus_stop", "aeroway": null, "building": null, "operator": null, "network": null, "centroid_lat": 5.5556737, "centroid_lon": -0.2444914 }, "geometry": { "type": "Point", "coordinates": [ -0.2444914, 5.5556737 ] } },
{ "type": "Feature", "properties": { "osmid": 5125132106, "element": "node", "name": "Kaneshie", "hub_type": "bus", "hub_scale": "stop", "amenity": null, "railway": null, "public_transport": "platform", "highway": "bus_stop", "aeroway": null, "building": null, "operator": null, "network": null, "centroid_lat": 5.564141, "centroid_lon": -0.2359794 }, "geometry": { "type": "Point", "coordinates": [ -0.2359794, 5.564141 ] } },
{ "type": "Feature", "properties": { "osmid": 5125132107, "element": "node", "name": null, "hub_type": "bus", "hub_scale": "stop", "amenity": null, "railway": null, "public_transport": "stop_position", "highway": null, "aeroway": null, "building": null, "operator": null, "network": null, "centroid_lat": 5.5312205, "centroid_lon": -0.2322466 }, "geometry": { "type": "Point", "coordinates": [ -0.2322466, 5.5312205 ] } },
{ "type": "Feature", "properties": { "osmid": 5125132108, "element": "node", "name": null, "hub_type": "bus", "hub_scale": "stop", "amenity": null, "railway": null, "public_transport": "stop_position", "highway": null, "aeroway": null, "building": null, "operator": null, "network": null, "centroid_lat": 5.5564798, "centroid_lon": -0.240155 }, "geometry": { "type": "Point", "coordinates": [ -0.240155, 5.5564798 ] } },
{ "type": "Feature", "properties": { "osmid": 5125132109, "element": "node", "name": null, "hub_type": "bus", "hub_scale": "stop", "amenity": null, "railway": null, "public_transport": "stop_position", "highway": null, "aeroway": null, "building": null, "operator": null, "network": null, "centroid_lat": 5.5467256, "centroid_lon": -0.2464998 }, "geometry": { "type": "Point", "coordinates": [ -0.2464998, 5.5467256 ] } },
{ "type": "Feature", "properties": { "osmid": 5125132110, "element": "node", "name": null, "hub_type": "bus", "hub_scale": "stop", "amenity": null, "railway": null, "public_transport": "stop_position", "highway": null, "aeroway": null, "building": null, "operator": null, "network": null, "centroid_lat": 5.6079453, "centroid_lon": -0.2180468 }, "geometry": { "type": "Point", "coordinates": [ -0.2180468, 5.6079453 ] } },
{ "type": "Feature", "properties": { "osmid": 5125132112, "element": "node", "name": null, "hub_type": "bus", "hub_scale": "stop", "amenity": null, "railway": null, "public_transport": "stop_position", "highway": null, "aeroway": null, "building": null, "operator": null, "network": null, "centroid_lat": 5.5389249, "centroid_lon": -0.2131088 }, "geometry": { "type": "Point", "coordinates": [ -0.2131088, 5.5389249 ] } },
{ "type": "Feature", "properties": { "osmid": 5125132113, "element": "node", "name": null, "hub_type": "bus", "hub_scale": "stop", "amenity": null, "railway": null, "public_transport": "stop_position", "highway": null, "aeroway": null, "building": null, "operator": null, "network": null, "centroid_lat": 5.5356012, "centroid_lon": -0.2463622 }, "geometry": { "type": "Point", "coordinates": [ -0.2463622, 5.5356012 ] } },
{ "type": "Feature", "properties": { "osmid": 5125132114, "element": "node", "name": null, "hub_type": "bus", "hub_scale": "stop", "amenity": null, "railway": null, "public_transport": "stop_position", "highway": null, "aeroway": null, "building": null, "operator": null, "network": null, "centroid_lat": 5.5355989, "centroid_lon": -0.2462583 }, "geometry": { "type": "Point", "coordinates": [ -0.2462583, 5.5355989 ] } },
{ "type": "Feature", "properties": { "osmid": 5125132115, "element": "node", "name": null, "hub_type": "bus", "hub_scale": "stop", "amenity": null, "railway": null, "public_transport": "stop_position", "highway": null, "aeroway": null, "building": null, "operator": null, "network": null, "centroid_lat": 5.5652612, "centroid_lon": -0.2357995 }, "geometry": { "type": "Point", "coordinates": [ -0.2357995, 5.5652612 ] } },
{ "type": "Feature", "properties": { "osmid": 5125132116, "element": "node", "name": null, "hub_type": "bus", "hub_scale": "stop", "amenity": null, "railway": null, "public_transport": "stop_position", "highway": null, "aeroway": null, "building": null, "operator": null, "network": null, "centroid_lat": 5.5554368, "centroid_lon": -0.2570676 }, "geometry": { "type": "Point", "coordinates": [ -0.2570676, 5.5554368 ] } },
{ "type": "Feature", "properties": { "osmid": 5125132117, "element": "node", "name": null, "hub_type": "bus", "hub_scale": "stop", "amenity": null, "railway": null, "public_transport": "stop_position", "highway": null, "aeroway": null, "building": null, "operator": null, "network": null, "centroid_lat": 5.5550291, "centroid_lon": -0.2570408 }, "geometry": { "type": "Point", "coordinates": [ -0.2570408, 5.5550291 ] } },
{ "type": "Feature", "properties": { "osmid": 5125132118, "element": "node", "name": null, "hub_type": "bus", "hub_scale": "stop", "amenity": null, "railway": null, "public_transport": "stop_position", "highway": null, "aeroway": null, "building": null, "operator": null, "network": null, "centroid_lat": 5.5457794, "centroid_lon": -0.2158575 }, "geometry": { "type": "Point", "coordinates": [ -0.2158575, 5.5457794 ] } },
{ "type": "Feature", "properties": { "osmid": 5125132119, "element": "node", "name": null, "hub_type": "bus", "hub_scale": "stop", "amenity": null, "railway": null, "public_transport": "stop_position", "highway": null, "aeroway": null, "building": null, "operator": null, "network": null, "centroid_lat": 5.5783721, "centroid_lon": -0.2114597 }, "geometry": { "type": "Point", "coordinates": [ -0.2114597, 5.5783721 ] } },
{ "type": "Feature", "properties": { "osmid": 5125132120, "element": "node", "name": null, "hub_type": "bus", "hub_scale": "stop", "amenity": null, "railway": null, "public_transport": "stop_position", "highway": null, "aeroway": null, "building": null, "operator": null, "network": null, "centroid_lat": 5.5563839, "centroid_lon": -0.2513807 }, "geometry": { "type": "Point", "coordinates": [ -0.2513807, 5.5563839 ] } },
{ "type": "Feature", "properties": { "osmid": 5125134121, "element": "node", "name": null, "hub_type": "bus", "hub_scale": "stop", "amenity": null, "railway": null, "public_transport": "stop_position", "highway": null, "aeroway": null, "building": null, "operator": null, "network": null, "centroid_lat": 5.5564655, "centroid_lon": -0.2510672 }, "geometry": { "type": "Point", "coordinates": [ -0.2510672, 5.5564655 ] } },
{ "type": "Feature", "properties": { "osmid": 5125134122, "element": "node", "name": null, "hub_type": "bus", "hub_scale": "stop", "amenity": null, "railway": null, "public_transport": "stop_position", "highway": null, "aeroway": null, "building": null, "operator": null, "network": null, "centroid_lat": 5.5582128, "centroid_lon": -0.256966 }, "geometry": { "type": "Point", "coordinates": [ -0.256966, 5.5582128 ] } },
{ "type": "Feature", "properties": { "osmid": 5125134123, "element": "node", "name": null, "hub_type": "bus", "hub_scale": "stop", "amenity": null, "railway": null, "public_transport": "stop_position", "highway": null, "aeroway": null, "building": null, "operator": null, "network": null, "centroid_lat": 5.5437207, "centroid_lon": -0.2048297 }, "geometry": { "type": "Point", "coordinates": [ -0.2048297, 5.5437207 ] } },
{ "type": "Feature", "properties": { "osmid": 5125134124, "element": "node", "name": null, "hub_type": "bus", "hub_scale": "stop", "amenity": null, "railway": null, "public_transport": "stop_position", "highway": null, "aeroway": null, "building": null, "operator": null, "network": null, "centroid_lat": 5.6077803, "centroid_lon": -0.2181328 }, "geometry": { "type": "Point", "coordinates": [ -0.2181328, 5.6077803 ] } },
{ "type": "Feature", "properties": { "osmid": 5125134126, "element": "node", "name": null, "hub_type": "bus", "hub_scale": "stop", "amenity": null, "railway": null, "public_transport": "stop_position", "highway": null, "aeroway": null, "building": null, "operator": null, "network": null, "centroid_lat": 5.5404548, "centroid_lon": -0.2089768 }, "geometry": { "type": "Point", "coordinates": [ -0.2089768, 5.5404548 ] } },
{ "type": "Feature", "properties": { "osmid": 5125134128, "element": "node", "name": null, "hub_type": "bus", "hub_scale": "stop", "amenity": null, "railway": null, "public_transport": "stop_position", "highway": null, "aeroway": null, "building": null, "operator": null, "network": null, "centroid_lat": 5.5762855, "centroid_lon": -0.2130156 }, "geometry": { "type": "Point", "coordinates": [ -0.2130156, 5.5762855 ] } },
{ "type": "Feature", "properties": { "osmid": 5125134129, "element": "node", "name": null, "hub_type": "bus", "hub_scale": "stop", "amenity": null, "railway": null, "public_transport": "stop_position", "highway": null, "aeroway": null, "building": null, "operator": null, "network": null, "centroid_lat": 5.5265638, "centroid_lon": -0.2458956 }, "geometry": { "type": "Point", "coordinates": [ -0.2458956, 5.5265638 ] } },
{ "type": "Feature", "properties": { "osmid": 5125134130, "element": "node", "name": null, "hub_type": "bus", "hub_scale": "stop", "amenity": null, "railway": null, "public_transport": "stop_position", "highway": null, "aeroway": null, "building": null, "operator": null, "network": null, "centroid_lat": 5.5221308, "centroid_lon": -0.2736383 }, "geometry": { "type": "Point", "coordinates": [ -0.2736383, 5.5221308 ] } },
{ "type": "Feature", "properties": { "osmid": 5125134131, "element": "node", "name": null, "hub_type": "bus", "hub_scale": "stop", "amenity": null, "railway": null, "public_transport": "stop_position", "highway": null, "aeroway": null, "building": null, "operator": null, "network": null, "centroid_lat": 5.5216539, "centroid_lon": -0.2738005 }, "geometry": { "type": "Point", "coordinates": [ -0.2738005, 5.5216539 ] } },
{ "type": "Feature", "properties": { "osmid": 5125134132, "element": "node", "name": null, "hub_type": "bus", "hub_scale": "stop", "amenity": null, "railway": null, "public_transport": "stop_position", "highway": null, "aeroway": null, "building": null, "operator": null, "network": null, "centroid_lat": 5.5295122, "centroid_lon": -0.2699052 }, "geometry": { "type": "Point", "coordinates": [ -0.2699052, 5.5295122 ] } },
{ "type": "Feature", "properties": { "osmid": 5125134133, "element": "node", "name": null, "hub_type": "bus", "hub_scale": "stop", "amenity": null, "railway": null, "public_transport": "stop_position", "highway": null, "aeroway": null, "building": null, "operator": null, "network": null, "centroid_lat": 5.5816425, "centroid_lon": -0.2090217 }, "geometry": { "type": "Point", "coordinates": [ -0.2090217, 5.5816425 ] } },
{ "type": "Feature", "properties": { "osmid": 5125134134, "element": "node", "name": null, "hub_type": "bus", "hub_scale": "stop", "amenity": null, "railway": null, "public_transport": "stop_position", "highway": null, "aeroway": null, "building": null, "operator": null, "network": null, "centroid_lat": 5.5432472, "centroid_lon": -0.2044971 }, "geometry": { "type": "Point", "coordinates": [ -0.2044971, 5.5432472 ] } },
{ "type": "Feature", "properties": { "osmid": 5125134135, "element": "node", "name": null, "hub_type": "bus", "hub_scale": "stop", "amenity": null, "railway": null, "public_transport": "stop_position", "highway": null, "aeroway": null, "building": null, "operator": null, "network": null, "centroid_lat": 5.5918433, "centroid_lon": -0.204641 }, "geometry": { "type": "Point", "coordinates": [ -0.204641, 5.5918433 ] } },
{ "type": "Feature", "properties": { "osmid": 5125226934, "element": "node", "name": null, "hub_type": "bus", "hub_scale": "stop", "amenity": null, "railway": null, "public_transport": "stop_position", "highway": null, "aeroway": null, "building": null, "operator": null, "network": null, "centroid_lat": 5.5854921, "centroid_lon": -0.2314832 }, "geometry": { "type": "Point", "coordinates": [ -0.2314832, 5.5854921 ] } },
{ "type": "Feature", "properties": { "osmid": 5125226935, "element": "node", "name": null, "hub_type": "bus", "hub_scale": "stop", "amenity": null, "railway": null, "public_transport": "stop_position", "highway": null, "aeroway": null, "building": null, "operator": null, "network": null, "centroid_lat": 5.5837931, "centroid_lon": -0.2363394 }, "geometry": { "type": "Point", "coordinates": [ -0.2363394, 5.5837931 ] } },
{ "type": "Feature", "properties": { "osmid": 5125226936, "element": "node", "name": null, "hub_type": "bus", "hub_scale": "stop", "amenity": null, "railway": null, "public_transport": "stop_position", "highway": null, "aeroway": null, "building": null, "operator": null, "network": null, "centroid_lat": 5.5838795, "centroid_lon": -0.2363383 }, "geometry": { "type": "Point", "coordinates": [ -0.2363383, 5.5838795 ] } },
{ "type": "Feature", "properties": { "osmid": 5125226938, "element": "node", "name": null, "hub_type": "bus", "hub_scale": "stop", "amenity": null, "railway": null, "public_transport": "stop_position", "highway": null, "aeroway": null, "building": null, "operator": null, "network": null, "centroid_lat": 5.5900911, "centroid_lon": -0.245201 }, "geometry": { "type": "Point", "coordinates": [ -0.245201, 5.5900911 ] } },
{ "type": "Feature", "properties": { "osmid": 5125226939, "element": "node", "name": "Achimota New Station", "hub_type": "bus", "hub_scale": "stop", "amenity": null, "railway": null, "public_transport": "platform", "highway": "bus_stop", "aeroway": null, "building": null, "operator": null, "network": null, "centroid_lat": 5.6219491, "centroid_lon": -0.225901 }, "geometry": { "type": "Point", "coordinates": [ -0.225901, 5.6219491 ] } },
{ "type": "Feature", "properties": { "osmid": 5125226942, "element": "node", "name": null, "hub_type": "bus", "hub_scale": "stop", "amenity": null, "railway": null, "public_transport": "stop_position", "highway": null, "aeroway": null, "building": null, "operator": null, "network": null, "centroid_lat": 5.5665765, "centroid_lon": -0.2356069 }, "geometry": { "type": "Point", "coordinates": [ -0.2356069, 5.5665765 ] } },
{ "type": "Feature", "properties": { "osmid": 5127360604, "element": "node", "name": null, "hub_type": "bus", "hub_scale": "stop", "amenity": null, "railway": null, "public_transport": "platform", "highway": "bus_stop", "aeroway": null, "building": null, "operator": null, "network": null, "centroid_lat": 5.5899072, "centroid_lon": -0.1310071 }, "geometry": { "type": "Point", "coordinates": [ -0.1310071, 5.5899072 ] } },
{ "type": "Feature", "properties": { "osmid": 5128705674, "element": "node", "name": "Go Slow", "hub_type": "bus", "hub_scale": "stop", "amenity": null, "railway": null, "public_transport": "platform", "highway": "bus_stop", "aeroway": null, "building": null, "operator": null, "network": null, "centroid_lat": 5.5653367, "centroid_lon": -0.1352284 }, "geometry": { "type": "Point", "coordinates": [ -0.1352284, 5.5653367 ] } },
{ "type": "Feature", "properties": { "osmid": 5128705675, "element": "node", "name": "Odorna Market", "hub_type": "bus", "hub_scale": "stop", "amenity": null, "railway": null, "public_transport": "platform", "highway": "bus_stop", "aeroway": null, "building": null, "operator": null, "network": null, "centroid_lat": 5.5667626, "centroid_lon": -0.2162133 }, "geometry": { "type": "Point", "coordinates": [ -0.2162133, 5.5667626 ] } },
{ "type": "Feature", "properties": { "osmid": 5128896348, "element": "node", "name": "Orgle Street", "hub_type": "bus", "hub_scale": "stop", "amenity": null, "railway": null, "public_transport": "platform", "highway": "bus_stop", "aeroway": null, "building": null, "operator": null, "network": null, "centroid_lat": 5.585046, "centroid_lon": -0.236299 }, "geometry": { "type": "Point", "coordinates": [ -0.236299, 5.585046 ] } },
{ "type": "Feature", "properties": { "osmid": 5139473625, "element": "node", "name": null, "hub_type": "bus", "hub_scale": "interchange", "amenity": "bus_station", "railway": null, "public_transport": "station", "highway": null, "aeroway": null, "building": null, "operator": null, "network": null, "centroid_lat": 5.56497, "centroid_lon": -0.2357567 }, "geometry": { "type": "Point", "coordinates": [ -0.2357567, 5.56497 ] } },
{ "type": "Feature", "properties": { "osmid": 5141745256, "element": "node", "name": "Stadium", "hub_type": "bus", "hub_scale": "stop", "amenity": null, "railway": null, "public_transport": "platform", "highway": "bus_stop", "aeroway": null, "building": null, "operator": null, "network": null, "centroid_lat": 5.5526063, "centroid_lon": -0.1902749 }, "geometry": { "type": "Point", "coordinates": [ -0.1902749, 5.5526063 ] } },
{ "type": "Feature", "properties": { "osmid": 5141745257, "element": "node", "name": "Ministries", "hub_type": "bus", "hub_scale": "stop", "amenity": null, "railway": null, "public_transport": "platform", "highway": "bus_stop", "aeroway": null, "building": null, "operator": null, "network": null, "centroid_lat": 5.5513066, "centroid_lon": -0.1948322 }, "geometry": { "type": "Point", "coordinates": [ -0.1948322, 5.5513066 ] } },
{ "type": "Feature", "properties": { "osmid": 5155936139, "element": "node", "name": null, "hub_type": "bus", "hub_scale": "stop", "amenity": null, "railway": null, "public_transport": "stop_position", "highway": null, "aeroway": null, "building": null, "operator": null, "network": null, "centroid_lat": 5.5371392, "centroid_lon": -0.256793 }, "geometry": { "type": "Point", "coordinates": [ -0.256793, 5.5371392 ] } },
{ "type": "Feature", "properties": { "osmid": 5209798042, "element": "node", "name": "STC Tudu", "hub_type": "bus", "hub_scale": "interchange", "amenity": "bus_station", "railway": null, "public_transport": "station", "highway": null, "aeroway": null, "building": null, "operator": "Intercity STC Coaches Limited", "network": null, "centroid_lat": 5.5501817, "centroid_lon": -0.205845 }, "geometry": { "type": "Point", "coordinates": [ -0.205845, 5.5501817 ] } },
{ "type": "Feature", "properties": { "osmid": 5322276466, "element": "node", "name": null, "hub_type": "bus", "hub_scale": "stop", "amenity": null, "railway": null, "public_transport": null, "highway": "bus_stop", "aeroway": null, "building": null, "operator": null, "network": null, "centroid_lat": 5.6116224, "centroid_lon": -0.1482849 }, "geometry": { "type": "Point", "coordinates": [ -0.1482849, 5.6116224 ] } },
{ "type": "Feature", "properties": { "osmid": 5322314855, "element": "node", "name": null, "hub_type": "bus", "hub_scale": "stop", "amenity": null, "railway": null, "public_transport": null, "highway": "bus_stop", "aeroway": null, "building": null, "operator": null, "network": null, "centroid_lat": 5.6154076, "centroid_lon": -0.1542875 }, "geometry": { "type": "Point", "coordinates": [ -0.1542875, 5.6154076 ] } },
{ "type": "Feature", "properties": { "osmid": 5331313024, "element": "node", "name": null, "hub_type": "bus", "hub_scale": "stop", "amenity": null, "railway": null, "public_transport": "platform", "highway": "bus_stop", "aeroway": null, "building": null, "operator": null, "network": null, "centroid_lat": 5.5562877, "centroid_lon": -0.2082084 }, "geometry": { "type": "Point", "coordinates": [ -0.2082084, 5.5562877 ] } },
{ "type": "Feature", "properties": { "osmid": 5626517292, "element": "node", "name": "Kaneshie", "hub_type": "bus", "hub_scale": "interchange", "amenity": "bus_station", "railway": null, "public_transport": "station", "highway": null, "aeroway": null, "building": null, "operator": null, "network": null, "centroid_lat": 5.6062824, "centroid_lon": -0.2468935 }, "geometry": { "type": "Point", "coordinates": [ -0.2468935, 5.6062824 ] } },
{ "type": "Feature", "properties": { "osmid": 5626517564, "element": "node", "name": "Accra", "hub_type": "bus", "hub_scale": "interchange", "amenity": "bus_station", "railway": null, "public_transport": "station", "highway": null, "aeroway": null, "building": null, "operator": null, "network": null, "centroid_lat": 5.6068424, "centroid_lon": -0.2464772 }, "geometry": { "type": "Point", "coordinates": [ -0.2464772, 5.6068424 ] } },
{ "type": "Feature", "properties": { "osmid": 5694786309, "element": "node", "name": "Lapaz - Circle - Accra", "hub_type": "bus", "hub_scale": "interchange", "amenity": "bus_station", "railway": null, "public_transport": "station", "highway": null, "aeroway": null, "building": null, "operator": null, "network": null, "centroid_lat": 5.6070967, "centroid_lon": -0.2463817 }, "geometry": { "type": "Point", "coordinates": [ -0.2463817, 5.6070967 ] } },
{ "type": "Feature", "properties": { "osmid": 5705923021, "element": "node", "name": "Action", "hub_type": "bus", "hub_scale": "stop", "amenity": null, "railway": null, "public_transport": null, "highway": "bus_stop", "aeroway": null, "building": null, "operator": null, "network": null, "centroid_lat": 5.6244335, "centroid_lon": -0.1629981 }, "geometry": { "type": "Point", "coordinates": [ -0.1629981, 5.6244335 ] } },
{ "type": "Feature", "properties": { "osmid": 5705923122, "element": "node", "name": "Kasapreko", "hub_type": "bus", "hub_scale": "stop", "amenity": null, "railway": null, "public_transport": "platform", "highway": "bus_stop", "aeroway": null, "building": null, "operator": null, "network": null, "centroid_lat": 5.6425433, "centroid_lon": -0.1101118 }, "geometry": { "type": "Point", "coordinates": [ -0.1101118, 5.6425433 ] } },
{ "type": "Feature", "properties": { "osmid": 5705923321, "element": "node", "name": "Papaye", "hub_type": "bus", "hub_scale": "stop", "amenity": null, "railway": null, "public_transport": null, "highway": "bus_stop", "aeroway": null, "building": null, "operator": null, "network": null, "centroid_lat": 5.6325136, "centroid_lon": -0.139186 }, "geometry": { "type": "Point", "coordinates": [ -0.139186, 5.6325136 ] } },
{ "type": "Feature", "properties": { "osmid": 5705935922, "element": "node", "name": "Ecobank", "hub_type": "taxi", "hub_scale": "interchange", "amenity": "taxi", "railway": null, "public_transport": null, "highway": null, "aeroway": null, "building": null, "operator": null, "network": null, "centroid_lat": 5.6283587, "centroid_lon": -0.0902745 }, "geometry": { "type": "Point", "coordinates": [ -0.0902745, 5.6283587 ] } },
{ "type": "Feature", "properties": { "osmid": 5794893515, "element": "node", "name": null, "hub_type": "bus", "hub_scale": "stop", "amenity": null, "railway": null, "public_transport": "platform", "highway": "bus_stop", "aeroway": null, "building": null, "operator": null, "network": null, "centroid_lat": 5.6248798, "centroid_lon": -0.2333084 }, "geometry": { "type": "Point", "coordinates": [ -0.2333084, 5.6248798 ] } },
{ "type": "Feature", "properties": { "osmid": 5889752165, "element": "node", "name": null, "hub_type": "bus", "hub_scale": "stop", "amenity": null, "railway": null, "public_transport": "platform", "highway": "bus_stop", "aeroway": null, "building": null, "operator": null, "network": null, "centroid_lat": 5.6092804, "centroid_lon": -0.1774717 }, "geometry": { "type": "Point", "coordinates": [ -0.1774717, 5.6092804 ] } },
{ "type": "Feature", "properties": { "osmid": 5966272770, "element": "node", "name": null, "hub_type": "bus", "hub_scale": "stop", "amenity": null, "railway": null, "public_transport": "platform", "highway": "bus_stop", "aeroway": null, "building": null, "operator": null, "network": null, "centroid_lat": 5.5921175, "centroid_lon": -0.2333304 }, "geometry": { "type": "Point", "coordinates": [ -0.2333304, 5.5921175 ] } },
{ "type": "Feature", "properties": { "osmid": 6007203738, "element": "node", "name": "Ayalolo Bus Stop", "hub_type": "bus", "hub_scale": "stop", "amenity": null, "railway": null, "public_transport": "platform", "highway": "bus_stop", "aeroway": null, "building": null, "operator": null, "network": null, "centroid_lat": 5.5517247, "centroid_lon": -0.2096629 }, "geometry": { "type": "Point", "coordinates": [ -0.2096629, 5.5517247 ] } },
{ "type": "Feature", "properties": { "osmid": 6008029692, "element": "node", "name": null, "hub_type": "bus", "hub_scale": "stop", "amenity": null, "railway": null, "public_transport": "stop_position", "highway": null, "aeroway": null, "building": null, "operator": null, "network": null, "centroid_lat": 5.6092077, "centroid_lon": -0.2475987 }, "geometry": { "type": "Point", "coordinates": [ -0.2475987, 5.6092077 ] } },
{ "type": "Feature", "properties": { "osmid": 6012276603, "element": "node", "name": null, "hub_type": "bus", "hub_scale": "stop", "amenity": null, "railway": null, "public_transport": "stop_position", "highway": null, "aeroway": null, "building": null, "operator": null, "network": null, "centroid_lat": 5.5843694, "centroid_lon": -0.2173394 }, "geometry": { "type": "Point", "coordinates": [ -0.2173394, 5.5843694 ] } },
{ "type": "Feature", "properties": { "osmid": 6018976889, "element": "node", "name": "Upper West Cargo Station", "hub_type": "bus", "hub_scale": "interchange", "amenity": "bus_station", "railway": null, "public_transport": "station", "highway": null, "aeroway": null, "building": null, "operator": null, "network": null, "centroid_lat": 5.5809015, "centroid_lon": -0.2207727 }, "geometry": { "type": "Point", "coordinates": [ -0.2207727, 5.5809015 ] } },
{ "type": "Feature", "properties": { "osmid": 6032338549, "element": "node", "name": "Accra - Battor", "hub_type": "bus", "hub_scale": "interchange", "amenity": "bus_station", "railway": null, "public_transport": "station", "highway": null, "aeroway": null, "building": null, "operator": null, "network": null, "centroid_lat": 5.5498038, "centroid_lon": -0.2072185 }, "geometry": { "type": "Point", "coordinates": [ -0.2072185, 5.5498038 ] } },
{ "type": "Feature", "properties": { "osmid": 6117909629, "element": "node", "name": "Lapaz — Tema Station", "hub_type": "bus", "hub_scale": "interchange", "amenity": "bus_station", "railway": null, "public_transport": "station", "highway": null, "aeroway": null, "building": null, "operator": null, "network": null, "centroid_lat": 5.6077617, "centroid_lon": -0.24504 }, "geometry": { "type": "Point", "coordinates": [ -0.24504, 5.6077617 ] } },
{ "type": "Feature", "properties": { "osmid": 6136512361, "element": "node", "name": "Night Market", "hub_type": "bus", "hub_scale": "stop", "amenity": null, "railway": null, "public_transport": null, "highway": "bus_stop", "aeroway": null, "building": null, "operator": null, "network": null, "centroid_lat": 5.5866796, "centroid_lon": -0.1699094 }, "geometry": { "type": "Point", "coordinates": [ -0.1699094, 5.5866796 ] } },
{ "type": "Feature", "properties": { "osmid": 6155468457, "element": "node", "name": "STC Circle Railway", "hub_type": "bus", "hub_scale": "interchange", "amenity": "bus_station", "railway": null, "public_transport": "station", "highway": null, "aeroway": null, "building": null, "operator": null, "network": null, "centroid_lat": 5.5685213, "centroid_lon": -0.2188285 }, "geometry": { "type": "Point", "coordinates": [ -0.2188285, 5.5685213 ] } },
{ "type": "Feature", "properties": { "osmid": 6188417196, "element": "node", "name": null, "hub_type": "bus", "hub_scale": "stop", "amenity": null, "railway": null, "public_transport": "stop_position", "highway": null, "aeroway": null, "building": null, "operator": null, "network": null, "centroid_lat": 5.6172937, "centroid_lon": -0.1250795 }, "geometry": { "type": "Point", "coordinates": [ -0.1250795, 5.6172937 ] } },
{ "type": "Feature", "properties": { "osmid": 6242099182, "element": "node", "name": null, "hub_type": "taxi", "hub_scale": "interchange", "amenity": "taxi", "railway": null, "public_transport": null, "highway": null, "aeroway": null, "building": null, "operator": null, "network": null, "centroid_lat": 5.6139289, "centroid_lon": -0.240262 }, "geometry": { "type": "Point", "coordinates": [ -0.240262, 5.6139289 ] } },
{ "type": "Feature", "properties": { "osmid": 6244376317, "element": "node", "name": "Odo", "hub_type": "bus", "hub_scale": "stop", "amenity": null, "railway": "stop", "public_transport": "stop_position", "highway": null, "aeroway": null, "building": null, "operator": null, "network": null, "centroid_lat": 5.5654548, "centroid_lon": -0.2191328 }, "geometry": { "type": "Point", "coordinates": [ -0.2191328, 5.5654548 ] } },
{ "type": "Feature", "properties": { "osmid": 6279514560, "element": "node", "name": null, "hub_type": "bus", "hub_scale": "stop", "amenity": null, "railway": null, "public_transport": "stop_position", "highway": null, "aeroway": null, "building": null, "operator": null, "network": null, "centroid_lat": 5.6214352, "centroid_lon": -0.2258527 }, "geometry": { "type": "Point", "coordinates": [ -0.2258527, 5.6214352 ] } },
{ "type": "Feature", "properties": { "osmid": 6290813237, "element": "node", "name": "Mamobi Station", "hub_type": "bus", "hub_scale": "interchange", "amenity": "bus_station", "railway": null, "public_transport": "station", "highway": null, "aeroway": null, "building": null, "operator": "G.P.R.T.U OF T.U.C Mamobi branch", "network": null, "centroid_lat": 5.6082787, "centroid_lon": -0.2454925 }, "geometry": { "type": "Point", "coordinates": [ -0.2454925, 5.6082787 ] } },
{ "type": "Feature", "properties": { "osmid": 6300118467, "element": "node", "name": "Diaspora", "hub_type": "bus", "hub_scale": "stop", "amenity": null, "railway": null, "public_transport": "platform", "highway": "bus_stop", "aeroway": null, "building": null, "operator": null, "network": null, "centroid_lat": 5.6379957, "centroid_lon": -0.1856489 }, "geometry": { "type": "Point", "coordinates": [ -0.1856489, 5.6379957 ] } },
{ "type": "Feature", "properties": { "osmid": 6315213319, "element": "node", "name": "Workers College", "hub_type": "bus", "hub_scale": "stop", "amenity": null, "railway": null, "public_transport": "platform", "highway": "bus_stop", "aeroway": null, "building": null, "operator": null, "network": null, "centroid_lat": 5.5557178, "centroid_lon": -0.2079832 }, "geometry": { "type": "Point", "coordinates": [ -0.2079832, 5.5557178 ] } },
{ "type": "Feature", "properties": { "osmid": 6329647744, "element": "node", "name": "Wireless Station", "hub_type": "bus", "hub_scale": "interchange", "amenity": "bus_station", "railway": null, "public_transport": "station", "highway": null, "aeroway": null, "building": null, "operator": null, "network": null, "centroid_lat": 5.5736851, "centroid_lon": -0.1604552 }, "geometry": { "type": "Point", "coordinates": [ -0.1604552, 5.5736851 ] } },
{ "type": "Feature", "properties": { "osmid": 6356082805, "element": "node", "name": "Bridge", "hub_type": "bus", "hub_scale": "stop", "amenity": null, "railway": null, "public_transport": null, "highway": "bus_stop", "aeroway": null, "building": null, "operator": null, "network": null, "centroid_lat": 5.5649073, "centroid_lon": -0.1774734 }, "geometry": { "type": "Point", "coordinates": [ -0.1774734, 5.5649073 ] } },
{ "type": "Feature", "properties": { "osmid": 6357255105, "element": "node", "name": "Lantemaamli Station", "hub_type": "bus", "hub_scale": "interchange", "amenity": "bus_station", "railway": null, "public_transport": "station", "highway": null, "aeroway": null, "building": null, "operator": null, "network": null, "centroid_lat": 5.526525, "centroid_lon": -0.2459517 }, "geometry": { "type": "Point", "coordinates": [ -0.2459517, 5.526525 ] } },
{ "type": "Feature", "properties": { "osmid": 6379113483, "element": "node", "name": null, "hub_type": "bus", "hub_scale": "stop", "amenity": null, "railway": null, "public_transport": null, "highway": "bus_stop", "aeroway": null, "building": null, "operator": null, "network": null, "centroid_lat": 5.6275943, "centroid_lon": -0.181463 }, "geometry": { "type": "Point", "coordinates": [ -0.181463, 5.6275943 ] } },
{ "type": "Feature", "properties": { "osmid": 6400533258, "element": "node", "name": "Hotel Junction", "hub_type": "bus", "hub_scale": "stop", "amenity": null, "railway": null, "public_transport": "platform", "highway": "bus_stop", "aeroway": null, "building": null, "operator": null, "network": null, "centroid_lat": 5.5279339, "centroid_lon": -0.2342501 }, "geometry": { "type": "Point", "coordinates": [ -0.2342501, 5.5279339 ] } },
{ "type": "Feature", "properties": { "osmid": 6400533259, "element": "node", "name": "White House", "hub_type": "bus", "hub_scale": "stop", "amenity": null, "railway": null, "public_transport": "platform", "highway": "bus_stop", "aeroway": null, "building": null, "operator": null, "network": null, "centroid_lat": 5.5275361, "centroid_lon": -0.2362262 }, "geometry": { "type": "Point", "coordinates": [ -0.2362262, 5.5275361 ] } },
{ "type": "Feature", "properties": { "osmid": 6409469791, "element": "node", "name": "Blue Kiosk", "hub_type": "bus", "hub_scale": "stop", "amenity": null, "railway": null, "public_transport": "platform", "highway": "bus_stop", "aeroway": null, "building": null, "operator": null, "network": null, "centroid_lat": 5.5934028, "centroid_lon": -0.2333596 }, "geometry": { "type": "Point", "coordinates": [ -0.2333596, 5.5934028 ] } },
{ "type": "Feature", "properties": { "osmid": 6419800087, "element": "node", "name": "Nungua Barrier", "hub_type": "bus", "hub_scale": "stop", "amenity": null, "railway": null, "public_transport": "platform", "highway": "bus_stop", "aeroway": null, "building": null, "operator": null, "network": null, "centroid_lat": 5.6141919, "centroid_lon": -0.0738559 }, "geometry": { "type": "Point", "coordinates": [ -0.0738559, 5.6141919 ] } },
{ "type": "Feature", "properties": { "osmid": 6426000857, "element": "node", "name": "White House", "hub_type": "bus", "hub_scale": "stop", "amenity": null, "railway": null, "public_transport": null, "highway": "bus_stop", "aeroway": null, "building": null, "operator": null, "network": null, "centroid_lat": 5.6561232, "centroid_lon": -0.1513195 }, "geometry": { "type": "Point", "coordinates": [ -0.1513195, 5.6561232 ] } },
{ "type": "Feature", "properties": { "osmid": 6433578585, "element": "node", "name": "Bush Road Taxi Rank", "hub_type": "bus", "hub_scale": "interchange", "amenity": "bus_station", "railway": null, "public_transport": null, "highway": null, "aeroway": null, "building": null, "operator": null, "network": null, "centroid_lat": 5.5676032, "centroid_lon": -0.1321684 }, "geometry": { "type": "Point", "coordinates": [ -0.1321684, 5.5676032 ] } },
{ "type": "Feature", "properties": { "osmid": 6433598688, "element": "node", "name": "First Junction", "hub_type": "bus", "hub_scale": "stop", "amenity": null, "railway": null, "public_transport": null, "highway": "bus_stop", "aeroway": null, "building": null, "operator": null, "network": null, "centroid_lat": 5.5884944, "centroid_lon": -0.0975865 }, "geometry": { "type": "Point", "coordinates": [ -0.0975865, 5.5884944 ] } },
{ "type": "Feature", "properties": { "osmid": 6433613585, "element": "node", "name": "Taxi Rank", "hub_type": "bus", "hub_scale": "interchange", "amenity": "bus_station", "railway": null, "public_transport": null, "highway": null, "aeroway": null, "building": null, "operator": null, "network": null, "centroid_lat": 5.6020566, "centroid_lon": -0.0799253 }, "geometry": { "type": "Point", "coordinates": [ -0.0799253, 5.6020566 ] } },
{ "type": "Feature", "properties": { "osmid": 6433613586, "element": "node", "name": "Nugua Station", "hub_type": "bus", "hub_scale": "interchange", "amenity": "bus_station", "railway": null, "public_transport": null, "highway": null, "aeroway": null, "building": null, "operator": null, "network": null, "centroid_lat": 5.6021957, "centroid_lon": -0.0792078 }, "geometry": { "type": "Point", "coordinates": [ -0.0792078, 5.6021957 ] } },
{ "type": "Feature", "properties": { "osmid": 6433613587, "element": "node", "name": "SDA", "hub_type": "bus", "hub_scale": "stop", "amenity": null, "railway": null, "public_transport": null, "highway": "bus_stop", "aeroway": null, "building": null, "operator": null, "network": null, "centroid_lat": 5.6098642, "centroid_lon": -0.0872867 }, "geometry": { "type": "Point", "coordinates": [ -0.0872867, 5.6098642 ] } },
{ "type": "Feature", "properties": { "osmid": 6433613885, "element": "node", "name": "Telephone Both", "hub_type": "bus", "hub_scale": "stop", "amenity": null, "railway": null, "public_transport": null, "highway": "bus_stop", "aeroway": null, "building": null, "operator": null, "network": null, "centroid_lat": 5.6046509, "centroid_lon": -0.0853455 }, "geometry": { "type": "Point", "coordinates": [ -0.0853455, 5.6046509 ] } },
{ "type": "Feature", "properties": { "osmid": 6435419887, "element": "node", "name": "Action", "hub_type": "bus", "hub_scale": "stop", "amenity": null, "railway": null, "public_transport": "platform", "highway": "bus_stop", "aeroway": null, "building": null, "operator": null, "network": null, "centroid_lat": 5.6245076, "centroid_lon": -0.1639694 }, "geometry": { "type": "Point", "coordinates": [ -0.1639694, 5.6245076 ] } },
{ "type": "Feature", "properties": { "osmid": 6470868777, "element": "node", "name": "Kantamato", "hub_type": "bus", "hub_scale": "stop", "amenity": null, "railway": null, "public_transport": "platform", "highway": "bus_stop", "aeroway": null, "building": null, "operator": null, "network": null, "centroid_lat": 5.6066841, "centroid_lon": -0.0772167 }, "geometry": { "type": "Point", "coordinates": [ -0.0772167, 5.6066841 ] } },
{ "type": "Feature", "properties": { "osmid": 6470868780, "element": "node", "name": "Kantamato", "hub_type": "bus", "hub_scale": "stop", "amenity": null, "railway": null, "public_transport": "platform", "highway": "bus_stop", "aeroway": null, "building": null, "operator": null, "network": null, "centroid_lat": 5.6063148, "centroid_lon": -0.0774679 }, "geometry": { "type": "Point", "coordinates": [ -0.0774679, 5.6063148 ] } },
{ "type": "Feature", "properties": { "osmid": 6513380056, "element": "node", "name": "Agbogba Junction", "hub_type": "bus", "hub_scale": "stop", "amenity": null, "railway": null, "public_transport": "platform", "highway": "bus_stop", "aeroway": null, "building": null, "operator": null, "network": null, "centroid_lat": 5.6673095, "centroid_lon": -0.1882173 }, "geometry": { "type": "Point", "coordinates": [ -0.1882173, 5.6673095 ] } },
{ "type": "Feature", "properties": { "osmid": 6521403261, "element": "node", "name": "Okponglo Second Gate", "hub_type": "bus", "hub_scale": "stop", "amenity": null, "railway": null, "public_transport": "platform", "highway": "bus_stop", "aeroway": null, "building": null, "operator": null, "network": null, "centroid_lat": 5.6377339, "centroid_lon": -0.1773751 }, "geometry": { "type": "Point", "coordinates": [ -0.1773751, 5.6377339 ] } },
{ "type": "Feature", "properties": { "osmid": 6530586990, "element": "node", "name": "Puplampu", "hub_type": "bus", "hub_scale": "stop", "amenity": null, "railway": null, "public_transport": "platform", "highway": "bus_stop", "aeroway": null, "building": null, "operator": null, "network": null, "centroid_lat": 5.633726, "centroid_lon": -0.1725277 }, "geometry": { "type": "Point", "coordinates": [ -0.1725277, 5.633726 ] } },
{ "type": "Feature", "properties": { "osmid": 6530586992, "element": "node", "name": "Selina", "hub_type": "bus", "hub_scale": "stop", "amenity": null, "railway": null, "public_transport": "platform", "highway": "bus_stop", "aeroway": null, "building": null, "operator": null, "network": null, "centroid_lat": 5.6446871, "centroid_lon": -0.1570393 }, "geometry": { "type": "Point", "coordinates": [ -0.1570393, 5.6446871 ] } },
{ "type": "Feature", "properties": { "osmid": 6530586993, "element": "node", "name": "MTN", "hub_type": "bus", "hub_scale": "stop", "amenity": null, "railway": null, "public_transport": "platform", "highway": "bus_stop", "aeroway": null, "building": null, "operator": null, "network": null, "centroid_lat": 5.6454345, "centroid_lon": -0.1562266 }, "geometry": { "type": "Point", "coordinates": [ -0.1562266, 5.6454345 ] } },
{ "type": "Feature", "properties": { "osmid": 6581135880, "element": "node", "name": null, "hub_type": "bus", "hub_scale": "stop", "amenity": null, "railway": null, "public_transport": null, "highway": "bus_stop", "aeroway": null, "building": null, "operator": null, "network": null, "centroid_lat": 5.5978603, "centroid_lon": -0.1022524 }, "geometry": { "type": "Point", "coordinates": [ -0.1022524, 5.5978603 ] } },
{ "type": "Feature", "properties": { "osmid": 6587044456, "element": "node", "name": "Vulcanizer", "hub_type": "bus", "hub_scale": "stop", "amenity": null, "railway": null, "public_transport": "platform", "highway": "bus_stop", "aeroway": null, "building": null, "operator": null, "network": null, "centroid_lat": 5.584976, "centroid_lon": -0.2736332 }, "geometry": { "type": "Point", "coordinates": [ -0.2736332, 5.584976 ] } },
{ "type": "Feature", "properties": { "osmid": 6587089241, "element": "node", "name": "Crossing (Baah yard)", "hub_type": "bus", "hub_scale": "stop", "amenity": null, "railway": null, "public_transport": "platform", "highway": "bus_stop", "aeroway": null, "building": null, "operator": null, "network": null, "centroid_lat": 5.5837673, "centroid_lon": -0.2732716 }, "geometry": { "type": "Point", "coordinates": [ -0.2732716, 5.5837673 ] } },
{ "type": "Feature", "properties": { "osmid": 6587119414, "element": "node", "name": "Water Works (Odorkor)", "hub_type": "bus", "hub_scale": "stop", "amenity": null, "railway": null, "public_transport": "platform", "highway": "bus_stop", "aeroway": null, "building": null, "operator": null, "network": null, "centroid_lat": 5.5823442, "centroid_lon": -0.2671579 }, "geometry": { "type": "Point", "coordinates": [ -0.2671579, 5.5823442 ] } },
{ "type": "Feature", "properties": { "osmid": 6587322349, "element": "node", "name": "Container", "hub_type": "bus", "hub_scale": "stop", "amenity": null, "railway": null, "public_transport": "platform", "highway": "bus_stop", "aeroway": null, "building": null, "operator": null, "network": null, "centroid_lat": 5.6189736, "centroid_lon": -0.0994351 }, "geometry": { "type": "Point", "coordinates": [ -0.0994351, 5.6189736 ] } },
{ "type": "Feature", "properties": { "osmid": 6597233411, "element": "node", "name": "Curve", "hub_type": "bus", "hub_scale": "stop", "amenity": null, "railway": null, "public_transport": "platform", "highway": "bus_stop", "aeroway": null, "building": null, "operator": null, "network": null, "centroid_lat": 5.6123131, "centroid_lon": -0.0903645 }, "geometry": { "type": "Point", "coordinates": [ -0.0903645, 5.6123131 ] } },
{ "type": "Feature", "properties": { "osmid": 6612800336, "element": "node", "name": null, "hub_type": "bus", "hub_scale": "stop", "amenity": null, "railway": null, "public_transport": "stop_position", "highway": null, "aeroway": null, "building": null, "operator": null, "network": null, "centroid_lat": 5.5887877, "centroid_lon": -0.251167 }, "geometry": { "type": "Point", "coordinates": [ -0.251167, 5.5887877 ] } },
{ "type": "Feature", "properties": { "osmid": 6612800337, "element": "node", "name": null, "hub_type": "bus", "hub_scale": "stop", "amenity": null, "railway": null, "public_transport": "stop_position", "highway": null, "aeroway": null, "building": null, "operator": null, "network": null, "centroid_lat": 5.5687656, "centroid_lon": -0.2185355 }, "geometry": { "type": "Point", "coordinates": [ -0.2185355, 5.5687656 ] } },
{ "type": "Feature", "properties": { "osmid": 6612800338, "element": "node", "name": null, "hub_type": "bus", "hub_scale": "stop", "amenity": null, "railway": null, "public_transport": "stop_position", "highway": null, "aeroway": null, "building": null, "operator": null, "network": null, "centroid_lat": 5.5760135, "centroid_lon": -0.2383929 }, "geometry": { "type": "Point", "coordinates": [ -0.2383929, 5.5760135 ] } },
{ "type": "Feature", "properties": { "osmid": 6615194432, "element": "node", "name": "Baatsona Total", "hub_type": "bus", "hub_scale": "stop", "amenity": null, "railway": null, "public_transport": "platform", "highway": "bus_stop", "aeroway": null, "building": null, "operator": null, "network": null, "centroid_lat": 5.627682, "centroid_lon": -0.0870746 }, "geometry": { "type": "Point", "coordinates": [ -0.0870746, 5.627682 ] } },
{ "type": "Feature", "properties": { "osmid": 6616357230, "element": "node", "name": "2M Express", "hub_type": "bus", "hub_scale": "interchange", "amenity": "bus_station", "railway": null, "public_transport": "station", "highway": null, "aeroway": null, "building": null, "operator": null, "network": null, "centroid_lat": 5.5684861, "centroid_lon": -0.2191119 }, "geometry": { "type": "Point", "coordinates": [ -0.2191119, 5.5684861 ] } },
{ "type": "Feature", "properties": { "osmid": 6618904261, "element": "node", "name": null, "hub_type": "taxi", "hub_scale": "interchange", "amenity": "taxi", "railway": null, "public_transport": null, "highway": null, "aeroway": null, "building": null, "operator": null, "network": null, "centroid_lat": 5.6372568, "centroid_lon": -0.1265894 }, "geometry": { "type": "Point", "coordinates": [ -0.1265894, 5.6372568 ] } },
{ "type": "Feature", "properties": { "osmid": 6825036276, "element": "node", "name": "Ghana Link", "hub_type": "bus", "hub_scale": "stop", "amenity": null, "railway": null, "public_transport": null, "highway": "bus_stop", "aeroway": null, "building": null, "operator": null, "network": null, "centroid_lat": 5.6401671, "centroid_lon": -0.1619568 }, "geometry": { "type": "Point", "coordinates": [ -0.1619568, 5.6401671 ] } },
{ "type": "Feature", "properties": { "osmid": 6825059553, "element": "node", "name": "Ideal College", "hub_type": "bus", "hub_scale": "stop", "amenity": null, "railway": null, "public_transport": "platform", "highway": "bus_stop", "aeroway": null, "building": null, "operator": null, "network": null, "centroid_lat": 5.6585895, "centroid_lon": -0.1690965 }, "geometry": { "type": "Point", "coordinates": [ -0.1690965, 5.6585895 ] } },
{ "type": "Feature", "properties": { "osmid": 6850753561, "element": "node", "name": "Abofu First", "hub_type": "bus", "hub_scale": "stop", "amenity": null, "railway": null, "public_transport": "platform", "highway": "bus_stop", "aeroway": null, "building": null, "operator": null, "network": null, "centroid_lat": 5.6143365, "centroid_lon": -0.221849 }, "geometry": { "type": "Point", "coordinates": [ -0.221849, 5.6143365 ] } },
{ "type": "Feature", "properties": { "osmid": 6855092032, "element": "node", "name": null, "hub_type": "taxi", "hub_scale": "interchange", "amenity": "taxi", "railway": null, "public_transport": null, "highway": null, "aeroway": null, "building": null, "operator": null, "network": null, "centroid_lat": 5.6195554, "centroid_lon": -0.1083964 }, "geometry": { "type": "Point", "coordinates": [ -0.1083964, 5.6195554 ] } },
{ "type": "Feature", "properties": { "osmid": 6855105445, "element": "node", "name": null, "hub_type": "taxi", "hub_scale": "interchange", "amenity": "taxi", "railway": null, "public_transport": null, "highway": null, "aeroway": null, "building": null, "operator": null, "network": null, "centroid_lat": 5.6154173, "centroid_lon": -0.11289 }, "geometry": { "type": "Point", "coordinates": [ -0.11289, 5.6154173 ] } },
{ "type": "Feature", "properties": { "osmid": 6855166549, "element": "node", "name": "Point 5", "hub_type": "bus", "hub_scale": "stop", "amenity": null, "railway": null, "public_transport": "platform", "highway": "bus_stop", "aeroway": null, "building": null, "operator": null, "network": null, "centroid_lat": 5.5957277, "centroid_lon": -0.1119997 }, "geometry": { "type": "Point", "coordinates": [ -0.1119997, 5.5957277 ] } },
{ "type": "Feature", "properties": { "osmid": 6855166699, "element": "node", "name": "Cold Store", "hub_type": "bus", "hub_scale": "stop", "amenity": null, "railway": null, "public_transport": "platform", "highway": "bus_stop", "aeroway": null, "building": null, "operator": null, "network": null, "centroid_lat": 5.5936735, "centroid_lon": -0.1110211 }, "geometry": { "type": "Point", "coordinates": [ -0.1110211, 5.5936735 ] } },
{ "type": "Feature", "properties": { "osmid": 6855167177, "element": "node", "name": "Point 5", "hub_type": "bus", "hub_scale": "stop", "amenity": null, "railway": null, "public_transport": "platform", "highway": "bus_stop", "aeroway": null, "building": null, "operator": null, "network": null, "centroid_lat": 5.5956508, "centroid_lon": -0.1118649 }, "geometry": { "type": "Point", "coordinates": [ -0.1118649, 5.5956508 ] } },
{ "type": "Feature", "properties": { "osmid": 6855175207, "element": "node", "name": "Cold Store", "hub_type": "bus", "hub_scale": "stop", "amenity": null, "railway": null, "public_transport": "platform", "highway": "bus_stop", "aeroway": null, "building": null, "operator": null, "network": null, "centroid_lat": 5.5942799, "centroid_lon": -0.1113191 }, "geometry": { "type": "Point", "coordinates": [ -0.1113191, 5.5942799 ] } },
{ "type": "Feature", "properties": { "osmid": 6855178803, "element": "node", "name": "Anumatu", "hub_type": "bus", "hub_scale": "stop", "amenity": null, "railway": null, "public_transport": "platform", "highway": "bus_stop", "aeroway": null, "building": null, "operator": null, "network": null, "centroid_lat": 5.5983038, "centroid_lon": -0.1130766 }, "geometry": { "type": "Point", "coordinates": [ -0.1130766, 5.5983038 ] } },
{ "type": "Feature", "properties": { "osmid": 6855186598, "element": "node", "name": "Anumatu", "hub_type": "bus", "hub_scale": "stop", "amenity": null, "railway": null, "public_transport": "platform", "highway": "bus_stop", "aeroway": null, "building": null, "operator": null, "network": null, "centroid_lat": 5.5985756, "centroid_lon": -0.1130624 }, "geometry": { "type": "Point", "coordinates": [ -0.1130624, 5.5985756 ] } },
{ "type": "Feature", "properties": { "osmid": 6855209490, "element": "node", "name": "Ada Junction", "hub_type": "bus", "hub_scale": "stop", "amenity": null, "railway": null, "public_transport": "platform", "highway": "bus_stop", "aeroway": null, "building": null, "operator": null, "network": null, "centroid_lat": 5.5996507, "centroid_lon": -0.1134774 }, "geometry": { "type": "Point", "coordinates": [ -0.1134774, 5.5996507 ] } },
{ "type": "Feature", "properties": { "osmid": 6855226949, "element": "node", "name": "Akowuo", "hub_type": "bus", "hub_scale": "stop", "amenity": null, "railway": null, "public_transport": "platform", "highway": "bus_stop", "aeroway": null, "building": null, "operator": null, "network": null, "centroid_lat": 5.6013307, "centroid_lon": -0.1138434 }, "geometry": { "type": "Point", "coordinates": [ -0.1138434, 5.6013307 ] } },
{ "type": "Feature", "properties": { "osmid": 6855234273, "element": "node", "name": "Hetso", "hub_type": "bus", "hub_scale": "stop", "amenity": null, "railway": null, "public_transport": "platform", "highway": "bus_stop", "aeroway": null, "building": null, "operator": null, "network": null, "centroid_lat": 5.6038953, "centroid_lon": -0.1147614 }, "geometry": { "type": "Point", "coordinates": [ -0.1147614, 5.6038953 ] } },
{ "type": "Feature", "properties": { "osmid": 6855749535, "element": "node", "name": "Drug Store", "hub_type": "bus", "hub_scale": "stop", "amenity": null, "railway": null, "public_transport": "platform", "highway": "bus_stop", "aeroway": null, "building": null, "operator": null, "network": null, "centroid_lat": 5.5912766, "centroid_lon": -0.1104604 }, "geometry": { "type": "Point", "coordinates": [ -0.1104604, 5.5912766 ] } },
{ "type": "Feature", "properties": { "osmid": 6856196253, "element": "node", "name": "Zachariah Junction", "hub_type": "bus", "hub_scale": "stop", "amenity": null, "railway": null, "public_transport": "platform", "highway": "bus_stop", "aeroway": null, "building": null, "operator": null, "network": null, "centroid_lat": 5.5943062, "centroid_lon": -0.1009704 }, "geometry": { "type": "Point", "coordinates": [ -0.1009704, 5.5943062 ] } },
{ "type": "Feature", "properties": { "osmid": 6861636642, "element": "node", "name": "Smilies Junction", "hub_type": "bus", "hub_scale": "stop", "amenity": null, "railway": null, "public_transport": "platform", "highway": "bus_stop", "aeroway": null, "building": null, "operator": null, "network": null, "centroid_lat": 5.6136616, "centroid_lon": -0.114287 }, "geometry": { "type": "Point", "coordinates": [ -0.114287, 5.6136616 ] } },
{ "type": "Feature", "properties": { "osmid": 6861638789, "element": "node", "name": null, "hub_type": "taxi", "hub_scale": "interchange", "amenity": "taxi", "railway": null, "public_transport": null, "highway": null, "aeroway": null, "building": null, "operator": null, "network": null, "centroid_lat": 5.6061783, "centroid_lon": -0.1157533 }, "geometry": { "type": "Point", "coordinates": [ -0.1157533, 5.6061783 ] } },
{ "type": "Feature", "properties": { "osmid": 6865013755, "element": "node", "name": "Lotto Kiosk", "hub_type": "bus", "hub_scale": "stop", "amenity": null, "railway": null, "public_transport": "platform", "highway": "bus_stop", "aeroway": null, "building": null, "operator": null, "network": null, "centroid_lat": 5.6246807, "centroid_lon": -0.1242951 }, "geometry": { "type": "Point", "coordinates": [ -0.1242951, 5.6246807 ] } },
{ "type": "Feature", "properties": { "osmid": 6865108743, "element": "node", "name": null, "hub_type": "bus", "hub_scale": "stop", "amenity": null, "railway": null, "public_transport": "platform", "highway": "bus_stop", "aeroway": null, "building": null, "operator": null, "network": null, "centroid_lat": 5.590438, "centroid_lon": -0.1082193 }, "geometry": { "type": "Point", "coordinates": [ -0.1082193, 5.590438 ] } },
{ "type": "Feature", "properties": { "osmid": 6865138147, "element": "node", "name": null, "hub_type": "bus", "hub_scale": "stop", "amenity": null, "railway": null, "public_transport": "platform", "highway": "bus_stop", "aeroway": null, "building": null, "operator": null, "network": null, "centroid_lat": 5.5906732, "centroid_lon": -0.1098754 }, "geometry": { "type": "Point", "coordinates": [ -0.1098754, 5.5906732 ] } },
{ "type": "Feature", "properties": { "osmid": 6865138148, "element": "node", "name": "Drug Store", "hub_type": "bus", "hub_scale": "stop", "amenity": null, "railway": null, "public_transport": "platform", "highway": "bus_stop", "aeroway": null, "building": null, "operator": null, "network": null, "centroid_lat": 5.5910432, "centroid_lon": -0.1103134 }, "geometry": { "type": "Point", "coordinates": [ -0.1103134, 5.5910432 ] } },
{ "type": "Feature", "properties": { "osmid": 6865182195, "element": "node", "name": null, "hub_type": "taxi", "hub_scale": "interchange", "amenity": "taxi", "railway": null, "public_transport": null, "highway": null, "aeroway": null, "building": null, "operator": null, "network": null, "centroid_lat": 5.6261536, "centroid_lon": -0.1077052 }, "geometry": { "type": "Point", "coordinates": [ -0.1077052, 5.6261536 ] } },
{ "type": "Feature", "properties": { "osmid": 6865185413, "element": "node", "name": "Costal Taxi Station", "hub_type": "taxi", "hub_scale": "interchange", "amenity": "taxi", "railway": null, "public_transport": null, "highway": null, "aeroway": null, "building": null, "operator": null, "network": null, "centroid_lat": 5.6347044, "centroid_lon": -0.1006365 }, "geometry": { "type": "Point", "coordinates": [ -0.1006365, 5.6347044 ] } },
{ "type": "Feature", "properties": { "osmid": 6865194611, "element": "node", "name": "Lotto Kiosk", "hub_type": "bus", "hub_scale": "stop", "amenity": null, "railway": null, "public_transport": "platform", "highway": "bus_stop", "aeroway": null, "building": null, "operator": null, "network": null, "centroid_lat": 5.6243432, "centroid_lon": -0.1246045 }, "geometry": { "type": "Point", "coordinates": [ -0.1246045, 5.6243432 ] } },
{ "type": "Feature", "properties": { "osmid": 6865906436, "element": "node", "name": "Teshie Market", "hub_type": "bus", "hub_scale": "stop", "amenity": null, "railway": null, "public_transport": null, "highway": "bus_stop", "aeroway": null, "building": null, "operator": null, "network": null, "centroid_lat": 5.5877604, "centroid_lon": -0.106795 }, "geometry": { "type": "Point", "coordinates": [ -0.106795, 5.5877604 ] } },
{ "type": "Feature", "properties": { "osmid": 6867061193, "element": "node", "name": null, "hub_type": "bus", "hub_scale": "stop", "amenity": null, "railway": null, "public_transport": null, "highway": "bus_stop", "aeroway": null, "building": null, "operator": null, "network": null, "centroid_lat": 5.5836451, "centroid_lon": -0.1049919 }, "geometry": { "type": "Point", "coordinates": [ -0.1049919, 5.5836451 ] } },
{ "type": "Feature", "properties": { "osmid": 6867104497, "element": "node", "name": "Bus Station", "hub_type": "bus", "hub_scale": "interchange", "amenity": "bus_station", "railway": null, "public_transport": null, "highway": null, "aeroway": null, "building": null, "operator": null, "network": null, "centroid_lat": 5.5840473, "centroid_lon": -0.1052064 }, "geometry": { "type": "Point", "coordinates": [ -0.1052064, 5.5840473 ] } },
{ "type": "Feature", "properties": { "osmid": 6867107889, "element": "node", "name": null, "hub_type": "bus", "hub_scale": "stop", "amenity": null, "railway": null, "public_transport": null, "highway": "bus_stop", "aeroway": null, "building": null, "operator": null, "network": null, "centroid_lat": 5.5834573, "centroid_lon": -0.1049641 }, "geometry": { "type": "Point", "coordinates": [ -0.1049641, 5.5834573 ] } },
{ "type": "Feature", "properties": { "osmid": 6872190378, "element": "node", "name": "Rice & Sugar Junction", "hub_type": "bus", "hub_scale": "stop", "amenity": null, "railway": null, "public_transport": "platform", "highway": "bus_stop", "aeroway": null, "building": null, "operator": null, "network": null, "centroid_lat": 5.618686, "centroid_lon": -0.1244834 }, "geometry": { "type": "Point", "coordinates": [ -0.1244834, 5.618686 ] } },
{ "type": "Feature", "properties": { "osmid": 6896578935, "element": "node", "name": "Taxi Stand", "hub_type": "taxi", "hub_scale": "interchange", "amenity": "taxi", "railway": null, "public_transport": null, "highway": null, "aeroway": null, "building": null, "operator": null, "network": null, "centroid_lat": 5.6209001, "centroid_lon": -0.1744888 }, "geometry": { "type": "Point", "coordinates": [ -0.1744888, 5.6209001 ] } },
{ "type": "Feature", "properties": { "osmid": 6898750739, "element": "node", "name": null, "hub_type": "bus", "hub_scale": "stop", "amenity": null, "railway": null, "public_transport": null, "highway": "bus_stop", "aeroway": null, "building": null, "operator": null, "network": null, "centroid_lat": 5.5835079, "centroid_lon": -0.1089333 }, "geometry": { "type": "Point", "coordinates": [ -0.1089333, 5.5835079 ] } },
{ "type": "Feature", "properties": { "osmid": 6898764902, "element": "node", "name": null, "hub_type": "bus", "hub_scale": "stop", "amenity": null, "railway": null, "public_transport": null, "highway": "bus_stop", "aeroway": null, "building": null, "operator": null, "network": null, "centroid_lat": 5.5860854, "centroid_lon": -0.1073201 }, "geometry": { "type": "Point", "coordinates": [ -0.1073201, 5.5860854 ] } },
{ "type": "Feature", "properties": { "osmid": 6899220950, "element": "node", "name": "High Tension", "hub_type": "bus", "hub_scale": "stop", "amenity": null, "railway": null, "public_transport": "platform", "highway": "bus_stop", "aeroway": null, "building": null, "operator": null, "network": null, "centroid_lat": 5.616887, "centroid_lon": -0.1139681 }, "geometry": { "type": "Point", "coordinates": [ -0.1139681, 5.616887 ] } },
{ "type": "Feature", "properties": { "osmid": 6899220951, "element": "node", "name": null, "hub_type": "bus", "hub_scale": "stop", "amenity": null, "railway": null, "public_transport": "platform", "highway": "bus_stop", "aeroway": null, "building": null, "operator": null, "network": "High Tension", "centroid_lat": 5.6170578, "centroid_lon": -0.1144778 }, "geometry": { "type": "Point", "coordinates": [ -0.1144778, 5.6170578 ] } },
{ "type": "Feature", "properties": { "osmid": 6902238021, "element": "node", "name": "Manet Gate", "hub_type": "bus", "hub_scale": "stop", "amenity": null, "railway": null, "public_transport": "platform", "highway": "bus_stop", "aeroway": null, "building": null, "operator": null, "network": null, "centroid_lat": 5.6221101, "centroid_lon": -0.1244342 }, "geometry": { "type": "Point", "coordinates": [ -0.1244342, 5.6221101 ] } },
{ "type": "Feature", "properties": { "osmid": 6902248323, "element": "node", "name": "Manet Gate", "hub_type": "bus", "hub_scale": "stop", "amenity": null, "railway": null, "public_transport": "platform", "highway": "bus_stop", "aeroway": null, "building": null, "operator": null, "network": null, "centroid_lat": 5.622006, "centroid_lon": -0.1247666 }, "geometry": { "type": "Point", "coordinates": [ -0.1247666, 5.622006 ] } },
{ "type": "Feature", "properties": { "osmid": 6925013457, "element": "node", "name": "Ebenezer", "hub_type": "bus", "hub_scale": "stop", "amenity": null, "railway": null, "public_transport": null, "highway": "bus_stop", "aeroway": null, "building": null, "operator": null, "network": null, "centroid_lat": 5.6085833, "centroid_lon": -0.1226702 }, "geometry": { "type": "Point", "coordinates": [ -0.1226702, 5.6085833 ] } },
{ "type": "Feature", "properties": { "osmid": 6925042563, "element": "node", "name": "Ata Odoi", "hub_type": "bus", "hub_scale": "stop", "amenity": null, "railway": null, "public_transport": "platform", "highway": "bus_stop", "aeroway": null, "building": null, "operator": null, "network": null, "centroid_lat": 5.6131994, "centroid_lon": -0.1239119 }, "geometry": { "type": "Point", "coordinates": [ -0.1239119, 5.6131994 ] } },
{ "type": "Feature", "properties": { "osmid": 6925082249, "element": "node", "name": null, "hub_type": "bus", "hub_scale": "stop", "amenity": null, "railway": null, "public_transport": "platform", "highway": "bus_stop", "aeroway": null, "building": null, "operator": null, "network": null, "centroid_lat": 5.6208367, "centroid_lon": -0.1244474 }, "geometry": { "type": "Point", "coordinates": [ -0.1244474, 5.6208367 ] } },
{ "type": "Feature", "properties": { "osmid": 6925084910, "element": "node", "name": null, "hub_type": "bus", "hub_scale": "stop", "amenity": null, "railway": null, "public_transport": null, "highway": "bus_stop", "aeroway": null, "building": null, "operator": null, "network": null, "centroid_lat": 5.6317365, "centroid_lon": -0.1240861 }, "geometry": { "type": "Point", "coordinates": [ -0.1240861, 5.6317365 ] } },
{ "type": "Feature", "properties": { "osmid": 6925464062, "element": "node", "name": "Curve", "hub_type": "bus", "hub_scale": "stop", "amenity": null, "railway": null, "public_transport": null, "highway": "bus_stop", "aeroway": null, "building": null, "operator": null, "network": null, "centroid_lat": 5.5814619, "centroid_lon": -0.1109505 }, "geometry": { "type": "Point", "coordinates": [ -0.1109505, 5.5814619 ] } },
{ "type": "Feature", "properties": { "osmid": 6925464956, "element": "node", "name": null, "hub_type": "bus", "hub_scale": "stop", "amenity": null, "railway": null, "public_transport": null, "highway": "bus_stop", "aeroway": null, "building": null, "operator": null, "network": null, "centroid_lat": 5.5841727, "centroid_lon": -0.1095539 }, "geometry": { "type": "Point", "coordinates": [ -0.1095539, 5.5841727 ] } },
{ "type": "Feature", "properties": { "osmid": 6925468066, "element": "node", "name": null, "hub_type": "bus", "hub_scale": "stop", "amenity": null, "railway": null, "public_transport": null, "highway": "bus_stop", "aeroway": null, "building": null, "operator": null, "network": null, "centroid_lat": 5.5849982, "centroid_lon": -0.108648 }, "geometry": { "type": "Point", "coordinates": [ -0.108648, 5.5849982 ] } },
{ "type": "Feature", "properties": { "osmid": 6925555894, "element": "node", "name": null, "hub_type": "bus", "hub_scale": "stop", "amenity": null, "railway": null, "public_transport": "platform", "highway": "bus_stop", "aeroway": null, "building": null, "operator": null, "network": null, "centroid_lat": 5.6141334, "centroid_lon": -0.1134752 }, "geometry": { "type": "Point", "coordinates": [ -0.1134752, 5.6141334 ] } },
{ "type": "Feature", "properties": { "osmid": 6927372800, "element": "node", "name": "Maafi", "hub_type": "bus", "hub_scale": "stop", "amenity": null, "railway": null, "public_transport": null, "highway": "bus_stop", "aeroway": null, "building": null, "operator": null, "network": null, "centroid_lat": 5.591629, "centroid_lon": -0.0999694 }, "geometry": { "type": "Point", "coordinates": [ -0.0999694, 5.591629 ] } },
{ "type": "Feature", "properties": { "osmid": 6928631754, "element": "node", "name": null, "hub_type": "bus", "hub_scale": "stop", "amenity": null, "railway": null, "public_transport": "platform", "highway": "bus_stop", "aeroway": null, "building": null, "operator": null, "network": null, "centroid_lat": 5.6038346, "centroid_lon": -0.1215687 }, "geometry": { "type": "Point", "coordinates": [ -0.1215687, 5.6038346 ] } },
{ "type": "Feature", "properties": { "osmid": 6928684689, "element": "node", "name": "Ata Odoi", "hub_type": "bus", "hub_scale": "stop", "amenity": null, "railway": null, "public_transport": "platform", "highway": "bus_stop", "aeroway": null, "building": null, "operator": null, "network": null, "centroid_lat": 5.6130483, "centroid_lon": -0.1242515 }, "geometry": { "type": "Point", "coordinates": [ -0.1242515, 5.6130483 ] } },
{ "type": "Feature", "properties": { "osmid": 6928697190, "element": "node", "name": "Taxi Rank", "hub_type": "bus", "hub_scale": "stop", "amenity": null, "railway": null, "public_transport": "platform", "highway": "bus_stop", "aeroway": null, "building": null, "operator": null, "network": null, "centroid_lat": 5.6175642, "centroid_lon": -0.1245358 }, "geometry": { "type": "Point", "coordinates": [ -0.1245358, 5.6175642 ] } },
{ "type": "Feature", "properties": { "osmid": 6934336631, "element": "node", "name": "Noble Junction", "hub_type": "bus", "hub_scale": "stop", "amenity": null, "railway": null, "public_transport": "platform", "highway": "bus_stop", "aeroway": null, "building": null, "operator": null, "network": null, "centroid_lat": 5.6122027, "centroid_lon": -0.1236756 }, "geometry": { "type": "Point", "coordinates": [ -0.1236756, 5.6122027 ] } },
{ "type": "Feature", "properties": { "osmid": 6938396759, "element": "node", "name": "Unique Junction", "hub_type": "bus", "hub_scale": "stop", "amenity": null, "railway": null, "public_transport": "platform", "highway": "bus_stop", "aeroway": null, "building": null, "operator": null, "network": null, "centroid_lat": 5.6205355, "centroid_lon": -0.1079214 }, "geometry": { "type": "Point", "coordinates": [ -0.1079214, 5.6205355 ] } },
{ "type": "Feature", "properties": { "osmid": 6938488146, "element": "node", "name": "Pastor", "hub_type": "bus", "hub_scale": "stop", "amenity": null, "railway": null, "public_transport": "platform", "highway": "bus_stop", "aeroway": null, "building": null, "operator": null, "network": null, "centroid_lat": 5.6237086, "centroid_lon": -0.1079223 }, "geometry": { "type": "Point", "coordinates": [ -0.1079223, 5.6237086 ] } },
{ "type": "Feature", "properties": { "osmid": 6938491642, "element": "node", "name": null, "hub_type": "taxi", "hub_scale": "interchange", "amenity": "taxi", "railway": null, "public_transport": null, "highway": null, "aeroway": null, "building": null, "operator": null, "network": null, "centroid_lat": 5.6199809, "centroid_lon": -0.1001271 }, "geometry": { "type": "Point", "coordinates": [ -0.1001271, 5.6199809 ] } },
{ "type": "Feature", "properties": { "osmid": 6939726932, "element": "node", "name": "Guest Inn", "hub_type": "bus", "hub_scale": "stop", "amenity": null, "railway": null, "public_transport": null, "highway": "bus_stop", "aeroway": null, "building": null, "operator": null, "network": null, "centroid_lat": 5.5853596, "centroid_lon": -0.1062089 }, "geometry": { "type": "Point", "coordinates": [ -0.1062089, 5.5853596 ] } },
{ "type": "Feature", "properties": { "osmid": 6943818245, "element": "node", "name": null, "hub_type": "bus", "hub_scale": "stop", "amenity": null, "railway": null, "public_transport": "platform", "highway": "bus_stop", "aeroway": null, "building": null, "operator": null, "network": null, "centroid_lat": 5.6183883, "centroid_lon": -0.1148325 }, "geometry": { "type": "Point", "coordinates": [ -0.1148325, 5.6183883 ] } },
{ "type": "Feature", "properties": { "osmid": 6968590872, "element": "node", "name": "37 station", "hub_type": "bus", "hub_scale": "interchange", "amenity": "bus_station", "railway": null, "public_transport": "station", "highway": null, "aeroway": null, "building": null, "operator": null, "network": null, "centroid_lat": 5.58693, "centroid_lon": -0.2075783 }, "geometry": { "type": "Point", "coordinates": [ -0.2075783, 5.58693 ] } },
{ "type": "Feature", "properties": { "osmid": 6984515094, "element": "node", "name": "Mallam Attah Market", "hub_type": "bus", "hub_scale": "stop", "amenity": null, "railway": null, "public_transport": "platform", "highway": "bus_stop", "aeroway": null, "building": null, "operator": null, "network": null, "centroid_lat": 5.5837416, "centroid_lon": -0.2081542 }, "geometry": { "type": "Point", "coordinates": [ -0.2081542, 5.5837416 ] } },
{ "type": "Feature", "properties": { "osmid": 7022183085, "element": "node", "name": "Auto", "hub_type": "bus", "hub_scale": "stop", "amenity": null, "railway": null, "public_transport": null, "highway": "bus_stop", "aeroway": null, "building": null, "operator": null, "network": null, "centroid_lat": 5.5603497, "centroid_lon": -0.2101711 }, "geometry": { "type": "Point", "coordinates": [ -0.2101711, 5.5603497 ] } },
{ "type": "Feature", "properties": { "osmid": 7046135590, "element": "node", "name": "Addogonno", "hub_type": "rail", "hub_scale": "interchange", "amenity": null, "railway": "station", "public_transport": "station", "highway": null, "aeroway": null, "building": null, "operator": null, "network": null, "centroid_lat": 5.6195292, "centroid_lon": -0.0919544 }, "geometry": { "type": "Point", "coordinates": [ -0.0919544, 5.6195292 ] } },
{ "type": "Feature", "properties": { "osmid": 7073797880, "element": "node", "name": "STM", "hub_type": "bus", "hub_scale": "interchange", "amenity": "bus_station", "railway": null, "public_transport": "station", "highway": null, "aeroway": null, "building": null, "operator": null, "network": null, "centroid_lat": 5.5704572, "centroid_lon": -0.2193964 }, "geometry": { "type": "Point", "coordinates": [ -0.2193964, 5.5704572 ] } },
{ "type": "Feature", "properties": { "osmid": 7104159586, "element": "node", "name": "Ayalolo Bus Terminal", "hub_type": "bus", "hub_scale": "interchange", "amenity": "bus_station", "railway": null, "public_transport": "station", "highway": null, "aeroway": null, "building": null, "operator": null, "network": null, "centroid_lat": 5.5516311, "centroid_lon": -0.2095026 }, "geometry": { "type": "Point", "coordinates": [ -0.2095026, 5.5516311 ] } },
{ "type": "Feature", "properties": { "osmid": 7123899680, "element": "node", "name": "Spintex Junction", "hub_type": "bus", "hub_scale": "stop", "amenity": null, "railway": null, "public_transport": "platform", "highway": "bus_stop", "aeroway": null, "building": null, "operator": null, "network": null, "centroid_lat": 5.6212341, "centroid_lon": -0.1749921 }, "geometry": { "type": "Point", "coordinates": [ -0.1749921, 5.6212341 ] } },
{ "type": "Feature", "properties": { "osmid": 7209390752, "element": "node", "name": "Junction", "hub_type": "bus", "hub_scale": "stop", "amenity": null, "railway": null, "public_transport": "platform", "highway": "bus_stop", "aeroway": null, "building": null, "operator": null, "network": null, "centroid_lat": 5.5903654, "centroid_lon": -0.2555297 }, "geometry": { "type": "Point", "coordinates": [ -0.2555297, 5.5903654 ] } },
{ "type": "Feature", "properties": { "osmid": 7244271756, "element": "node", "name": "Cape Coast Station", "hub_type": "bus", "hub_scale": "interchange", "amenity": "bus_station", "railway": null, "public_transport": "station", "highway": null, "aeroway": null, "building": null, "operator": null, "network": null, "centroid_lat": 5.5649601, "centroid_lon": -0.2350586 }, "geometry": { "type": "Point", "coordinates": [ -0.2350586, 5.5649601 ] } },
{ "type": "Feature", "properties": { "osmid": 7269725918, "element": "node", "name": "Drug Store", "hub_type": "bus", "hub_scale": "stop", "amenity": null, "railway": null, "public_transport": "platform", "highway": "bus_stop", "aeroway": null, "building": null, "operator": null, "network": null, "centroid_lat": 5.5898577, "centroid_lon": -0.258287 }, "geometry": { "type": "Point", "coordinates": [ -0.258287, 5.5898577 ] } },
{ "type": "Feature", "properties": { "osmid": 7291042215, "element": "node", "name": "Market", "hub_type": "bus", "hub_scale": "stop", "amenity": null, "railway": null, "public_transport": "platform", "highway": "bus_stop", "aeroway": null, "building": null, "operator": null, "network": null, "centroid_lat": 5.5888862, "centroid_lon": -0.2606052 }, "geometry": { "type": "Point", "coordinates": [ -0.2606052, 5.5888862 ] } },
{ "type": "Feature", "properties": { "osmid": 7292804653, "element": "node", "name": "Circle Station", "hub_type": "bus", "hub_scale": "stop", "amenity": null, "railway": null, "public_transport": "platform", "highway": "bus_stop", "aeroway": null, "building": null, "operator": null, "network": null, "centroid_lat": 5.5906504, "centroid_lon": -0.2523276 }, "geometry": { "type": "Point", "coordinates": [ -0.2523276, 5.5906504 ] } },
{ "type": "Feature", "properties": { "osmid": 7308784707, "element": "node", "name": "Police Depot", "hub_type": "bus", "hub_scale": "stop", "amenity": null, "railway": null, "public_transport": "platform", "highway": "bus_stop", "aeroway": null, "building": null, "operator": null, "network": null, "centroid_lat": 5.5962684, "centroid_lon": -0.230263 }, "geometry": { "type": "Point", "coordinates": [ -0.230263, 5.5962684 ] } },
{ "type": "Feature", "properties": { "osmid": 7348800682, "element": "node", "name": null, "hub_type": "bus", "hub_scale": "interchange", "amenity": "bus_station", "railway": null, "public_transport": "station", "highway": null, "aeroway": null, "building": null, "operator": null, "network": null, "centroid_lat": 5.6082598, "centroid_lon": -0.1311008 }, "geometry": { "type": "Point", "coordinates": [ -0.1311008, 5.6082598 ] } },
{ "type": "Feature", "properties": { "osmid": 7441273196, "element": "node", "name": "Taxi Station", "hub_type": "taxi", "hub_scale": "interchange", "amenity": "taxi", "railway": null, "public_transport": null, "highway": null, "aeroway": null, "building": null, "operator": null, "network": null, "centroid_lat": 5.6062499, "centroid_lon": -0.0770488 }, "geometry": { "type": "Point", "coordinates": [ -0.0770488, 5.6062499 ] } },
{ "type": "Feature", "properties": { "osmid": 7529125654, "element": "node", "name": "Green House", "hub_type": "bus", "hub_scale": "stop", "amenity": null, "railway": null, "public_transport": null, "highway": "bus_stop", "aeroway": null, "building": null, "operator": null, "network": null, "centroid_lat": 5.6325112, "centroid_lon": -0.1608303 }, "geometry": { "type": "Point", "coordinates": [ -0.1608303, 5.6325112 ] } },
{ "type": "Feature", "properties": { "osmid": 7723461087, "element": "node", "name": "GIMPA Junction", "hub_type": "bus", "hub_scale": "stop", "amenity": null, "railway": null, "public_transport": null, "highway": "bus_stop", "aeroway": null, "building": null, "operator": null, "network": null, "centroid_lat": 5.6390267, "centroid_lon": -0.2093658 }, "geometry": { "type": "Point", "coordinates": [ -0.2093658, 5.6390267 ] } },
{ "type": "Feature", "properties": { "osmid": 7994988557, "element": "node", "name": "Fishpond Taxi Rand", "hub_type": "taxi", "hub_scale": "interchange", "amenity": "taxi", "railway": null, "public_transport": null, "highway": null, "aeroway": null, "building": null, "operator": null, "network": null, "centroid_lat": 5.6080036, "centroid_lon": -0.2464823 }, "geometry": { "type": "Point", "coordinates": [ -0.2464823, 5.6080036 ] } },
{ "type": "Feature", "properties": { "osmid": 8064781604, "element": "node", "name": "Circle UTC", "hub_type": "taxi", "hub_scale": "interchange", "amenity": "taxi", "railway": null, "public_transport": null, "highway": null, "aeroway": null, "building": null, "operator": null, "network": null, "centroid_lat": 5.5686414, "centroid_lon": -0.2157442 }, "geometry": { "type": "Point", "coordinates": [ -0.2157442, 5.5686414 ] } },
{ "type": "Feature", "properties": { "osmid": 8107722369, "element": "node", "name": "Koko Junction", "hub_type": "bus", "hub_scale": "stop", "amenity": null, "railway": null, "public_transport": "platform", "highway": "bus_stop", "aeroway": null, "building": null, "operator": null, "network": null, "centroid_lat": 5.6156163, "centroid_lon": -0.1244064 }, "geometry": { "type": "Point", "coordinates": [ -0.1244064, 5.6156163 ] } },
{ "type": "Feature", "properties": { "osmid": 8872690800, "element": "node", "name": null, "hub_type": "bus", "hub_scale": "stop", "amenity": null, "railway": null, "public_transport": "platform", "highway": "bus_stop", "aeroway": null, "building": null, "operator": null, "network": null, "centroid_lat": 5.649147, "centroid_lon": -0.1794278 }, "geometry": { "type": "Point", "coordinates": [ -0.1794278, 5.649147 ] } },
{ "type": "Feature", "properties": { "osmid": 9481039215, "element": "node", "name": "Tse Addo Roundabout", "hub_type": "bus", "hub_scale": "stop", "amenity": null, "railway": null, "public_transport": "platform", "highway": "bus_stop", "aeroway": null, "building": null, "operator": null, "network": null, "centroid_lat": 5.5955115, "centroid_lon": -0.1352303 }, "geometry": { "type": "Point", "coordinates": [ -0.1352303, 5.5955115 ] } },
{ "type": "Feature", "properties": { "osmid": 9590453994, "element": "node", "name": "Taxis to Tse Addo", "hub_type": "bus", "hub_scale": "stop", "amenity": null, "railway": null, "public_transport": "platform", "highway": null, "aeroway": null, "building": null, "operator": null, "network": null, "centroid_lat": 5.5727747, "centroid_lon": -0.1495362 }, "geometry": { "type": "Point", "coordinates": [ -0.1495362, 5.5727747 ] } },
{ "type": "Feature", "properties": { "osmid": 9595260074, "element": "node", "name": null, "hub_type": "bus", "hub_scale": "stop", "amenity": null, "railway": null, "public_transport": "platform", "highway": "bus_stop", "aeroway": null, "building": null, "operator": null, "network": null, "centroid_lat": 5.597302, "centroid_lon": -0.1505257 }, "geometry": { "type": "Point", "coordinates": [ -0.1505257, 5.597302 ] } },
{ "type": "Feature", "properties": { "osmid": 9595319499, "element": "node", "name": "Airforce Bus Stop", "hub_type": "bus", "hub_scale": "stop", "amenity": null, "railway": null, "public_transport": "platform", "highway": "bus_stop", "aeroway": null, "building": null, "operator": null, "network": null, "centroid_lat": 5.5968076, "centroid_lon": -0.1580263 }, "geometry": { "type": "Point", "coordinates": [ -0.1580263, 5.5968076 ] } },
{ "type": "Feature", "properties": { "osmid": 9595322455, "element": "node", "name": "Burma Camp Last Stop", "hub_type": "bus", "hub_scale": "interchange", "amenity": "bus_station", "railway": null, "public_transport": "station", "highway": null, "aeroway": null, "building": null, "operator": null, "network": null, "centroid_lat": 5.5925928, "centroid_lon": -0.1517305 }, "geometry": { "type": "Point", "coordinates": [ -0.1517305, 5.5925928 ] } },
{ "type": "Feature", "properties": { "osmid": 9602379995, "element": "node", "name": "Sunlight", "hub_type": "bus", "hub_scale": "stop", "amenity": null, "railway": null, "public_transport": "platform", "highway": "bus_stop", "aeroway": null, "building": null, "operator": null, "network": null, "centroid_lat": 5.5894404, "centroid_lon": -0.2322167 }, "geometry": { "type": "Point", "coordinates": [ -0.2322167, 5.5894404 ] } },
{ "type": "Feature", "properties": { "osmid": 9937596017, "element": "node", "name": "Achimota Junction", "hub_type": "rail", "hub_scale": "interchange", "amenity": null, "railway": "station", "public_transport": "station", "highway": null, "aeroway": null, "building": null, "operator": null, "network": null, "centroid_lat": 5.6073991, "centroid_lon": -0.2237278 }, "geometry": { "type": "Point", "coordinates": [ -0.2237278, 5.6073991 ] } },
{ "type": "Feature", "properties": { "osmid": 9937596018, "element": "node", "name": "Odo", "hub_type": "bus", "hub_scale": "interchange", "amenity": null, "railway": "stop", "public_transport": "station", "highway": null, "aeroway": null, "building": null, "operator": null, "network": null, "centroid_lat": 5.565422, "centroid_lon": -0.2190119 }, "geometry": { "type": "Point", "coordinates": [ -0.2190119, 5.565422 ] } },
{ "type": "Feature", "properties": { "osmid": 9937596023, "element": "node", "name": null, "hub_type": "bus", "hub_scale": "stop", "amenity": null, "railway": "stop", "public_transport": "stop_position", "highway": null, "aeroway": null, "building": null, "operator": null, "network": null, "centroid_lat": 5.5490429, "centroid_lon": -0.2113884 }, "geometry": { "type": "Point", "coordinates": [ -0.2113884, 5.5490429 ] } },
{ "type": "Feature", "properties": { "osmid": 9937963687, "element": "node", "name": "Baatsona", "hub_type": "rail", "hub_scale": "interchange", "amenity": null, "railway": "station", "public_transport": "station", "highway": null, "aeroway": null, "building": null, "operator": null, "network": null, "centroid_lat": 5.6198657, "centroid_lon": -0.1196171 }, "geometry": { "type": "Point", "coordinates": [ -0.1196171, 5.6198657 ] } },
{ "type": "Feature", "properties": { "osmid": 10685078124, "element": "node", "name": null, "hub_type": "taxi", "hub_scale": "interchange", "amenity": "taxi", "railway": null, "public_transport": null, "highway": null, "aeroway": null, "building": null, "operator": null, "network": null, "centroid_lat": 5.5885186, "centroid_lon": -0.1802474 }, "geometry": { "type": "Point", "coordinates": [ -0.1802474, 5.5885186 ] } },
{ "type": "Feature", "properties": { "osmid": 11055687226, "element": "node", "name": "Standard Board", "hub_type": "bus", "hub_scale": "stop", "amenity": null, "railway": null, "public_transport": "platform", "highway": "bus_stop", "aeroway": null, "building": null, "operator": null, "network": null, "centroid_lat": 5.6308258, "centroid_lon": -0.1765926 }, "geometry": { "type": "Point", "coordinates": [ -0.1765926, 5.6308258 ] } },
{ "type": "Feature", "properties": { "osmid": 11059415712, "element": "node", "name": null, "hub_type": "bus", "hub_scale": "interchange", "amenity": "bus_station", "railway": null, "public_transport": "station", "highway": null, "aeroway": null, "building": null, "operator": null, "network": null, "centroid_lat": 5.5499868, "centroid_lon": -0.2040285 }, "geometry": { "type": "Point", "coordinates": [ -0.2040285, 5.5499868 ] } },
{ "type": "Feature", "properties": { "osmid": 11059485708, "element": "node", "name": null, "hub_type": "bus", "hub_scale": "stop", "amenity": null, "railway": null, "public_transport": "platform", "highway": "bus_stop", "aeroway": null, "building": null, "operator": null, "network": null, "centroid_lat": 5.5482632, "centroid_lon": -0.204257 }, "geometry": { "type": "Point", "coordinates": [ -0.204257, 5.5482632 ] } },
{ "type": "Feature", "properties": { "osmid": 11081614524, "element": "node", "name": "Telephone pole", "hub_type": "bus", "hub_scale": "stop", "amenity": null, "railway": null, "public_transport": null, "highway": "bus_stop", "aeroway": null, "building": null, "operator": null, "network": null, "centroid_lat": 5.5894255, "centroid_lon": -0.1310137 }, "geometry": { "type": "Point", "coordinates": [ -0.1310137, 5.5894255 ] } },
{ "type": "Feature", "properties": { "osmid": 11081639199, "element": "node", "name": "Washing Bay", "hub_type": "bus", "hub_scale": "stop", "amenity": null, "railway": null, "public_transport": null, "highway": "bus_stop", "aeroway": null, "building": null, "operator": null, "network": null, "centroid_lat": 5.5878455, "centroid_lon": -0.1309994 }, "geometry": { "type": "Point", "coordinates": [ -0.1309994, 5.5878455 ] } },
{ "type": "Feature", "properties": { "osmid": 11159893475, "element": "node", "name": "Kufour Station", "hub_type": "bus", "hub_scale": "stop", "amenity": null, "railway": null, "public_transport": "platform", "highway": "bus_stop", "aeroway": null, "building": null, "operator": null, "network": null, "centroid_lat": 5.5498501, "centroid_lon": -0.2033396 }, "geometry": { "type": "Point", "coordinates": [ -0.2033396, 5.5498501 ] } },
{ "type": "Feature", "properties": { "osmid": 11303206724, "element": "node", "name": "Legon 2nd Bus Stop", "hub_type": "bus", "hub_scale": "stop", "amenity": null, "railway": null, "public_transport": "platform", "highway": "bus_stop", "aeroway": null, "building": null, "operator": null, "network": null, "centroid_lat": 5.6517112, "centroid_lon": -0.1800313 }, "geometry": { "type": "Point", "coordinates": [ -0.1800313, 5.6517112 ] } },
{ "type": "Feature", "properties": { "osmid": 12401164501, "element": "node", "name": "SONEF Accra", "hub_type": "bus", "hub_scale": "interchange", "amenity": "bus_station", "railway": null, "public_transport": null, "highway": null, "aeroway": null, "building": null, "operator": null, "network": null, "centroid_lat": 5.5535522, "centroid_lon": -0.2241515 }, "geometry": { "type": "Point", "coordinates": [ -0.2241515, 5.5535522 ] } },
{ "type": "Feature", "properties": { "osmid": 12529403214, "element": "node", "name": "Komanko", "hub_type": "bus", "hub_scale": "stop", "amenity": null, "railway": null, "public_transport": null, "highway": "bus_stop", "aeroway": null, "building": null, "operator": null, "network": null, "centroid_lat": 5.5457007, "centroid_lon": -0.2553704 }, "geometry": { "type": "Point", "coordinates": [ -0.2553704, 5.5457007 ] } },
{ "type": "Feature", "properties": { "osmid": 12529403215, "element": "node", "name": "J&J", "hub_type": "bus", "hub_scale": "stop", "amenity": null, "railway": null, "public_transport": null, "highway": "bus_stop", "aeroway": null, "building": null, "operator": null, "network": null, "centroid_lat": 5.5463345, "centroid_lon": -0.2553513 }, "geometry": { "type": "Point", "coordinates": [ -0.2553513, 5.5463345 ] } },
{ "type": "Feature", "properties": { "osmid": 12733233190, "element": "node", "name": "Tse Addo 'Last Stop'", "hub_type": "bus", "hub_scale": "stop", "amenity": null, "railway": null, "public_transport": "platform", "highway": "bus_stop", "aeroway": null, "building": null, "operator": null, "network": null, "centroid_lat": 5.5877576, "centroid_lon": -0.1385421 }, "geometry": { "type": "Point", "coordinates": [ -0.1385421, 5.5877576 ] } },
{ "type": "Feature", "properties": { "osmid": 13207457581, "element": "node", "name": "Number One Ravico", "hub_type": "bus", "hub_scale": "stop", "amenity": null, "railway": null, "public_transport": "platform", "highway": "bus_stop", "aeroway": null, "building": null, "operator": null, "network": null, "centroid_lat": 5.610884, "centroid_lon": -0.0763873 }, "geometry": { "type": "Point", "coordinates": [ -0.0763873, 5.610884 ] } },
{ "type": "Feature", "properties": { "osmid": 13207465114, "element": "node", "name": "Jehovah Witness", "hub_type": "bus", "hub_scale": "stop", "amenity": null, "railway": null, "public_transport": "platform", "highway": "bus_stop", "aeroway": null, "building": null, "operator": null, "network": null, "centroid_lat": 5.6145397, "centroid_lon": -0.0700945 }, "geometry": { "type": "Point", "coordinates": [ -0.0700945, 5.6145397 ] } },
{ "type": "Feature", "properties": { "osmid": 13207465115, "element": "node", "name": "Barrier", "hub_type": "bus", "hub_scale": "stop", "amenity": null, "railway": null, "public_transport": "platform", "highway": "bus_stop", "aeroway": null, "building": null, "operator": null, "network": null, "centroid_lat": 5.614458, "centroid_lon": -0.0738724 }, "geometry": { "type": "Point", "coordinates": [ -0.0738724, 5.614458 ] } },
{ "type": "Feature", "properties": { "osmid": 13207465116, "element": "node", "name": "Ravico", "hub_type": "bus", "hub_scale": "stop", "amenity": null, "railway": null, "public_transport": "platform", "highway": "bus_stop", "aeroway": null, "building": null, "operator": null, "network": null, "centroid_lat": 5.610226, "centroid_lon": -0.0754807 }, "geometry": { "type": "Point", "coordinates": [ -0.0754807, 5.610226 ] } },
{ "type": "Feature", "properties": { "osmid": 13207465117, "element": "node", "name": "Polo Beach", "hub_type": "bus", "hub_scale": "stop", "amenity": null, "railway": null, "public_transport": "platform", "highway": "bus_stop", "aeroway": null, "building": null, "operator": null, "network": null, "centroid_lat": 5.5648765, "centroid_lon": -0.1367149 }, "geometry": { "type": "Point", "coordinates": [ -0.1367149, 5.5648765 ] } },
{ "type": "Feature", "properties": { "osmid": 13207465118, "element": "node", "name": "Aduanase", "hub_type": "bus", "hub_scale": "stop", "amenity": null, "railway": null, "public_transport": "platform", "highway": "bus_stop", "aeroway": null, "building": null, "operator": null, "network": null, "centroid_lat": 5.558276, "centroid_lon": -0.1615364 }, "geometry": { "type": "Point", "coordinates": [ -0.1615364, 5.558276 ] } },
{ "type": "Feature", "properties": { "osmid": 13207465119, "element": "node", "name": "U Turn", "hub_type": "bus", "hub_scale": "stop", "amenity": null, "railway": null, "public_transport": "platform", "highway": "bus_stop", "aeroway": null, "building": null, "operator": null, "network": null, "centroid_lat": 5.5554802, "centroid_lon": -0.169059 }, "geometry": { "type": "Point", "coordinates": [ -0.169059, 5.5554802 ] } },
{ "type": "Feature", "properties": { "osmid": 13207465120, "element": "node", "name": "KIngdom Bookshop", "hub_type": "bus", "hub_scale": "stop", "amenity": null, "railway": null, "public_transport": "platform", "highway": "bus_stop", "aeroway": null, "building": null, "operator": null, "network": null, "centroid_lat": 5.5542926, "centroid_lon": -0.1727118 }, "geometry": { "type": "Point", "coordinates": [ -0.1727118, 5.5542926 ] } },
{ "type": "Feature", "properties": { "osmid": 13207465130, "element": "node", "name": "Flower Pot", "hub_type": "bus", "hub_scale": "stop", "amenity": null, "railway": null, "public_transport": "platform", "highway": null, "aeroway": null, "building": null, "operator": null, "network": null, "centroid_lat": 5.6310285, "centroid_lon": -0.151693 }, "geometry": { "type": "Point", "coordinates": [ -0.151693, 5.6310285 ] } },
{ "type": "Feature", "properties": { "osmid": 13208907677, "element": "node", "name": "Fatale", "hub_type": "bus", "hub_scale": "stop", "amenity": null, "railway": null, "public_transport": "platform", "highway": "bus_stop", "aeroway": null, "building": null, "operator": null, "network": null, "centroid_lat": 5.5577569, "centroid_lon": -0.2231796 }, "geometry": { "type": "Point", "coordinates": [ -0.2231796, 5.5577569 ] } },
{ "type": "Feature", "properties": { "osmid": 13208907678, "element": "node", "name": "Cocobod", "hub_type": "bus", "hub_scale": "stop", "amenity": null, "railway": null, "public_transport": "platform", "highway": "bus_stop", "aeroway": null, "building": null, "operator": null, "network": null, "centroid_lat": 5.5513422, "centroid_lon": -0.2106582 }, "geometry": { "type": "Point", "coordinates": [ -0.2106582, 5.5513422 ] } },
{ "type": "Feature", "properties": { "osmid": 13208963557, "element": "node", "name": "First Gate", "hub_type": "bus", "hub_scale": "stop", "amenity": null, "railway": null, "public_transport": "platform", "highway": "bus_stop", "aeroway": null, "building": null, "operator": null, "network": null, "centroid_lat": 5.5553641, "centroid_lon": -0.2140971 }, "geometry": { "type": "Point", "coordinates": [ -0.2140971, 5.5553641 ] } },
{ "type": "Feature", "properties": { "osmid": 13602434985, "element": "node", "name": "Mantse 2nd gate", "hub_type": "bus", "hub_scale": "stop", "amenity": null, "railway": null, "public_transport": "platform", "highway": "bus_stop", "aeroway": null, "building": null, "operator": null, "network": null, "centroid_lat": 5.5762007, "centroid_lon": -0.2284645 }, "geometry": { "type": "Point", "coordinates": [ -0.2284645, 5.5762007 ] } },
{ "type": "Feature", "properties": { "osmid": 13723902947, "element": "node", "name": "Premier", "hub_type": "bus", "hub_scale": "stop", "amenity": null, "railway": null, "public_transport": "platform", "highway": "bus_stop", "aeroway": null, "building": null, "operator": null, "network": null, "centroid_lat": 5.5429746, "centroid_lon": -0.2447905 }, "geometry": { "type": "Point", "coordinates": [ -0.2447905, 5.5429746 ] } },
{ "type": "Feature", "properties": { "osmid": 13725086659, "element": "node", "name": "Vulcanizer", "hub_type": "bus", "hub_scale": "stop", "amenity": null, "railway": null, "public_transport": "platform", "highway": "bus_stop", "aeroway": null, "building": null, "operator": null, "network": null, "centroid_lat": 5.5819541, "centroid_lon": -0.244425 }, "geometry": { "type": "Point", "coordinates": [ -0.244425, 5.5819541 ] } },
{ "type": "Feature", "properties": { "osmid": 13725086660, "element": "node", "name": "Factory", "hub_type": "bus", "hub_scale": "stop", "amenity": null, "railway": null, "public_transport": "platform", "highway": "bus_stop", "aeroway": null, "building": null, "operator": null, "network": null, "centroid_lat": 5.5807062, "centroid_lon": -0.2456655 }, "geometry": { "type": "Point", "coordinates": [ -0.2456655, 5.5807062 ] } },
{ "type": "Feature", "properties": { "osmid": 14435106, "element": "relation", "name": null, "hub_type": "rail", "hub_scale": "interchange", "amenity": null, "railway": null, "public_transport": null, "highway": null, "aeroway": null, "building": "train_station", "operator": null, "network": null, "centroid_lat": 5.5489966, "centroid_lon": -0.2110575 }, "geometry": { "type": "Polygon", "coordinates": [ [ [ -0.2110876, 5.548932 ], [ -0.2113337, 5.5490813 ], [ -0.2112506, 5.5491915 ], [ -0.2110565, 5.5490703 ], [ -0.2110345, 5.5491063 ], [ -0.2109992, 5.5490848 ], [ -0.2109673, 5.5490655 ], [ -0.210988, 5.5490318 ], [ -0.2107892, 5.5489029 ], [ -0.2108589, 5.5487932 ], [ -0.2110876, 5.548932 ] ] ] } },
{ "type": "Feature", "properties": { "osmid": 17914757, "element": "way", "name": "STC Accra Main", "hub_type": "bus", "hub_scale": "interchange", "amenity": "bus_station", "railway": null, "public_transport": "station", "highway": null, "aeroway": null, "building": null, "operator": null, "network": null, "centroid_lat": 5.5642377, "centroid_lon": -0.225062 }, "geometry": { "type": "Polygon", "coordinates": [ [ [ -0.2251879, 5.5629905 ], [ -0.2237717, 5.5642377 ], [ -0.2249648, 5.5654849 ], [ -0.2263381, 5.5642377 ], [ -0.2251879, 5.5629905 ] ] ] } },
{ "type": "Feature", "properties": { "osmid": 167081531, "element": "way", "name": "Accra International Airport", "hub_type": "air", "hub_scale": "interchange", "amenity": null, "railway": null, "public_transport": null, "highway": null, "aeroway": "aerodrome", "building": null, "operator": "Ghana Civil Aviation Authority", "network": null, "centroid_lat": 5.603466, "centroid_lon": -0.1682053 }, "geometry": { "type": "Polygon", "coordinates": [ [ [ -0.1726918, 5.5872779 ], [ -0.174762, 5.5877222 ], [ -0.1746031, 5.5885444 ], [ -0.1748028, 5.5885903 ], [ -0.1751087, 5.5886712 ], [ -0.1751315, 5.5888013 ], [ -0.1751898, 5.5893232 ], [ -0.1752368, 5.5897684 ], [ -0.1755707, 5.5916196 ], [ -0.1757048, 5.5923003 ], [ -0.1757933, 5.5928222 ], [ -0.1763995, 5.5932133 ], [ -0.176771, 5.5937979 ], [ -0.1771103, 5.5943491 ], [ -0.1771371, 5.5951633 ], [ -0.1769628, 5.5956358 ], [ -0.1767898, 5.5961243 ], [ -0.1765215, 5.5964687 ], [ -0.1761568, 5.5969198 ], [ -0.1759023, 5.5972679 ], [ -0.1757524, 5.5973101 ], [ -0.1757705, 5.5982585 ], [ -0.1756337, 5.5986282 ], [ -0.1757839, 5.5986896 ], [ -0.1757008, 5.5999189 ], [ -0.1756606, 5.6007237 ], [ -0.1749015, 5.6018802 ], [ -0.1748277, 5.6018222 ], [ -0.1745955, 5.6021331 ], [ -0.1744049, 5.6023904 ], [ -0.1742014, 5.6027017 ], [ -0.1739614, 5.6032309 ], [ -0.1741726, 5.6032783 ], [ -0.1741961, 5.6037408 ], [ -0.1742718, 5.6039397 ], [ -0.1743027, 5.6040551 ], [ -0.1742685, 5.6041679 ], [ -0.1741719, 5.6042433 ], [ -0.1741042, 5.604296 ], [ -0.1740351, 5.6043547 ], [ -0.1739795, 5.6043761 ], [ -0.1737582, 5.6044168 ], [ -0.1736026, 5.6045563 ], [ -0.1732459, 5.6052977 ], [ -0.173258, 5.6054806 ], [ -0.173378, 5.6055513 ], [ -0.1734692, 5.6055807 ], [ -0.1734739, 5.6058396 ], [ -0.1733948, 5.6058576 ], [ -0.1733163, 5.6059203 ], [ -0.1732137, 5.6059637 ], [ -0.1731279, 5.6060018 ], [ -0.1730843, 5.6060758 ], [ -0.1721435, 5.6084122 ], [ -0.1721381, 5.608513 ], [ -0.1721448, 5.6085944 ], [ -0.1721281, 5.6086538 ], [ -0.1721013, 5.6087205 ], [ -0.1720651, 5.6087666 ], [ -0.1720101, 5.6087892 ], [ -0.1719048, 5.6088133 ], [ -0.1718424, 5.6087986 ], [ -0.1717439, 5.6086998 ], [ -0.1716466, 5.6086211 ], [ -0.1713362, 5.6084963 ], [ -0.1712919, 5.608517 ], [ -0.1712493, 5.608559 ], [ -0.1710518, 5.6087666 ], [ -0.1709788, 5.6086785 ], [ -0.1706207, 5.6088947 ], [ -0.1704289, 5.6086598 ], [ -0.1703878, 5.6086971 ], [ -0.170323, 5.6087559 ], [ -0.1704825, 5.6089361 ], [ -0.1699756, 5.6092324 ], [ -0.1699327, 5.6091376 ], [ -0.1691951, 5.6094192 ], [ -0.168609, 5.6109047 ], [ -0.168679, 5.6109329 ], [ -0.168715, 5.6109474 ], [ -0.1687861, 5.6109821 ], [ -0.1687405, 5.612138 ], [ -0.16861, 5.6125716 ], [ -0.1678972, 5.6137355 ], [ -0.1678914, 5.6138175 ], [ -0.167911, 5.613903 ], [ -0.1681008, 5.6142394 ], [ -0.1681189, 5.6143245 ], [ -0.1681073, 5.6144406 ], [ -0.1680709, 5.6145393 ], [ -0.1680119, 5.6146204 ], [ -0.167925, 5.6146775 ], [ -0.1678419, 5.6147256 ], [ -0.1677798, 5.6148208 ], [ -0.1671321, 5.616488 ], [ -0.1659171, 5.6194719 ], [ -0.1658431, 5.6196221 ], [ -0.1657434, 5.6197541 ], [ -0.1656133, 5.6198613 ], [ -0.1654651, 5.6199518 ], [ -0.1647028, 5.6202592 ], [ -0.1645112, 5.6203237 ], [ -0.1639361, 5.6204679 ], [ -0.1634833, 5.6205629 ], [ -0.1634468, 5.620537 ], [ -0.163416, 5.6204003 ], [ -0.1632258, 5.6204276 ], [ -0.1624292, 5.6204636 ], [ -0.1622683, 5.6204383 ], [ -0.1614837, 5.6202834 ], [ -0.1612423, 5.620218 ], [ -0.1603639, 5.6198136 ], [ -0.1603103, 5.619831 ], [ -0.1602886, 5.61984 ], [ -0.1602533, 5.619805 ], [ -0.1602446, 5.6197529 ], [ -0.1598302, 5.6195801 ], [ -0.1597282, 5.619508 ], [ -0.1596022, 5.6193812 ], [ -0.159511, 5.6191984 ], [ -0.1594466, 5.6189755 ], [ -0.1594493, 5.618798 ], [ -0.1594815, 5.6186538 ], [ -0.1596652, 5.6182814 ], [ -0.1596572, 5.618192 ], [ -0.1596833, 5.6181614 ], [ -0.1597095, 5.6181306 ], [ -0.159747, 5.618128 ], [ -0.1608762, 5.6160632 ], [ -0.1612128, 5.6154319 ], [ -0.1620335, 5.6134152 ], [ -0.1620765, 5.6133085 ], [ -0.1623836, 5.6125797 ], [ -0.1633358, 5.6102868 ], [ -0.1638857, 5.6089694 ], [ -0.1645334, 5.6073945 ], [ -0.1648362, 5.6065308 ], [ -0.1648539, 5.6064802 ], [ -0.1646045, 5.606248 ], [ -0.1637623, 5.6054499 ], [ -0.1624976, 5.6048946 ], [ -0.1622763, 5.6036841 ], [ -0.1621744, 5.6029727 ], [ -0.1621248, 5.6029753 ], [ -0.161984, 5.6021211 ], [ -0.1619048, 5.6016887 ], [ -0.1618351, 5.6013043 ], [ -0.1617104, 5.6004407 ], [ -0.1616098, 5.5999416 ], [ -0.1615562, 5.5996506 ], [ -0.1614462, 5.5991034 ], [ -0.1613389, 5.5985174 ], [ -0.161294, 5.5982051 ], [ -0.1612759, 5.598055 ], [ -0.1612671, 5.5979422 ], [ -0.1612685, 5.5977987 ], [ -0.1612853, 5.5975972 ], [ -0.1613246, 5.5973257 ], [ -0.1614435, 5.5974236 ], [ -0.1614879, 5.5973681 ], [ -0.161532, 5.5973129 ], [ -0.1614013, 5.597158 ], [ -0.1614978, 5.5969672 ], [ -0.1616011, 5.5968123 ], [ -0.1617372, 5.5966562 ], [ -0.1620866, 5.5963672 ], [ -0.1625888, 5.5960135 ], [ -0.1631413, 5.5956325 ], [ -0.1635182, 5.5953722 ], [ -0.163832, 5.5951513 ], [ -0.1639567, 5.5952448 ], [ -0.1640399, 5.5951974 ], [ -0.1644898, 5.5957452 ], [ -0.1690435, 5.5934589 ], [ -0.170396, 5.592647 ], [ -0.1707957, 5.5924071 ], [ -0.1717097, 5.5906266 ], [ -0.1723614, 5.5893526 ], [ -0.1721717, 5.5893052 ], [ -0.1722776, 5.5889174 ], [ -0.1723903, 5.588505 ], [ -0.1729683, 5.5881513 ], [ -0.1729723, 5.58813 ], [ -0.1729569, 5.5881146 ], [ -0.1725076, 5.5878757 ], [ -0.1725291, 5.5877529 ], [ -0.1725934, 5.5877596 ], [ -0.1726918, 5.5872779 ] ] ] } },
{ "type": "Feature", "properties": { "osmid": 238521540, "element": "way", "name": "37 Station", "hub_type": "bus", "hub_scale": "interchange", "amenity": "bus_station", "railway": null, "public_transport": "station", "highway": null, "aeroway": null, "building": null, "operator": null, "network": null, "centroid_lat": 5.5889533, "centroid_lon": -0.1796819 }, "geometry": { "type": "Polygon", "coordinates": [ [ [ -0.1810027, 5.5891152 ], [ -0.1800049, 5.5891392 ], [ -0.1797742, 5.5894355 ], [ -0.178814, 5.5890485 ], [ -0.1789134, 5.5885101 ], [ -0.1803322, 5.5887971 ], [ -0.1806043, 5.5888544 ], [ -0.1810027, 5.5891152 ] ] ] } },
{ "type": "Feature", "properties": { "osmid": 292612659, "element": "way", "name": "Circle Trotro Station", "hub_type": "bus", "hub_scale": "interchange", "amenity": null, "railway": null, "public_transport": "station", "highway": null, "aeroway": null, "building": null, "operator": null, "network": null, "centroid_lat": 5.5697843, "centroid_lon": -0.2168196 }, "geometry": { "type": "Polygon", "coordinates": [ [ [ -0.2177416, 5.5698408 ], [ -0.2166524, 5.570176 ], [ -0.2158906, 5.5703054 ], [ -0.2158491, 5.570164 ], [ -0.2158959, 5.5699344 ], [ -0.2161508, 5.5697289 ], [ -0.2164243, 5.5695487 ], [ -0.2175407, 5.569197 ], [ -0.2175673, 5.5692809 ], [ -0.2177416, 5.5698408 ] ] ] } },
{ "type": "Feature", "properties": { "osmid": 298830279, "element": "way", "name": "VIP Bus Terminal", "hub_type": "bus", "hub_scale": "interchange", "amenity": "bus_station", "railway": null, "public_transport": "station", "highway": null, "aeroway": null, "building": null, "operator": null, "network": null, "centroid_lat": 5.5679347, "centroid_lon": -0.2196526 }, "geometry": { "type": "Polygon", "coordinates": [ [ [ -0.2201962, 5.5682487 ], [ -0.2192314, 5.5685104 ], [ -0.2192072, 5.5680846 ], [ -0.2192152, 5.5677215 ], [ -0.2192405, 5.567437 ], [ -0.2200672, 5.5674753 ], [ -0.2201962, 5.5682487 ] ] ] } },
{ "type": "Feature", "properties": { "osmid": 300519834, "element": "way", "name": "Accra Mall Bus Terminal", "hub_type": "bus", "hub_scale": "interchange", "amenity": "bus_station", "railway": null, "public_transport": "station", "highway": null, "aeroway": null, "building": null, "operator": null, "network": null, "centroid_lat": 5.6201736, "centroid_lon": -0.1731319 }, "geometry": { "type": "Polygon", "coordinates": [ [ [ -0.1727532, 5.6204763 ], [ -0.1727736, 5.6201797 ], [ -0.1731394, 5.6197785 ], [ -0.1734138, 5.6197785 ], [ -0.1734205, 5.6204831 ], [ -0.1727532, 5.6204763 ] ] ] } },
{ "type": "Feature", "properties": { "osmid": 304979005, "element": "way", "name": "Metro Mass Transit Limited Station", "hub_type": "bus", "hub_scale": "interchange", "amenity": "bus_station", "railway": null, "public_transport": "station", "highway": null, "aeroway": null, "building": null, "operator": null, "network": null, "centroid_lat": 5.5433033, "centroid_lon": -0.2075302 }, "geometry": { "type": "Polygon", "coordinates": [ [ [ -0.2080173, 5.5434586 ], [ -0.2079809, 5.543209 ], [ -0.2079459, 5.5429695 ], [ -0.2071404, 5.5431033 ], [ -0.2070303, 5.5436452 ], [ -0.2080173, 5.5434586 ] ] ] } },
{ "type": "Feature", "properties": { "osmid": 307125655, "element": "way", "name": "Rawlings Park", "hub_type": "bus", "hub_scale": "interchange", "amenity": "bus_station", "railway": null, "public_transport": "station", "highway": null, "aeroway": null, "building": null, "operator": null, "network": null, "centroid_lat": 5.5456086, "centroid_lon": -0.2082487 }, "geometry": { "type": "Polygon", "coordinates": [ [ [ -0.209796, 5.5456522 ], [ -0.2096674, 5.5449922 ], [ -0.2067014, 5.545565 ], [ -0.20683, 5.5462249 ], [ -0.209796, 5.5456522 ] ] ] } },
{ "type": "Feature", "properties": { "osmid": 352160512, "element": "way", "name": "Tema Station", "hub_type": "bus", "hub_scale": "interchange", "amenity": "bus_station", "railway": null, "public_transport": "station", "highway": null, "aeroway": null, "building": null, "operator": null, "network": null, "centroid_lat": 5.548759, "centroid_lon": -0.2017268 }, "geometry": { "type": "Polygon", "coordinates": [ [ [ -0.2023146, 5.5478489 ], [ -0.2023201, 5.5478455 ], [ -0.2029964, 5.5489265 ], [ -0.2029909, 5.5489299 ], [ -0.2030473, 5.5489506 ], [ -0.2035712, 5.548948 ], [ -0.2034904, 5.5492804 ], [ -0.2029482, 5.5493173 ], [ -0.2015928, 5.5494094 ], [ -0.2007028, 5.5492223 ], [ -0.2000542, 5.5488895 ], [ -0.2004801, 5.548132 ], [ -0.2005564, 5.5481072 ], [ -0.2010644, 5.5483414 ], [ -0.2010603, 5.5483312 ], [ -0.2023105, 5.5478387 ], [ -0.2023146, 5.5478489 ] ] ] } },
{ "type": "Feature", "properties": { "osmid": 356772505, "element": "way", "name": "Bubiashie Taxi Stand", "hub_type": "taxi", "hub_scale": "interchange", "amenity": "taxi", "railway": null, "public_transport": null, "highway": null, "aeroway": null, "building": null, "operator": null, "network": null, "centroid_lat": 5.5799875, "centroid_lon": -0.2397285 }, "geometry": { "type": "Polygon", "coordinates": [ [ [ -0.2397229, 5.580156 ], [ -0.2398831, 5.5799137 ], [ -0.2397444, 5.5798156 ], [ -0.2395688, 5.5800609 ], [ -0.2397229, 5.580156 ] ] ] } },
{ "type": "Feature", "properties": { "osmid": 356777847, "element": "way", "name": "Odornaa Bus station", "hub_type": "bus", "hub_scale": "interchange", "amenity": "bus_station", "railway": null, "public_transport": "station", "highway": null, "aeroway": null, "building": null, "operator": null, "network": null, "centroid_lat": 5.5672977, "centroid_lon": -0.2173034 }, "geometry": { "type": "Polygon", "coordinates": [ [ [ -0.2175018, 5.566892 ], [ -0.2175124, 5.5676981 ], [ -0.217105, 5.5677033 ], [ -0.2170945, 5.5668973 ], [ -0.2175018, 5.566892 ] ] ] } },
{ "type": "Feature", "properties": { "osmid": 356779684, "element": "way", "name": null, "hub_type": "bus", "hub_scale": "interchange", "amenity": "bus_station", "railway": null, "public_transport": "station", "highway": null, "aeroway": null, "building": null, "operator": null, "network": null, "centroid_lat": 5.5678785, "centroid_lon": -0.2156722 }, "geometry": { "type": "Polygon", "coordinates": [ [ [ -0.2157721, 5.5676886 ], [ -0.2154971, 5.5677573 ], [ -0.2155586, 5.5680613 ], [ -0.2157413, 5.5680088 ], [ -0.215746, 5.5680412 ], [ -0.2158505, 5.5680171 ], [ -0.2158174, 5.5678758 ], [ -0.2157721, 5.5676886 ] ] ] } },
{ "type": "Feature", "properties": { "osmid": 369427336, "element": "way", "name": "Terminal 1", "hub_type": "air", "hub_scale": "interchange", "amenity": null, "railway": null, "public_transport": null, "highway": null, "aeroway": "terminal", "building": "yes", "operator": null, "network": null, "centroid_lat": 5.6081975, "centroid_lon": -0.1709112 }, "geometry": { "type": "Polygon", "coordinates": [ [ [ -0.1708969, 5.6085156 ], [ -0.1707079, 5.6084362 ], [ -0.1709399, 5.607863 ], [ -0.1710646, 5.6079124 ], [ -0.1710418, 5.6079724 ], [ -0.1711008, 5.6079991 ], [ -0.1710834, 5.6080418 ], [ -0.1709841, 5.6082954 ], [ -0.1708969, 5.6085156 ] ] ] } },
{ "type": "Feature", "properties": { "osmid": 369427337, "element": "way", "name": "Domestic Arrivals", "hub_type": "air", "hub_scale": "interchange", "amenity": null, "railway": null, "public_transport": null, "highway": null, "aeroway": "terminal", "building": "yes", "operator": null, "network": null, "centroid_lat": 5.6074702, "centroid_lon": -0.1720244 }, "geometry": { "type": "Polygon", "coordinates": [ [ [ -0.1721158, 5.6077298 ], [ -0.1717795, 5.6075977 ], [ -0.1719331, 5.6072106 ], [ -0.1722693, 5.6073427 ], [ -0.1721158, 5.6077298 ] ] ] } },
{ "type": "Feature", "properties": { "osmid": 369427338, "element": "way", "name": "Terminal 2Domestic Departures", "hub_type": "air", "hub_scale": "interchange", "amenity": null, "railway": null, "public_transport": null, "highway": null, "aeroway": "terminal", "building": "yes", "operator": null, "network": null, "centroid_lat": 5.6068975, "centroid_lon": -0.1714223 }, "geometry": { "type": "Polygon", "coordinates": [ [ [ -0.171843, 5.6066063 ], [ -0.1717928, 5.6065854 ], [ -0.1715005, 5.6072797 ], [ -0.1713053, 5.6077434 ], [ -0.1712571, 5.607858 ], [ -0.1708837, 5.6077023 ], [ -0.1709077, 5.6076454 ], [ -0.1709086, 5.6076211 ], [ -0.1709092, 5.6076026 ], [ -0.1709102, 5.6075744 ], [ -0.1709184, 5.607564 ], [ -0.1709761, 5.6074385 ], [ -0.1709493, 5.6073638 ], [ -0.1714384, 5.606203 ], [ -0.1715143, 5.6062347 ], [ -0.1715748, 5.6060912 ], [ -0.1716193, 5.6059854 ], [ -0.172032, 5.6061575 ], [ -0.171843, 5.6066063 ] ] ] } },
{ "type": "Feature", "properties": { "osmid": 388245643, "element": "way", "name": "Accra", "hub_type": "bus", "hub_scale": "stop", "amenity": null, "railway": "platform", "public_transport": "platform", "highway": null, "aeroway": null, "building": null, "operator": null, "network": null, "centroid_lat": 5.5491374, "centroid_lon": -0.2114532 }, "geometry": { "type": "Polygon", "coordinates": [ [ [ -0.2107743, 5.5487033 ], [ -0.2121638, 5.5495549 ], [ -0.2121557, 5.549568 ], [ -0.2121479, 5.5495806 ], [ -0.2113337, 5.5490813 ], [ -0.2110876, 5.548932 ], [ -0.2108589, 5.5487932 ], [ -0.2107581, 5.54873 ], [ -0.2107677, 5.5487146 ], [ -0.2107743, 5.5487033 ] ] ] } },
{ "type": "Feature", "properties": { "osmid": 397552562, "element": "way", "name": "First Junction Taxi Rank", "hub_type": "taxi", "hub_scale": "interchange", "amenity": "taxi", "railway": null, "public_transport": null, "highway": null, "aeroway": null, "building": null, "operator": "G. P. R. T. U.", "network": null, "centroid_lat": 5.5882943, "centroid_lon": -0.0986909 }, "geometry": { "type": "Polygon", "coordinates": [ [ [ -0.0988669, 5.5884016 ], [ -0.0987992, 5.5882928 ], [ -0.0986809, 5.5880846 ], [ -0.0985181, 5.5881897 ], [ -0.0986992, 5.5885004 ], [ -0.0988669, 5.5884016 ] ] ] } },
{ "type": "Feature", "properties": { "osmid": 404426046, "element": "way", "name": null, "hub_type": "bus", "hub_scale": "interchange", "amenity": "bus_station", "railway": null, "public_transport": "station", "highway": null, "aeroway": null, "building": null, "operator": null, "network": null, "centroid_lat": 5.5804216, "centroid_lon": -0.2202194 }, "geometry": { "type": "Polygon", "coordinates": [ [ [ -0.220389, 5.580704 ], [ -0.2203108, 5.5801931 ], [ -0.2202627, 5.5801133 ], [ -0.2201645, 5.5800774 ], [ -0.2200822, 5.5800913 ], [ -0.2201143, 5.5807299 ], [ -0.220389, 5.580704 ] ] ] } },
{ "type": "Feature", "properties": { "osmid": 419698861, "element": "way", "name": "American House Trotro Station", "hub_type": "taxi", "hub_scale": "interchange", "amenity": "taxi", "railway": null, "public_transport": null, "highway": null, "aeroway": null, "building": null, "operator": null, "network": null, "centroid_lat": 5.6487203, "centroid_lon": -0.1508055 }, "geometry": { "type": "Polygon", "coordinates": [ [ [ -0.1512058, 5.649046 ], [ -0.1509337, 5.6481513 ], [ -0.1506255, 5.6482765 ], [ -0.1504496, 5.6486037 ], [ -0.150603, 5.6492275 ], [ -0.1512058, 5.649046 ] ] ] } },
{ "type": "Feature", "properties": { "osmid": 556523820, "element": "way", "name": null, "hub_type": "bus", "hub_scale": "interchange", "amenity": "bus_station", "railway": null, "public_transport": null, "highway": null, "aeroway": null, "building": null, "operator": null, "network": null, "centroid_lat": 5.6666728, "centroid_lon": -0.1779162 }, "geometry": { "type": "Polygon", "coordinates": [ [ [ -0.1777098, 5.6672395 ], [ -0.1777098, 5.6671899 ], [ -0.1775187, 5.6671623 ], [ -0.1774633, 5.6670796 ], [ -0.177563, 5.6665974 ], [ -0.1777014, 5.6661593 ], [ -0.1777402, 5.6658451 ], [ -0.1779396, 5.6659223 ], [ -0.1778835, 5.6661422 ], [ -0.1782594, 5.6662312 ], [ -0.1783622, 5.666524 ], [ -0.1782981, 5.6666915 ], [ -0.1782366, 5.6672408 ], [ -0.1777098, 5.6672395 ] ] ] } },
{ "type": "Feature", "properties": { "osmid": 598559575, "element": "way", "name": "Terminal 3", "hub_type": "air", "hub_scale": "interchange", "amenity": null, "railway": null, "public_transport": null, "highway": null, "aeroway": "terminal", "building": "yes", "operator": null, "network": null, "centroid_lat": 5.6020098, "centroid_lon": -0.1726819 }, "geometry": { "type": "Polygon", "coordinates": [ [ [ -0.1732152, 5.6024603 ], [ -0.1731665, 5.6025757 ], [ -0.1730994, 5.602738 ], [ -0.1729766, 5.6026871 ], [ -0.1729486, 5.6027541 ], [ -0.1728451, 5.6027112 ], [ -0.1723471, 5.6025047 ], [ -0.1721547, 5.6029643 ], [ -0.172128, 5.6029532 ], [ -0.1720756, 5.6030784 ], [ -0.1719082, 5.6034784 ], [ -0.1717447, 5.6034106 ], [ -0.1717591, 5.6033763 ], [ -0.1717785, 5.6033304 ], [ -0.1720133, 5.6027764 ], [ -0.1720327, 5.6027306 ], [ -0.1721759, 5.6023806 ], [ -0.1722659, 5.6021655 ], [ -0.1722852, 5.6021196 ], [ -0.1723415, 5.6019849 ], [ -0.1725195, 5.6015597 ], [ -0.1725387, 5.6015137 ], [ -0.1727721, 5.600956 ], [ -0.1727919, 5.6009087 ], [ -0.1730258, 5.60035 ], [ -0.173045, 5.6003041 ], [ -0.1730559, 5.6002781 ], [ -0.1732161, 5.6003445 ], [ -0.1727787, 5.6013895 ], [ -0.1734211, 5.6016558 ], [ -0.1733871, 5.6017372 ], [ -0.1734989, 5.6017835 ], [ -0.1734778, 5.601839 ], [ -0.1732258, 5.601731 ], [ -0.173046, 5.6021507 ], [ -0.1729598, 5.602352 ], [ -0.1732152, 5.6024603 ] ] ] } },
{ "type": "Feature", "properties": { "osmid": 601596008, "element": "way", "name": null, "hub_type": "bus", "hub_scale": "interchange", "amenity": "bus_station", "railway": null, "public_transport": "station", "highway": null, "aeroway": null, "building": null, "operator": null, "network": null, "centroid_lat": 5.609307, "centroid_lon": -0.2475115 }, "geometry": { "type": "Polygon", "coordinates": [ [ [ -0.2475894, 5.6096368 ], [ -0.2472608, 5.6094886 ], [ -0.2474244, 5.6089414 ], [ -0.2477798, 5.6091977 ], [ -0.2475894, 5.6096368 ] ] ] } },
{ "type": "Feature", "properties": { "osmid": 665263675, "element": "way", "name": "MMT Station", "hub_type": "bus", "hub_scale": "interchange", "amenity": "bus_station", "railway": null, "public_transport": "station", "highway": null, "aeroway": null, "building": null, "operator": null, "network": "Metro Mass Transport", "centroid_lat": 5.5497526, "centroid_lon": -0.2031681 }, "geometry": { "type": "Polygon", "coordinates": [ [ [ -0.2030244, 5.5504753 ], [ -0.2029482, 5.5493173 ], [ -0.2034904, 5.5492804 ], [ -0.2031814, 5.5503632 ], [ -0.2030244, 5.5504753 ] ] ] } },
{ "type": "Feature", "properties": { "osmid": 666916895, "element": "way", "name": null, "hub_type": "rail", "hub_scale": "interchange", "amenity": null, "railway": null, "public_transport": null, "highway": null, "aeroway": null, "building": "train_station", "operator": null, "network": null, "centroid_lat": 5.6198657, "centroid_lon": -0.1196171 }, "geometry": { "type": "Polygon", "coordinates": [ [ [ -0.1197515, 5.6198085 ], [ -0.1197156, 5.6198078 ], [ -0.1197151, 5.6198375 ], [ -0.1196533, 5.6198364 ], [ -0.1196537, 5.6198111 ], [ -0.1195781, 5.6198098 ], [ -0.1195776, 5.6198357 ], [ -0.1194875, 5.6198342 ], [ -0.1194861, 5.6199155 ], [ -0.1195805, 5.6199171 ], [ -0.119581, 5.6198848 ], [ -0.1196471, 5.6198859 ], [ -0.1196465, 5.6199207 ], [ -0.1197161, 5.6199219 ], [ -0.1197169, 5.6198748 ], [ -0.1197503, 5.6198753 ], [ -0.1197515, 5.6198085 ] ] ] } },
{ "type": "Feature", "properties": { "osmid": 666916896, "element": "way", "name": null, "hub_type": "bus", "hub_scale": "stop", "amenity": null, "railway": "platform", "public_transport": "platform", "highway": null, "aeroway": null, "building": null, "operator": null, "network": null, "centroid_lat": 5.6197882, "centroid_lon": -0.1199965 }, "geometry": { "type": "Polygon", "coordinates": [ [ [ -0.1205793, 5.619817 ], [ -0.12058, 5.6197666 ], [ -0.1194882, 5.6197529 ], [ -0.1194875, 5.6198342 ], [ -0.1195776, 5.6198357 ], [ -0.1195781, 5.6198098 ], [ -0.1196537, 5.6198111 ], [ -0.1196533, 5.6198364 ], [ -0.1197151, 5.6198375 ], [ -0.1197156, 5.6198078 ], [ -0.1197515, 5.6198085 ], [ -0.1205793, 5.619817 ] ] ] } },
{ "type": "Feature", "properties": { "osmid": 666919258, "element": "way", "name": null, "hub_type": "bus", "hub_scale": "stop", "amenity": null, "railway": "platform", "public_transport": "platform", "highway": null, "aeroway": null, "building": null, "operator": null, "network": null, "centroid_lat": 5.5653484, "centroid_lon": -0.2190198 }, "geometry": { "type": "Polygon", "coordinates": [ [ [ -0.2189337, 5.5662875 ], [ -0.2188626, 5.5662782 ], [ -0.2189512, 5.5655971 ], [ -0.2189943, 5.5652661 ], [ -0.2191, 5.5644543 ], [ -0.2191059, 5.5644094 ], [ -0.219177, 5.5644187 ], [ -0.2189337, 5.5662875 ] ] ] } },
{ "type": "Feature", "properties": { "osmid": 666919263, "element": "way", "name": "Odo", "hub_type": "rail", "hub_scale": "interchange", "amenity": null, "railway": null, "public_transport": null, "highway": null, "aeroway": null, "building": "train_station", "operator": null, "network": null, "centroid_lat": 5.5654229, "centroid_lon": -0.2189524 }, "geometry": { "type": "Polygon", "coordinates": [ [ [ -0.2189943, 5.5652661 ], [ -0.2189514, 5.5652553 ], [ -0.2189115, 5.5655783 ], [ -0.2189512, 5.5655971 ], [ -0.2189943, 5.5652661 ] ] ] } },
{ "type": "Feature", "properties": { "osmid": 730422527, "element": "way", "name": "Malik Taxi Station", "hub_type": "taxi", "hub_scale": "interchange", "amenity": "taxi", "railway": null, "public_transport": null, "highway": null, "aeroway": null, "building": null, "operator": null, "network": null, "centroid_lat": 5.6189715, "centroid_lon": -0.1148943 }, "geometry": { "type": "Polygon", "coordinates": [ [ [ -0.1150843, 5.6191443 ], [ -0.1150702, 5.6187772 ], [ -0.1146686, 5.6188283 ], [ -0.1147457, 5.6191583 ], [ -0.1150843, 5.6191443 ] ] ] } },
{ "type": "Feature", "properties": { "osmid": 757931703, "element": "way", "name": "OA Travel and Tours", "hub_type": "bus", "hub_scale": "interchange", "amenity": "bus_station", "railway": null, "public_transport": "station", "highway": null, "aeroway": null, "building": null, "operator": null, "network": null, "centroid_lat": 5.5740789, "centroid_lon": -0.2196487 }, "geometry": { "type": "Polygon", "coordinates": [ [ [ -0.2198012, 5.5742429 ], [ -0.2195289, 5.574268 ], [ -0.2194962, 5.5739149 ], [ -0.2197685, 5.5738898 ], [ -0.2198012, 5.5742429 ] ] ] } },
{ "type": "Feature", "properties": { "osmid": 776430803, "element": "way", "name": null, "hub_type": "bus", "hub_scale": "interchange", "amenity": "bus_station", "railway": null, "public_transport": "station", "highway": null, "aeroway": null, "building": null, "operator": null, "network": null, "centroid_lat": 5.5454172, "centroid_lon": -0.2157595 }, "geometry": { "type": "Polygon", "coordinates": [ [ [ -0.2155906, 5.5456956 ], [ -0.2155395, 5.5454539 ], [ -0.2155055, 5.5453062 ], [ -0.2154896, 5.5452292 ], [ -0.2159419, 5.5451403 ], [ -0.2160164, 5.5456137 ], [ -0.2155906, 5.5456956 ] ] ] } },
{ "type": "Feature", "properties": { "osmid": 881747902, "element": "way", "name": "Ayalolo Bus Terminal", "hub_type": "bus", "hub_scale": "interchange", "amenity": "bus_station", "railway": null, "public_transport": "station", "highway": null, "aeroway": null, "building": null, "operator": null, "network": null, "centroid_lat": 5.5500328, "centroid_lon": -0.2047682 }, "geometry": { "type": "Polygon", "coordinates": [ [ [ -0.2055759, 5.5504016 ], [ -0.204102, 5.5505094 ], [ -0.2040658, 5.5504453 ], [ -0.2039444, 5.5498193 ], [ -0.2040256, 5.5496544 ], [ -0.2053848, 5.5495597 ], [ -0.2053861, 5.5496564 ], [ -0.2055202, 5.5496478 ], [ -0.2055759, 5.5504016 ] ] ] } },
{ "type": "Feature", "properties": { "osmid": 1084457374, "element": "way", "name": null, "hub_type": "bus", "hub_scale": "stop", "amenity": null, "railway": "platform", "public_transport": "platform", "highway": null, "aeroway": null, "building": null, "operator": null, "network": null, "centroid_lat": 5.6074911, "centroid_lon": -0.22383 }, "geometry": { "type": "LineString", "coordinates": [ [ -0.223528, 5.6070736 ], [ -0.2235455, 5.6070979 ], [ -0.2241321, 5.6079085 ] ] } },
{ "type": "Feature", "properties": { "osmid": 1084457379, "element": "way", "name": null, "hub_type": "bus", "hub_scale": "stop", "amenity": null, "railway": "platform", "public_transport": "platform", "highway": null, "aeroway": null, "building": null, "operator": null, "network": null, "centroid_lat": 5.5491415, "centroid_lon": -0.2114616 }, "geometry": { "type": "LineString", "coordinates": [ [ -0.2121557, 5.549568 ], [ -0.2110958, 5.5489169 ], [ -0.2107677, 5.5487146 ] ] } },
{ "type": "Feature", "properties": { "osmid": 1210036876, "element": "way", "name": "International Arrivals", "hub_type": "air", "hub_scale": "interchange", "amenity": null, "railway": null, "public_transport": null, "highway": null, "aeroway": "terminal", "building": "roof", "operator": null, "network": null, "centroid_lat": 5.6020962, "centroid_lon": -0.1732194 }, "geometry": { "type": "Polygon", "coordinates": [ [ [ -0.1734778, 5.601839 ], [ -0.1732539, 5.6023688 ], [ -0.1732221, 5.6024441 ], [ -0.1732152, 5.6024603 ], [ -0.1729598, 5.602352 ], [ -0.173046, 5.6021507 ], [ -0.1732258, 5.601731 ], [ -0.1734778, 5.601839 ] ] ] } },
{ "type": "Feature", "properties": { "osmid": 1229963547, "element": "way", "name": "Legon Hospital Bus Station", "hub_type": "bus", "hub_scale": "interchange", "amenity": "bus_station", "railway": null, "public_transport": "station", "highway": null, "aeroway": null, "building": null, "operator": null, "network": null, "centroid_lat": 5.6495233, "centroid_lon": -0.1791799 }, "geometry": { "type": "Polygon", "coordinates": [ [ [ -0.1793372, 5.6491496 ], [ -0.1788683, 5.6491928 ], [ -0.1788058, 5.6493442 ], [ -0.1791307, 5.6499146 ], [ -0.1795209, 5.6499081 ], [ -0.1793372, 5.6491496 ] ] ] } }
]
}
